gene_name	CN_high	n_cells_high	median_SCT_count_high	mean_SCT_count_high	CN_low	n_cells_low	median_SCT_count_low	mean_SCT_count_low	mean_expected_high	log10_abs_diff	highlight
B2M	5	16	1835	2897.625	3	59	3224	3694.52542372881	6157.54237288136	3.51320659241259	TRUE
FOS	5	16	182.5	1347.6875	2	32	1271	1761.25	4403.125	3.48507340450725	TRUE
RPLP1	5	15	6803	7057	4	32	3961	3708.8125	4636.015625	3.38399198652014	TRUE
RPS27	6	19	4083	4130.15789473684	4	47	4397	4337.10638297872	6505.65957446809	3.37575534184752	TRUE
RPLP1	5	15	6803	7057	3	72	2634.5	2815.44444444444	4692.40740740741	3.37375632476494	TRUE
RBM25	5	16	146	208.9375	3	40	179	1518.45	2530.75	3.36582714498772	TRUE
B2M	5	16	1835	2897.625	4	50	2272.5	3985.22	4981.525	3.31887687466098	TRUE
UBB	3	29	3587	3238.68965517241	2	97	3781	3507.37113402062	5261.05670103093	3.30585997990213	TRUE
FOS	4	41	149	1568.85365853659	2	32	1271	1761.25	3522.5	3.29084594840422	TRUE
RBM25	4	41	104	224.19512195122	3	40	179	1518.45	2024.6	3.25537018095318	TRUE
COL1A1	2	96	1391	2811.22916666667	1	34	389	595.176470588235	1190.35294117647	3.2097498522088	TRUE
COL16A1	3	47	37	1784.85106382979	2	82	61	127.841463414634	191.762195121951	3.2022400031162	TRUE
SRSF11	3	49	471	2054.08163265306	2	80	267.5	351.725	527.5875	3.18369513935116	TRUE
COL11A1	3	17	757	2394.47058823529	2	112	479	639.151785714286	958.727678571428	3.15707668021947	TRUE
RPS27	6	19	4083	4130.15789473684	3	43	3168	2775.86046511628	5551.72093023256	3.15276612210665	TRUE
TMSB10	3	83	1384	1527.73493975904	2	38	1731	1946.21052631579	2919.31578947368	3.14350844355897	TRUE
RPL7	6	65	9748	10948.6	5	56	9454.5	10188.2142857143	12225.8571428571	3.10627834008381	TRUE
SON	3	11	858	1617.18181818182	1	14	67	117.571428571429	352.714285714286	3.10190768251299	TRUE
FOS	3	40	18	1412.175	2	32	1271	1761.25	2641.875	3.08979917303616	TRUE
RBM25	3	40	179	1518.45	2	32	71.5	210.34375	315.515625	3.08024193544228	TRUE
RPL5	3	49	1873	1848.77551020408	2	80	1940	1990.8875	2986.33125	3.05597268611394	TRUE
KLF6	2	92	149.5	680.663043478261	1	38	330	898.526315789474	1797.05263157895	3.04781577743008	TRUE
RPL31	5	26	3395	3647.07692307692	4	90	3967.5	3805.48888888889	4756.86111111111	3.04523853278809	TRUE
EIF3E	7	11	1705	1557.90909090909	5	45	1941	1887.57777777778	2642.60888888889	3.03530955927152	TRUE
SON	3	11	858	1617.18181818182	2	105	207	363.447619047619	545.171428571429	3.03019899443193	TRUE
CTHRC1	6	70	1383.5	1833.71428571429	5	45	1738	2382.73333333333	2859.28	3.01096349350722	FALSE
FOS	5	16	182.5	1347.6875	3	40	18	1412.175	2353.625	3.00257099836571	FALSE
RPL4	5	14	2875	2935.35714285714	3	56	1098	1161.58928571429	1935.98214285714	2.99972848109031	FALSE
COL3A1	2	113	1437	2117.44247787611	1	15	456	563.733333333333	1127.46666666667	2.99562458329795	FALSE
ANXA2	5	14	1412	1682.85714285714	4	53	476	558	697.5	2.99359366913697	FALSE
HSP90AA1	4	52	1889.5	2895.13461538462	3	54	1068	1439.53703703704	1919.38271604938	2.98933940532352	FALSE
PRRC2C	6	19	175	385.105263157895	3	43	170	672.46511627907	1344.93023255814	2.98219204371235	FALSE
TSC22D1	3	41	314	720	1	10	283.5	559.9	1679.7	2.98213549480377	FALSE
B2M	4	50	2272.5	3985.22	3	59	3224	3694.52542372881	4926.03389830508	2.97350372445551	FALSE
SOSTDC1	5	90	93.5	352.566666666667	4	28	710	1005.67857142857	1257.09821428571	2.95642371847935	FALSE
JUN	3	49	363	1379.42857142857	2	80	589.5	1500.075	2250.1125	2.93986052815405	FALSE
RPL39	2	34	944	1056.70588235294	1	95	949	957.389473684211	1914.77894736842	2.93352426964594	FALSE
POSTN	3	41	674	799.414634146341	2	74	755	1098.60810810811	1647.91216216216	2.92865058139659	FALSE
S100A4	6	19	696	818.315789473684	4	47	685	1072.8085106383	1609.21276595745	2.898119915282	FALSE
S100A4	4	47	685	1072.8085106383	3	43	81	214.348837209302	285.798449612403	2.89598028435411	FALSE
CRABP2	6	19	1804	1887.73684210526	3	43	1273	1336.53488372093	2673.06976744186	2.89505380577047	FALSE
POSTN	2	74	755	1098.60810810811	1	10	94.5	177.8	355.6	2.87099355304375	FALSE
GAS5	6	19	1420	1561.47368421053	3	43	1140	1141.27906976744	2282.55813953488	2.85798613342028	FALSE
HSP90AA1	5	17	2110	2901.29411764706	4	52	1889.5	2895.13461538462	3618.91826923077	2.85589704642822	FALSE
SERF2	4	50	3002	2778.98	3	59	2582	2593.03389830508	3457.37853107345	2.8314848988781	FALSE
SERF2	5	16	3620	3653.25	3	59	2582	2593.03389830508	4321.72316384181	2.82508397699911	FALSE
OST4	4	11	236	198.090909090909	2	36	378	431.555555555556	863.111111111111	2.82283483852511	FALSE
CTHRC1	7	11	2064	2794.36363636364	6	70	1383.5	1833.71428571429	2139.33333333333	2.81626139180007	FALSE
RPS27	4	47	4397	4337.10638297872	3	43	3168	2775.86046511628	3701.14728682171	2.80342918343997	FALSE
EIF3E	7	11	1705	1557.90909090909	6	70	1928.5	1877.44285714286	2190.35	2.80101995426747	FALSE
RPL11	3	47	810	764.659574468085	2	82	868.5	930.280487804878	1395.42073170732	2.79986494128961	FALSE
RPS29	3	47	727	789.085106382979	2	57	853	944.280701754386	1416.42105263158	2.79750017325412	FALSE
RPS8	3	49	1098	1170.63265306122	2	80	1166	1194.4125	1791.61875	2.79308187700369	FALSE
LAPTM4A	4	11	1295	1087.27272727273	2	36	880.5	853.972222222222	1707.94444444444	2.79286195586371	FALSE
FOS	5	16	182.5	1347.6875	4	41	149	1568.85365853659	1961.06707317073	2.78772930896804	FALSE
PDIA3	5	16	1681.5	1631.0625	4	50	823.5	816.06	1020.075	2.78603232524001	FALSE
MAGEA4	2	33	0	47.5454545454545	1	95	244	324.494736842105	648.989473684211	2.77919521054444	FALSE
DNM3OS	6	19	412	597.736842105263	3	43	538	597.348837209302	1194.6976744186	2.77594583721277	FALSE
PRRC2C	4	47	250	303.893617021277	3	43	170	672.46511627907	896.62015503876	2.77285437224752	FALSE
SPARC	3	41	566	832.09756097561	2	89	597	942.426966292135	1413.6404494382	2.76458174922059	FALSE
ANXA2	5	14	1412	1682.85714285714	3	56	441	665.446428571429	1109.07738095238	2.75874522594537	FALSE
DLK1	4	52	1356	2251.71153846154	3	54	753	1268.55555555556	1691.40740740741	2.7484238244797	FALSE
RPL4	4	53	1934	2106.64150943396	3	56	1098	1161.58928571429	1548.78571428571	2.74652194899991	FALSE
COL14A1	7	23	313	446.565217391304	5	24	331.5	716.666666666667	1003.33333333333	2.74567435687026	FALSE
RPL31	5	26	3395	3647.07692307692	3	10	2423.5	2519	4198.33333333333	2.74135365267599	FALSE
RPS15A	4	16	920.5	854.8125	2	41	680	701.341463414634	1402.68292682927	2.73867785854479	FALSE
CTHRC1	7	11	2064	2794.36363636364	5	45	1738	2382.73333333333	3335.82666666667	2.73356880946826	FALSE
DNMT3A	4	11	99	636.818181818182	2	36	26.5	49.8333333333333	99.6666666666667	2.73009680509042	FALSE
DLK1	5	17	1353	2283.23529411765	4	52	1356	2251.71153846154	2814.63942307692	2.72542492451397	FALSE
LMNA	6	19	204	340.263157894737	3	43	262	435.674418604651	871.348837209302	2.72516459085895	FALSE
GAS5	6	19	1420	1561.47368421053	4	47	1195	1390.82978723404	2086.24468085106	2.71996982418192	FALSE
DNMT3A	4	11	99	636.818181818182	3	83	9	96.1807228915663	128.240963855422	2.70635690178019	FALSE
RPS3A	3	49	2451	2401.30612244898	2	79	1920	1936.91139240506	2905.36708860759	2.70248306752686	FALSE
RPS15A	4	16	920.5	854.8125	3	73	915	1018.98630136986	1358.64840182648	2.7022891107794	FALSE
HSP90AA1	5	17	2110	2901.29411764706	3	54	1068	1439.53703703704	2399.22839506173	2.70076057190172	FALSE
RPS29	4	24	1481	1552.875	3	47	727	789.085106382979	1052.1134751773	2.69963095319139	FALSE
YWHAZ	7	11	857	777.727272727273	5	45	997	907.533333333333	1270.54666666667	2.69268779029908	FALSE
RPS27A	3	83	2455	2421.09638554217	2	38	1744.5	1933.18421052632	2899.77631578947	2.68004521907257	FALSE
RPL31	4	90	3967.5	3805.48888888889	3	10	2423.5	2519	3358.66666666667	2.65013476414924	FALSE
MYL12A	6	58	664.5	816.241379310345	4	33	741	837	1255.5	2.6427202935167	FALSE
RPL30	7	11	1969	2076.18181818182	5	45	1690	1791.28888888889	2507.80444444444	2.63510420293266	FALSE
HMGB1	3	41	559	719.243902439024	1	10	419	383.6	1150.8	2.63503725724163	FALSE
SF3B6	4	11	205	356.454545454545	2	36	328	392.472222222222	784.944444444444	2.6319405885354	FALSE
CCT8	3	11	5	46	1	14	0.5	155.428571428571	466.285714285714	2.62354462837725	FALSE
MYL12A	5	34	594	636.323529411765	4	33	741	837	1046.25	2.61270596334998	FALSE
PDIA3	5	16	1681.5	1631.0625	3	59	661	732.830508474576	1221.38418079096	2.61244298104608	FALSE
HSPH1	3	41	196	312.243902439024	1	10	239	240.1	720.3	2.61071987188022	FALSE
RPS23	3	20	1429.5	1677.4	2	96	882.5	847.489583333333	1271.234375	2.60870316499559	FALSE
RSL1D1	4	16	330.5	440.6875	2	41	405	423.390243902439	846.780487804878	2.60862549039144	FALSE
DDIT4	2	95	385	741.926315789474	1	35	1	169.828571428571	339.657142857143	2.6045167525853	FALSE
YWHAQ	4	11	31	71.7272727272727	2	36	166	235.527777777778	471.055555555556	2.60133007062826	FALSE
SRP14	4	50	1137	1138.62	3	59	1095	1153.35593220339	1537.80790960452	2.60117737912947	FALSE
PABPC1	7	11	1462	1607	5	45	814	866.622222222222	1213.27111111111	2.59519728124882	FALSE
GPC3	2	34	512.5	556.764705882353	1	95	0	81.9157894736842	163.831578947368	2.59431864433381	FALSE
RPL21	3	41	1981	2161.75609756098	2	74	1585	1701.13513513514	2551.7027027027	2.5910051437448	FALSE
S100A4	6	19	696	818.315789473684	3	43	81	214.348837209302	428.697674418605	2.59063914093134	FALSE
MRPS21	8	20	723.5	766.1	3	52	380	433.153846153846	1155.07692307692	2.5899238366017	FALSE
SSR4	2	33	315	326	1	95	232	357.242105263158	714.484210526316	2.58937337211854	FALSE
EIF3E	6	70	1928.5	1877.44285714286	5	45	1941	1887.57777777778	2265.09333333333	2.5884403217939	FALSE
PSMB4	7	13	177	199.615384615385	3	52	174	251.596153846154	587.057692307692	2.58820704280043	FALSE
TSC22D1	2	74	374.5	734.445945945946	1	10	283.5	559.9	1119.8	2.58585993226985	FALSE
GOLGA8B	5	16	92.5	162.5	4	50	74	437.92	547.4	2.58534791109459	FALSE
TSC22D1	3	41	314	720	2	74	374.5	734.445945945946	1101.66891891892	2.58168679476281	FALSE
EIF5	5	17	403	569.764705882353	3	54	33	117.111111111111	195.185185185185	2.57354402960265	FALSE
TMED10	5	16	729.5	759.3125	2	32	408	453.46875	1133.671875	2.57328871354202	FALSE
TMED10	3	40	241.5	308.675	2	32	408	453.46875	680.203125	2.56999169580848	FALSE
RPS23	3	20	1429.5	1677.4	1	14	430	436.785714285714	1310.35714285714	2.56471677687872	FALSE
RPS7	4	11	1172	887.090909090909	3	83	996	939.795180722892	1253.06024096386	2.56344469316381	FALSE
LMNA	6	19	204	340.263157894737	4	47	336	465.085106382979	697.627659574468	2.55311141025613	FALSE
PIK3R1	3	20	275	373.1	1	14	0	5.85714285714286	17.5714285714286	2.55087450778074	FALSE
TMED10	4	41	417	552.780487804878	2	32	408	453.46875	906.9375	2.54919584511083	FALSE
CRABP2	6	19	1804	1887.73684210526	4	47	1230	1494.55319148936	2241.82978723404	2.54911727405502	FALSE
SLIRP	5	16	334.5	419.4375	2	32	291	309.15625	772.890625	2.54833182576039	FALSE
RPS17	5	16	739	843.625	3	71	281	294.802816901408	491.338028169014	2.54689658253255	FALSE
RAD21	7	23	207	266.695652173913	5	24	236	439.416666666667	615.183333333333	2.54218743064337	FALSE
PPIB	4	53	456	510.905660377359	3	56	602	644.285714285714	859.047619047619	2.5417563683599	FALSE
RPL34	3	85	2356	2429	2	41	1911	1849.17073170732	2773.75609756098	2.5375119561058	FALSE
LUC7L3	2	96	213	682.729166666667	1	34	77.5	169.029411764706	338.058823529412	2.53740391652097	FALSE
TNMD	2	34	106.5	433.117647058824	1	95	149	388.768421052632	777.536842105263	2.53708734739964	FALSE
HADHA	4	11	163	419.909090909091	3	83	0	61.4578313253012	81.9437751004016	2.52887213244982	FALSE
RPS29	4	24	1481	1552.875	2	57	853	944.280701754386	1888.56140350877	2.52593375113572	FALSE
DPT	6	19	334	570.842105263158	3	43	0	117.674418604651	235.348837209302	2.52568381011933	FALSE
OST4	4	11	236	198.090909090909	3	83	389	399.240963855422	532.321285140562	2.52404591758386	FALSE
ANXA2	4	53	476	558	3	56	441	665.446428571429	887.261904761905	2.5175414862274	FALSE
ZNF706	7	11	389	515.818181818182	6	70	144	164.428571428571	191.833333333333	2.51052470041252	FALSE
RPL37	3	68	1570	1619.26470588235	2	61	1271	1295	1942.5	2.50951877538124	FALSE
RBM25	5	16	146	208.9375	2	32	71.5	210.34375	525.859375	2.50095221667189	FALSE
PRDX6	6	19	333	404.157894736842	3	43	239	359.744186046512	719.488372093023	2.49876594825485	FALSE
FOS	4	41	149	1568.85365853659	3	40	18	1412.175	1882.9	2.49699373838169	FALSE
RPS17	5	16	739	843.625	4	34	465	425.882352941176	532.352941176471	2.49314013821102	FALSE
RPL30	7	11	1969	2076.18181818182	6	70	2199.5	2044.87142857143	2385.68333333333	2.49066277943152	FALSE
KCTD12	2	54	246.5	395.925925925926	1	76	243	351.539473684211	703.078947368421	2.48735479180062	FALSE
BTF3	3	20	1106	1095.9	2	96	492.5	527.760416666667	791.640625	2.48324396881842	FALSE
SRP14	5	16	1517	1618.3125	3	59	1095	1153.35593220339	1922.25988700565	2.48279841416591	FALSE
COL14A1	6	79	448	556.101265822785	5	24	331.5	716.666666666667	860	2.48272889112635	FALSE
HSBP1	3	67	462	506.268656716418	1	15	236	269.466666666667	808.4	2.48019578157586	FALSE
RPL4	5	14	2875	2935.35714285714	4	53	1934	2106.64150943396	2633.30188679245	2.48008639729121	FALSE
PSME2	4	24	74	92.2083333333333	3	47	85	294.297872340426	392.397163120567	2.47739452784056	FALSE
DAD1	4	24	698.5	753.375	3	47	310	340.68085106383	454.241134751773	2.47586558273335	FALSE
HADHA	4	11	163	419.909090909091	2	36	17	62.6111111111111	125.222222222222	2.46936078402131	FALSE
RCN2	5	15	223	209.933333333333	3	72	233.5	302.763888888889	504.606481481482	2.46934056292017	FALSE
RBMX	2	34	108	225.235294117647	1	95	213	259.105263157895	518.210526315789	2.46683090713112	FALSE
NOP10	5	16	465.5	601.3125	4	50	231.5	247.92	309.9	2.46450817668789	FALSE
YWHAZ	6	70	718	797.9	5	45	997	907.533333333333	1089.04	2.4641018776678	FALSE
SOD1	3	11	7	100.090909090909	2	105	217	260.352380952381	390.528571428571	2.46305293256822	FALSE
CRABP2	4	47	1230	1494.55319148936	3	43	1273	1336.53488372093	1782.04651162791	2.45862775837983	FALSE
ENY2	7	11	878	872.636363636364	6	70	466	503.728571428571	587.683333333333	2.4547732797934	FALSE
HNRNPC	4	24	545	570.125	2	57	439	427.263157894737	854.526315789474	2.45393160133616	FALSE
MORF4L1	5	15	1329	1293.4	4	32	953.5	807.8125	1009.765625	2.45275886391628	FALSE
BTF3	3	20	1106	1095.9	1	14	325	271.571428571429	814.714285714286	2.44899325246271	FALSE
TOMM7	4	91	363	385.384615384615	3	30	476.5	499.733333333333	666.311111111111	2.44859270184007	FALSE
LRRC17	3	31	344	555.451612903226	2	90	103.5	184.011111111111	276.016666666667	2.44628071820137	FALSE
GOLGA8A	5	16	384	519.6875	4	50	226	638.8	798.5	2.44531224058569	FALSE
ILF2	6	19	440	339.684210526316	3	43	229	308.209302325581	616.418604651163	2.44206313908441	FALSE
DUSP1	3	42	1.5	702.404761904762	2	88	16.5	652.352272727273	978.528409090909	2.44110360114375	FALSE
RPL36A	2	34	311	382.5	1	95	307	329.105263157895	658.210526315789	2.440453347294	FALSE
MRPL13	7	23	344	328.391304347826	5	24	369	430.875	603.225	2.43906997780048	FALSE
SRSF10	3	47	19	126.382978723404	2	82	213.5	267.30487804878	400.957317073171	2.43865994574171	FALSE
PSMB4	8	20	320.5	396.7	3	52	174	251.596153846154	670.923076923077	2.43810399953678	FALSE
LAPTM4A	3	83	893	1007.84337349398	2	36	880.5	853.972222222222	1280.95833333333	2.43634548921972	FALSE
POLR2K	7	11	789	894.909090909091	6	70	453.5	533.328571428571	622.216666666667	2.43567307283194	FALSE
SRP9	2	78	294	387.923076923077	1	45	299	330.288888888889	660.577777777778	2.43561298978245	FALSE
SSR2	6	19	1280	1218.21052631579	3	43	680	745.348837209302	1490.6976744186	2.43534602353136	FALSE
COX6C	6	70	1081.5	1122.71428571429	5	45	1106	1162.28888888889	1394.74666666667	2.434620602681	FALSE
TSPAN3	5	15	254	314	3	72	221.5	350.097222222222	583.49537037037	2.43055130889244	FALSE
ZFAS1	4	82	725	844.841463414634	3	41	730	835.536585365854	1114.0487804878	2.43008685986589	FALSE
POSTN	3	41	674	799.414634146341	1	10	94.5	177.8	533.4	2.42490552894003	FALSE
SLC25A5	2	34	407	479.5	1	95	54	107	214	2.42406452541749	FALSE
SDCBP	6	65	355	482.046153846154	5	56	534	618.285714285714	741.942857142857	2.4148007706548	FALSE
LAPTM4A	4	11	1295	1087.27272727273	3	83	893	1007.84337349398	1343.79116465863	2.40911858569419	FALSE
TSPAN3	4	32	154	210.9375	3	72	221.5	350.097222222222	466.796296296296	2.40800035238992	FALSE
COX4I1	3	67	495	507.194029850746	1	15	217	254.2	762.6	2.40723104473857	FALSE
RAB2A	6	65	586	574.553846153846	5	56	660	690.839285714286	829.007142857143	2.40560808197597	FALSE
MMP16	7	11	108	199.909090909091	6	70	254	388.028571428571	452.7	2.40276145172014	FALSE
CPNE3	7	11	154	196.727272727273	5	45	260	321.066666666667	449.493333333333	2.40271875995439	FALSE
MDH1	3	83	374	388.168674698795	2	38	338	427.105263157895	640.657894736842	2.4022428407599	FALSE
MEST	3	31	951	1163.67741935484	2	90	713	941.522222222222	1412.28333333333	2.39551145567198	FALSE
RPS2	4	16	1043	1176.0625	3	73	971	1068.43835616438	1424.58447488584	2.39536479608633	FALSE
OST4	3	83	389	399.240963855422	2	36	378	431.555555555556	647.333333333333	2.39461340697838	FALSE
DNM3OS	4	47	399	548.595744680851	3	43	538	597.348837209302	796.46511627907	2.39422286574452	FALSE
PPIB	5	14	948.5	885.928571428571	4	53	456	510.905660377359	638.632075471698	2.39321796271239	FALSE
DDX3X	2	109	106	164.94495412844	1	16	43	206.0625	412.125	2.39301340849747	FALSE
COA5	5	26	22	94.8461538461538	3	10	56	205.2	342	2.39296737324468	FALSE
SNRPE	4	22	606	601.136363636364	1	37	152	211.72972972973	846.918918918919	2.39055105506231	FALSE
PSMB5	4	24	597.5	588.458333333333	3	47	165	257.595744680851	343.460992907801	2.38916136989602	FALSE
TMED10	5	16	729.5	759.3125	3	40	241.5	308.675	514.458333333333	2.38890749877672	FALSE
STX16	4	82	35.5	78.9512195121951	3	41	23	242.609756097561	323.479674796748	2.38832940437579	FALSE
ATRAID	4	11	275	297.454545454545	2	36	252	270.694444444444	541.388888888889	2.38727294879272	FALSE
UQCRB	7	11	758	699	5	45	557	673.422222222222	942.791111111111	2.38701786672219	FALSE
PDS5B	3	41	50	119.682926829268	2	74	125	241.5	362.25	2.38483184801129	FALSE
PAPOLA	5	17	195	291.058823529412	4	52	319	425.326923076923	531.658653846154	2.38129531671734	FALSE
UBXN4	4	105	226	455.942857142857	3	17	86	162.411764705882	216.549019607843	2.37911296662601	FALSE
MORF4L1	4	32	953.5	807.8125	3	72	779.5	784.958333333333	1046.61111111111	2.3780317965422	FALSE
RPS14	3	41	3891	3776.73170731707	2	89	2266	2358.62921348315	3537.94382022472	2.3780122927154	FALSE
MRPS21	4	36	306.5	339.138888888889	3	52	380	433.153846153846	577.538461538461	2.37730547256107	FALSE
RPL22	3	47	213	244.255319148936	2	82	286	321.085365853659	481.628048780488	2.37543082392431	FALSE
HNRNPC	3	47	315	403.765957446808	2	57	439	427.263157894737	640.894736842105	2.37498426580475	FALSE
ARPP19	5	14	248	328.571428571429	4	53	21	74.7169811320755	93.3962264150943	2.37139152601617	FALSE
EIF5	4	52	183	390.557692307692	3	54	33	117.111111111111	156.148148148148	2.36997529033001	FALSE
GNAS	4	82	1032	1284.03658536585	3	41	511	787.317073170732	1049.75609756098	2.36973611961897	FALSE
RSL24D1	5	14	503.5	655.428571428571	4	53	297	337.056603773585	421.320754716981	2.36941591475615	FALSE
PABPC1	7	11	1462	1607	6	70	1163.5	1178.15714285714	1374.51666666667	2.36639182388914	FALSE
DPT	6	19	334	570.842105263158	4	47	145	225.829787234043	338.744680851064	2.36567032111158	FALSE
NDUFAB1	4	16	99.5	191	2	41	210	211.536585365854	423.073170731707	2.3656249359033	FALSE
ARPP19	5	14	248	328.571428571429	3	56	6	58.2321428571429	97.0535714285714	2.36458449409917	FALSE
RTF1	5	16	59.5	86.3125	4	50	33.5	254.08	317.6	2.36415216183366	FALSE
IGFBP5	2	109	299	500.935779816514	1	16	332	365.5625	731.125	2.36208498165499	FALSE
CNN3	3	17	6	105.294117647059	2	112	157.5	221.151785714286	331.727678571429	2.35494079638578	FALSE
PSME2	4	24	74	92.2083333333333	2	57	62	159	318	2.35370790930078	FALSE
SEC22B	7	13	3	41.2307692307692	3	52	10.5	114.403846153846	266.942307692308	2.3535537609479	FALSE
RCN2	5	15	223	209.933333333333	4	32	240	348.375	435.46875	2.35321475044967	FALSE
DNM3OS	6	19	412	597.736842105263	4	47	399	548.595744680851	822.893617021277	2.35248501931749	FALSE
HMGCS1	3	68	35	214.294117647059	2	61	168	292.327868852459	438.491803278689	2.3506311251073	FALSE
CCT8	3	11	5	46	2	105	96	179.304761904762	268.957142857143	2.34822139036022	FALSE
CYCS	4	91	316	445.648351648352	3	30	389.5	501.233333333333	668.311111111111	2.3476475869835	FALSE
SUB1	3	68	813	820.279411764706	2	61	663	694.508196721311	1041.76229508197	2.34534016862636	FALSE
ERH	5	16	477	567.9375	2	32	287	315.65625	789.140625	2.34479125807872	FALSE
COX6C	7	11	1539	1531	6	70	1081.5	1122.71428571429	1309.83333333333	2.34471967248079	FALSE
SSR2	4	47	674	772.702127659574	3	43	680	745.348837209302	993.798449612403	2.34458151793431	FALSE
RPL36AL	4	24	435	517.708333333333	3	47	205	222.723404255319	296.964539007092	2.34388850329036	FALSE
MMP16	7	11	108	199.909090909091	5	45	257	300.155555555556	420.217777777778	2.34303162191135	FALSE
FLRT2	5	16	108.5	223	3	40	212	265.375	442.291666666667	2.34102212830567	FALSE
MRPS21	7	13	630	791.461538461538	3	52	380	433.153846153846	1010.69230769231	2.34090150770167	FALSE
YWHAQ	4	11	31	71.7272727272727	3	83	168	218.048192771084	290.730923694779	2.34045135493978	FALSE
NCOR1	3	29	93	323	2	97	14	69.8144329896907	104.721649484536	2.33901066324956	FALSE
ITM2A	2	34	2815	3747.38235294118	1	95	1605	1764.83157894737	3529.66315789474	2.33789671997015	FALSE
ZNF706	7	11	389	515.818181818182	5	45	189	213.155555555556	298.417777777778	2.33726034689082	FALSE
DNAJB6	5	37	227	442.351351351351	4	63	117	181.444444444444	226.805555555556	2.33353955639198	FALSE
COX4I1	2	48	263	293.583333333333	1	15	217	254.2	508.4	2.33206797330576	FALSE
ZC3H13	3	41	11	68.1951219512195	1	10	15	93.3	279.9	2.32573086503529	FALSE
TRPS1	7	23	161	327.608695652174	5	24	317.5	383.208333333333	536.491666666667	2.31990303597892	FALSE
CAPZA1	3	17	1	104.117647058824	2	112	178.5	208.517857142857	312.776785714286	2.31943741028293	FALSE
RSL1D1	4	16	330.5	440.6875	3	73	426	486.684931506849	648.913242009132	2.31853441836111	FALSE
CNIH1	5	13	0	103.307692307692	2	30	18.5	124.366666666667	310.916666666667	2.31724612292565	FALSE
HMGB1	3	41	559	719.243902439024	2	74	527	617.513513513514	926.27027027027	2.3160256627242	FALSE
APP	3	11	96	165.545454545455	2	105	130	246.904761904762	370.357142857143	2.31135473757929	FALSE
COL14A1	7	23	313	446.565217391304	6	79	448	556.101265822785	648.784810126582	2.30582323139638	FALSE
SNRPG	3	83	251	265.819277108434	2	38	241.5	311.447368421053	467.171052631579	2.30395546357595	FALSE
RPS7	4	11	1172	887.090909090909	2	36	521	544.027777777778	1088.05555555556	2.30311966341174	FALSE
TMED3	5	15	336	412.733333333333	4	32	122.5	169.5	211.875	2.30288985471646	FALSE
OGT	2	34	67.5	204.529411764706	1	95	117	202.347368421053	404.694736842105	2.30138884621109	FALSE
PAPOLA	5	17	195	291.058823529412	3	54	304.5	294.481481481481	490.802469135802	2.3004729721063	FALSE
TCF12	5	14	4	117.714285714286	3	56	125.5	190.339285714286	317.232142857143	2.29998177175982	FALSE
CCT7	3	83	42	84.3614457831325	2	38	148	188.710526315789	283.065789473684	2.29820736092068	FALSE
MRPS21	7	13	630	791.461538461538	4	36	306.5	339.138888888889	593.493055555556	2.29659605496093	FALSE
CNIH1	5	13	0	103.307692307692	4	42	137.5	240.690476190476	300.863095238095	2.29568891167261	FALSE
SEC22B	8	20	102.5	107.6	3	52	10.5	114.403846153846	305.076923076923	2.29551635178061	FALSE
RBM25	4	41	104	224.19512195122	2	32	71.5	210.34375	420.6875	2.29334570872897	FALSE
GOLGA8B	5	16	92.5	162.5	3	59	105	215.169491525424	358.61581920904	2.29251262639651	FALSE
POGZ	8	20	66.5	166.3	3	52	11	135.788461538462	362.102564102564	2.29181837474139	FALSE
RHOB	4	11	0	42.8181818181818	2	36	33	118.972222222222	237.944444444444	2.29031572631952	FALSE
SRP14	5	16	1517	1618.3125	4	50	1137	1138.62	1423.275	2.29011812150255	FALSE
SF3B6	3	83	360	395.277108433735	2	36	328	392.472222222222	588.708333333333	2.28652658198586	FALSE
ZNF106	5	16	53.5	178.75	4	50	159	297.68	372.1	2.28634417640908	FALSE
PSMB5	3	47	165	257.595744680851	2	57	259	300.157894736842	450.236842105263	2.28474894364339	FALSE
NDUFA4	5	90	496	477.533333333333	4	28	498.5	535.714285714286	669.642857142857	2.28354889549885	FALSE
RPL21	2	74	1585	1701.13513513514	1	10	812.5	755.2	1510.4	2.28043070138267	FALSE
NFKBIA	4	24	63	149.458333333333	2	57	32	169.929824561404	339.859649122807	2.27966994529916	FALSE
WDR61	5	15	91	148.533333333333	3	72	113.5	202.486111111111	337.476851851852	2.27633199855564	FALSE
RBBP6	4	16	41.5	286.25	2	41	0	49.0243902439024	98.0487804878049	2.27462243325543	FALSE
PPIB	5	14	948.5	885.928571428571	3	56	602	644.285714285714	1073.80952380952	2.27388275298419	FALSE
TNPO1	3	20	312.5	385.4	1	14	0	65.8571428571429	197.571428571429	2.27376165539533	FALSE
SREK1	3	20	159.5	240.15	2	96	105.5	285.3125	427.96875	2.27373894583777	FALSE
ENY2	7	11	878	872.636363636364	5	45	424	489.155555555556	684.817777777778	2.27373856629238	FALSE
DCAF13	6	70	207.5	247.942857142857	5	45	226	362.222222222222	434.666666666667	2.27119969923199	FALSE
PPP1CB	4	11	556	587.272727272727	2	36	243.5	386.555555555556	773.111111111111	2.26913541992432	FALSE
N4BP2L2	3	41	166	209.463414634146	2	74	109.5	263.216216216216	394.824324324324	2.26801815216115	FALSE
HSPH1	2	74	170	295.486486486487	1	10	239	240.1	480.2	2.26649866928791	FALSE
MFAP2	3	47	775	888.127659574468	2	82	663	715.158536585366	1072.73780487805	2.26625556412376	FALSE
OXR1	6	70	84	147.442857142857	5	45	220	276.4	331.68	2.26537718998549	FALSE
ERH	3	40	253	289.55	2	32	287	315.65625	473.484375	2.26466290094944	FALSE
HSBP1	2	48	349.5	355	1	15	236	269.466666666667	538.933333333333	2.2646604414235	FALSE
SLIRP	4	41	396	434.926829268293	2	32	291	309.15625	618.3125	2.26336539804462	FALSE
PSMA4	5	15	358	378.733333333333	3	72	279	337.097222222222	561.828703703704	2.26267736315467	FALSE
POGZ	7	13	55	134.461538461538	3	52	11	135.788461538462	316.839743589744	2.26097293729225	FALSE
HMGN1	3	11	141	379	1	14	0	65.7857142857143	197.357142857143	2.25921832449747	FALSE
SRRM2	4	16	92	338	2	41	50	78.8048780487805	157.609756097561	2.2562130457674	FALSE
COX7C	3	20	798.5	842.3	1	14	243	220.785714285714	662.357142857143	2.25513461195025	FALSE
SERF2	5	16	3620	3653.25	4	50	3002	2778.98	3473.725	2.25412493539921	FALSE
SEC22B	7	13	3	41.2307692307692	4	36	108.5	126.083333333333	220.645833333333	2.25385890460528	FALSE
GOLGA8A	4	50	226	638.8	3	59	114	344.610169491525	459.480225988701	2.25362818287216	FALSE
ARGLU1	3	96	217.5	391.09375	2	22	66	141.363636363636	212.045454545455	2.25297019087035	FALSE
ANKRD36B	5	26	5	49.4230769230769	3	10	12	136.4	227.333333333333	2.25020098559928	FALSE
RSL24D1	5	14	503.5	655.428571428571	3	56	262.5	286.607142857143	477.678571428571	2.2498096094018	FALSE
MAP3K2	4	105	24	99.6190476190476	3	17	8	207.882352941176	277.176470588235	2.24933883314099	FALSE
LITAF	4	16	135.5	256.375	2	41	187	216.90243902439	433.80487804878	2.24902675404772	FALSE
RPL7P9	3	17	40	56.5882352941176	2	112	134.5	155.669642857143	233.504464285714	2.24776767371365	FALSE
RHOB	4	11	0	42.8181818181818	3	83	47	164.518072289157	219.357429718875	2.24684127205717	FALSE
ITGB1	2	95	64	144.157894736842	1	35	68	160.285714285714	320.571428571429	2.24653189964057	FALSE
CSDE1	3	17	5	134	2	112	153	206.767857142857	310.151785714286	2.24588705013963	FALSE
COX5B	5	26	417.5	443.076923076923	3	10	398	371.3	618.833333333333	2.24491117373862	FALSE
ERH	4	41	430	455.926829268293	2	32	287	315.65625	631.3125	2.24399410797893	FALSE
QPRT	4	16	318.5	319.375	3	73	77	108.369863013699	144.493150684931	2.24274473714384	FALSE
COX7C	3	20	798.5	842.3	2	96	426.5	445.0625	667.59375	2.24230844185734	FALSE
EIF3H	7	23	964	893.173913043478	5	24	488	513.541666666667	718.958333333333	2.24108699039377	FALSE
SRSF5	5	16	146.5	252.5	4	41	178	341.19512195122	426.493902439024	2.24053402883728	FALSE
MFAP4	3	29	345	454.896551724138	2	97	299	419.154639175258	628.731958762887	2.24013823882974	FALSE
PUM1	3	47	52	311.191489361702	2	82	37.5	91.5731707317073	137.359756097561	2.24012906051028	FALSE
SHC1	6	19	269	368.473684210526	4	47	77	129.872340425532	194.808510638298	2.23971273472883	FALSE
CKS1B	6	19	136	407.052631578947	4	47	276	386.617021276596	579.925531914894	2.23772691833472	FALSE
GLUL	4	71	288	496.591549295775	3	50	73	243.62	324.826666666667	2.23493437696114	FALSE
PHF14	5	90	80	310.877777777778	4	28	47	111.785714285714	139.732142857143	2.23336582690915	FALSE
DCAF13	7	11	330	460.272727272727	6	70	207.5	247.942857142857	289.266666666667	2.23301150244553	FALSE
NPC2	5	16	373	408	2	32	200	231.5	578.75	2.23236071235357	FALSE
SF3B6	4	11	205	356.454545454545	3	83	360	395.277108433735	527.036144578313	2.23193218140351	FALSE
ASH1L	6	19	43	149.157894736842	3	43	7	159.720930232558	319.441860465116	2.2311737558688	FALSE
RAD21	6	79	208	357.189873417722	5	24	236	439.416666666667	527.3	2.23073016774483	FALSE
PRDX1	3	49	263	303.571428571429	2	80	262.5	315.2625	472.89375	2.22871421407027	FALSE
DLK1	5	17	1353	2283.23529411765	3	54	753	1268.55555555556	2114.25925925926	2.22782511486941	FALSE
THBS1	5	16	143	378.25	4	50	101.5	167.42	209.275	2.22782245511553	FALSE
PIK3R1	3	20	275	373.1	2	96	34	136.104166666667	204.15625	2.22774212987404	FALSE
PSMB4	8	20	320.5	396.7	7	13	177	199.615384615385	228.131868131868	2.22677547383564	FALSE
MRPL13	6	79	310	348.493670886076	5	24	369	430.875	517.05	2.22674506446688	FALSE
NR2F2	5	21	24	119	3	23	43	172.478260869565	287.463768115942	2.22650651055271	FALSE
COA5	4	90	65	105.355555555556	3	10	56	205.2	273.6	2.2259407324089	FALSE
SLIRP	3	40	261	296	2	32	291	309.15625	463.734375	2.22462207478838	FALSE
NPC2	4	41	228	295.292682926829	2	32	200	231.5	463	2.22455201129528	FALSE
RTF1	4	50	33.5	254.08	3	59	22	64.8135593220339	86.4180790960452	2.22443443756652	FALSE
CCNI	3	85	153	175.564705882353	2	41	175	227.707317073171	341.560975609756	2.22009832867254	FALSE
CKS1B	6	19	136	407.052631578947	3	43	234	286.46511627907	572.93023255814	2.21978774571156	FALSE
NPC2	3	40	179.5	181.725	2	32	200	231.5	347.25	2.21886359655335	FALSE
HNRNPA2B1	3	78	477	711.435897435897	2	51	427	584.470588235294	876.705882352941	2.21819398745817	FALSE
NOP10	5	16	465.5	601.3125	3	59	225	261.64406779661	436.073446327684	2.21811269909765	FALSE
PRDX6	4	47	280	314.978723404255	3	43	239	359.744186046512	479.658914728682	2.21664136288638	FALSE
TMEM59	3	49	261	345.959183673469	2	80	319.5	339.825	509.7375	2.21425640216736	FALSE
POMP	3	41	359	433.536585365854	1	10	72	90.2	270.6	2.21201861063483	FALSE
LY6E	7	23	406	340.695652173913	5	24	288.5	359.125	502.775	2.20972768050818	FALSE
TNPO1	2	96	107	293.385416666667	1	14	0	65.8571428571429	131.714285714286	2.20863247638497	FALSE
PDIA3	4	50	823.5	816.06	3	59	661	732.830508474576	977.107344632768	2.20695356851713	FALSE
RIT1	4	47	60	87.1702127659574	3	43	1	185.813953488372	247.751937984496	2.20569611947107	FALSE
UQCRC2	4	16	0	96.25	2	41	77	128.365853658537	256.731707317073	2.20542553603053	FALSE
VCAN	2	96	58.5	175.822916666667	1	14	105	168.142857142857	336.285714285714	2.20537435972191	FALSE
DNAJB6	5	37	227	442.351351351351	3	24	138	169.458333333333	282.430555555556	2.20390494224602	FALSE
CCT3	6	19	288	284.526315789474	4	47	308	296.148936170213	444.223404255319	2.20329699832544	FALSE
MCL1	8	20	340	480.6	3	52	150	240.019230769231	640.051282051282	2.20262801549217	FALSE
TTC3	3	11	201	227.909090909091	2	105	174	257.47619047619	386.214285714286	2.19949516652511	FALSE
PDS5B	3	41	50	119.682926829268	1	10	0	92.2	276.6	2.1956701990391	FALSE
ISLR	5	15	121	154.733333333333	3	72	106.5	186.944444444444	311.574074074074	2.19545888475579	FALSE
COMMD6	2	54	82	125.777777777778	1	76	113.5	141.223684210526	282.447368421053	2.19498470867386	FALSE
SAP18	3	41	441	496.268292682927	1	10	168.5	217.6	652.8	2.19460232218968	FALSE
ATRX	2	34	181.5	278.529411764706	1	95	113	217.494736842105	434.989473684211	2.19440349778329	FALSE
MTDH	7	11	263	226.545454545455	6	70	246.5	327.885714285714	382.533333333333	2.19309085232842	FALSE
FLRT2	4	41	131	197.975609756098	3	40	212	265.375	353.833333333333	2.19272832874222	FALSE
CPNE3	7	11	154	196.727272727273	6	70	172	301.657142857143	351.933333333333	2.19090867591945	FALSE
RBBP6	3	73	63	228.315068493151	2	41	0	49.0243902439024	73.5365853658537	2.18971058613636	FALSE
YBX1	3	49	226	273.102040816327	2	80	249.5	285.2	427.8	2.18948458440968	FALSE
SRSF5	5	16	146.5	252.5	2	32	139	162.875	407.1875	2.18945522061366	FALSE
YWHAZ	7	11	857	777.727272727273	6	70	718	797.9	930.883333333333	2.18513418714122	FALSE
SNHG8	3	85	358	458.235294117647	2	41	296	407.024390243902	610.536585365854	2.18270358540823	FALSE
CALM1	5	16	404.5	411.25	3	40	92	156	260	2.17969538332451	FALSE
WDR61	4	32	55.5	118.84375	3	72	113.5	202.486111111111	269.981481481481	2.17937289933955	FALSE
GOLGA8B	4	50	74	437.92	3	59	105	215.169491525424	286.892655367232	2.1790555866837	FALSE
RAD21	7	23	207	266.695652173913	6	79	208	357.189873417722	416.721518987342	2.1761661446946	FALSE
HMGB1	2	74	527	617.513513513514	1	10	419	383.6	767.2	2.17518259453638	FALSE
GGH	6	65	0	241.876923076923	5	56	201	326.232142857143	391.478571428571	2.17493637872952	FALSE
DDR2	6	19	104	177.631578947368	3	43	101	163.209302325581	326.418604651163	2.1725650621849	FALSE
RSL1D1	3	73	426	486.684931506849	2	41	405	423.390243902439	635.085365853658	2.17143517206259	FALSE
NCL	2	109	190	245.422018348624	1	16	178.5	196.25	392.5	2.16754766142198	FALSE
UQCRB	6	70	643	661.714285714286	5	45	557	673.422222222222	808.106666666667	2.16551847428765	FALSE
FLRT2	5	16	108.5	223	2	32	98	147.65625	369.140625	2.16477096036154	FALSE
DGUOK	3	83	129	159.879518072289	2	38	196	203.921052631579	305.881578947368	2.16435898606086	FALSE
ANP32E	8	20	206	226.7	3	52	34	139.75	372.666666666667	2.16425369047246	FALSE
CLK1	2	113	95	287.769911504425	1	15	34	71.0666666666667	142.133333333333	2.16327046634217	FALSE
SEC22B	8	20	102.5	107.6	4	36	108.5	126.083333333333	252.166666666667	2.1600681674291	FALSE
PSMB4	4	36	162.5	190.972222222222	3	52	174	251.596153846154	335.461538461538	2.15983573588255	FALSE
MRPS14	6	19	158	340.684210526316	4	47	107	130.957446808511	196.436170212766	2.15910992174602	FALSE
NDUFAB1	4	16	99.5	191	3	73	253	251.232876712329	334.977168949772	2.15829362969767	FALSE
ZNF106	5	16	53.5	178.75	3	59	92	193.576271186441	322.627118644068	2.15799173183266	FALSE
NDUFS5	3	47	239	306.234042553192	2	82	262	299.329268292683	448.993902439024	2.1546061130379	FALSE
EIF3H	6	79	664	758.126582278481	5	24	488	513.541666666667	616.25	2.1519107180331	FALSE
SRRM2	3	73	126	260.068493150685	2	41	50	78.8048780487805	118.207317073171	2.15186355597675	FALSE
MYC	6	79	83	173.139240506329	5	24	5	26.1666666666667	31.4	2.15149010131393	FALSE
TMED10	4	41	417	552.780487804878	3	40	241.5	308.675	411.566666666667	2.14987720486244	FALSE
TIA1	3	83	106	192.289156626506	2	38	169	221.631578947368	332.447368421053	2.14661854792279	FALSE
QPRT	4	16	318.5	319.375	2	41	27	89.609756097561	179.219512195122	2.14661010728158	FALSE
TPM3	6	19	294	289.526315789474	4	47	239	286.382978723404	429.574468085106	2.14627738339804	FALSE
HMGN2	3	47	558	838.170212765957	2	82	356.5	465.573170731707	698.359756097561	2.14553965426771	FALSE
SNRPE	3	16	489	495.4375	1	37	152	211.72972972973	635.189189189189	2.14535706594029	FALSE
COL5A2	2	113	460	601.185840707965	1	15	123	230.8	461.6	2.14484136660896	FALSE
CALM1	4	41	208	347.512195121951	3	40	92	156	208	2.14461217207329	FALSE
RPS20	6	65	3607	3676.43076923077	5	56	2962	3179.80357142857	3815.76428571429	2.14405559792424	FALSE
DAD1	3	47	310	340.68085106383	2	57	336	319.982456140351	479.973684210526	2.14392877180865	FALSE
ANKRD10	3	96	97.5	257.75	2	22	18.5	79	118.5	2.14379520384577	FALSE
CPE	3	79	106	286.822784810127	2	47	25	98.8936170212766	148.340425531915	2.141394453862	FALSE
MRPS21	8	20	723.5	766.1	7	13	630	791.461538461538	904.527472527472	2.14122228942036	FALSE
PABPC1	6	70	1163.5	1178.15714285714	5	45	814	866.622222222222	1039.94666666667	2.14054096329345	FALSE
RPS2	4	16	1043	1176.0625	2	41	639	656.756097560976	1313.51219512195	2.13814378086918	FALSE
DPY19L4	7	11	61	104.363636363636	5	45	95	172.422222222222	241.391111111111	2.13680765427255	FALSE
SRSF6	4	82	403.5	477.426829268293	3	41	158	255.536585365854	340.715447154472	2.13580467392	FALSE
NR2F2	4	84	34.5	93.4880952380952	3	23	43	172.478260869565	229.971014492754	2.13507830311588	FALSE
AZIN1	7	11	141	184.363636363636	5	45	165	228.577777777778	320.008888888889	2.13240459840601	FALSE
TTC3	3	11	201	227.909090909091	1	14	87	121.142857142857	363.428571428571	2.13200172822899	FALSE
YWHAQ	3	83	168	218.048192771084	2	36	166	235.527777777778	353.291666666667	2.1311163176269	FALSE
POLR2K	7	11	789	894.909090909091	5	45	455	542.755555555556	759.857777777778	2.13049881127734	FALSE
CACYBP	6	19	322	407.210526315789	3	43	114	136.209302325581	272.418604651163	2.12966386488769	FALSE
PSMB4	7	13	177	199.615384615385	4	36	162.5	190.972222222222	334.201388888889	2.12899989954012	FALSE
OSTC	3	85	984	1031.72941176471	2	41	443	598.121951219512	897.182926829268	2.12887235618313	FALSE
CIAO1	5	26	102.5	165.153846153846	3	10	0	18.8	31.3333333333333	2.12652268982896	FALSE
CALD1	3	31	228	254.387096774194	2	90	102	258.511111111111	387.766666666667	2.1250893126206	FALSE
TCF12	4	53	20	120.490566037736	3	56	125.5	190.339285714286	253.785714285714	2.12481434200593	FALSE
SOD1	2	105	217	260.352380952381	1	14	14	63.7142857142857	127.428571428571	2.12360277942778	FALSE
CNIH1	5	13	0	103.307692307692	3	39	115	141.307692307692	235.512820512821	2.12124830165487	FALSE
ZFAND6	4	32	11.5	61.9375	3	72	89	145.138888888889	193.518518518519	2.11919324378225	FALSE
CCT8	2	105	96	179.304761904762	1	14	0.5	155.428571428571	310.857142857143	2.11909871274193	FALSE
SEC11A	5	16	342.5	448.125	4	34	220	253.529411764706	316.911764705882	2.11797764392146	FALSE
HSPH1	3	41	196	312.243902439024	2	74	170	295.486486486487	443.22972972973	2.117224307393	FALSE
RPL36AL	3	47	205	222.723404255319	2	57	184	235.754385964912	353.631578947368	2.11696676735135	FALSE
GAS5	4	47	1195	1390.82978723404	3	43	1140	1141.27906976744	1521.70542635659	2.11685881554052	FALSE
ENO1	3	47	165	343.957446808511	2	82	240.5	316.365853658537	474.548780487805	2.11591435718298	FALSE
HIF1A	4	41	144	162.292682926829	2	32	105	146.3125	292.625	2.11505211629844	FALSE
VCAN	3	20	188.5	374.2	1	14	105	168.142857142857	504.428571428571	2.11470627649408	FALSE
TCEAL4	2	34	78	121.5	1	95	53	125.705263157895	251.410526315789	2.11364434226354	FALSE
SERPINF1	3	29	283	295	2	97	258	283.154639175258	424.731958762887	2.11304697534899	FALSE
TRAM1	6	65	335	390.6	5	56	350.5	433.053571428571	519.664285714286	2.110806082212	FALSE
POMP	2	74	303.5	309.148648648649	1	10	72	90.2	180.4	2.1097426793636	FALSE
OXR1	7	11	152	300.727272727273	6	70	84	147.442857142857	172.016666666667	2.10961433527899	FALSE
YIPF4	4	11	16	243.909090909091	2	36	6	57.6111111111111	115.222222222222	2.10953423340178	FALSE
RPS27L	5	14	271	250.071428571429	3	56	182.5	227.089285714286	378.482142857143	2.10860126174712	FALSE
XPO1	3	83	113	350.746987951807	2	38	46.5	148.236842105263	222.355263157895	2.10853703313972	FALSE
SON	2	105	207	363.447619047619	1	14	67	117.571428571429	235.142857142857	2.10824277508564	FALSE
TBCA	3	20	93	166.4	1	14	1.5	12.7857142857143	38.3571428571429	2.10735535640878	FALSE
AZIN1	6	70	62	147	5	45	165	228.577777777778	274.293333333333	2.1048056591732	FALSE
PPP1CB	3	83	356	452.590361445783	2	36	243.5	386.555555555556	579.833333333333	2.10463380393809	FALSE
N4BP2L2	3	41	166	209.463414634146	1	10	32	111.9	335.7	2.10118523858379	FALSE
SUN1	4	94	21	239.702127659574	3	35	71	85.6	114.133333333333	2.09888172430748	FALSE
NEDD8	3	47	281	272.36170212766	2	57	226	264.964912280702	397.447368421053	2.09720754625346	FALSE
RIT1	6	19	118	247.052631578947	3	43	1	185.813953488372	371.627906976744	2.0954318559363	FALSE
PIK3R1	2	96	34	136.104166666667	1	14	0	5.85714285714286	11.7142857142857	2.09478505217723	FALSE
NEDD8	4	24	549	487.416666666667	3	47	281	272.36170212766	363.148936170213	2.0943583668815	FALSE
SLIRP	5	16	334.5	419.4375	4	41	396	434.926829268293	543.658536585366	2.09419514897511	FALSE
RPS7	3	83	996	939.795180722892	2	36	521	544.027777777778	816.041666666667	2.09255753983639	FALSE
SPARCL1	3	85	653	925.894117647059	2	41	530	534.878048780488	802.317073170732	2.09193780422237	FALSE
KTN1	4	42	119.5	141.404761904762	3	39	106	198.333333333333	264.444444444444	2.09004520191573	FALSE
EID1	5	14	760.5	781.5	4	53	525	527.11320754717	658.891509433962	2.08852054586184	FALSE
HMGN1	3	11	141	379	2	105	117	170.980952380952	256.471428571429	2.08823737006339	FALSE
KDELR2	5	90	391.5	471.077777777778	4	28	409	473.857142857143	592.321428571429	2.08365900502704	FALSE
OTUD6B-AS1	7	11	280	308.090909090909	6	70	106.5	160.514285714286	187.266666666667	2.08215408076517	FALSE
INSIG1	5	37	15	137.837837837838	4	63	31	206.603174603175	258.253968253968	2.08068466700065	FALSE
PSMA4	5	15	358	378.733333333333	4	32	401	399.15625	498.9453125	2.07994774742344	FALSE
PFN1	3	29	553	528.275862068965	2	97	419	432.247422680412	648.371134020619	2.07952590993641	FALSE
TMED3	5	15	336	412.733333333333	3	72	114	175.708333333333	292.847222222222	2.07876887269694	FALSE
C1orf43	6	19	145	269.842105263158	3	43	0	75.1627906976744	150.325581395349	2.07742795322147	FALSE
EIF5B	4	90	262.5	478.977777777778	3	10	191.5	269.6	359.466666666667	2.07740828411194	FALSE
DPY30	4	11	107	93.9090909090909	2	36	107.5	106.166666666667	212.333333333333	2.07344061516885	FALSE
POLR2K	6	70	453.5	533.328571428571	5	45	455	542.755555555556	651.306666666667	2.07180138018486	FALSE
CALM1	5	16	404.5	411.25	2	32	88.5	117.3125	293.28125	2.0717669776453	FALSE
ATRAID	4	11	275	297.454545454545	3	83	280	310.325301204819	413.767068273092	2.06562647567607	FALSE
RIT1	6	19	118	247.052631578947	4	47	60	87.1702127659574	130.755319148936	2.06556967852636	FALSE
TPT1	3	41	1113	1376.63414634146	2	74	744.5	840.297297297297	1260.44594594595	2.06516202509976	FALSE
LMNA	4	47	336	465.085106382979	3	43	262	435.674418604651	580.899224806202	2.06376150567421	FALSE
CCT3	6	19	288	284.526315789474	3	43	137	200.023255813953	400.046511627907	2.06265791647451	FALSE
PNRC2	3	47	26	106.404255319149	2	82	84.5	147.926829268293	221.890243902439	2.06252929634865	FALSE
HP1BP3	3	47	166	343.914893617021	2	82	108.5	152.329268292683	228.493902439024	2.06228479949341	FALSE
THBS1	5	16	143	378.25	3	59	121	157.71186440678	262.853107344633	2.06219411453205	FALSE
PRPF40A	5	25	240	293.24	3	18	210	245.166666666667	408.611111111111	2.06209707523484	FALSE
ILF2	4	47	305	296.127659574468	3	43	229	308.209302325581	410.945736434109	2.06001026839608	FALSE
VPS36	3	41	90	142.317073170732	1	10	1	85.7	257.1	2.05987729454925	FALSE
DDX24	5	17	33	173.588235294118	4	52	17.5	47.3846153846154	59.2307692307692	2.05826452368055	FALSE
MYC	7	23	84	150.565217391304	5	24	5	26.1666666666667	36.6333333333333	2.05664527923882	FALSE
DAD1	4	24	698.5	753.375	2	57	336	319.982456140351	639.964912280702	2.05465168635562	FALSE
TRPS1	6	79	279	346.772151898734	5	24	317.5	383.208333333333	459.85	2.05337753516734	FALSE
CALM1	4	41	208	347.512195121951	2	32	88.5	117.3125	234.625	2.05264468237435	FALSE
HERPUD1	3	75	12	145.786666666667	2	45	0	172.155555555556	258.233333333333	2.05094658587454	FALSE
ANKRD36C	5	26	24.5	72.9230769230769	4	90	44.5	148.2	185.25	2.05048386260489	FALSE
SCFD1	4	24	232	268.916666666667	3	47	47	117.595744680851	156.794326241135	2.04969215458312	FALSE
SUMO1	2	113	130	176.115044247788	1	15	104	143.8	287.6	2.04721626581811	FALSE
FUS	4	16	126	144.3125	2	41	92	127.780487804878	255.560975609756	2.04629406874234	FALSE
TMCO1	6	19	447	563	4	47	413	449.489361702128	674.234042553192	2.04623772097279	FALSE
SAP18	2	74	286	324.081081081081	1	10	168.5	217.6	435.2	2.04578800747909	FALSE
ACIN1	4	24	17	46.0833333333333	3	47	23	117.574468085106	156.765957446808	2.04407944704004	FALSE
PSMB6	3	29	50	137.103448275862	2	97	124	165.123711340206	247.685567010309	2.04368490669029	FALSE
VCAN	3	20	188.5	374.2	2	96	58.5	175.822916666667	263.734375	2.04322715408105	FALSE
EIF5B	5	26	303	488.346153846154	4	90	262.5	478.977777777778	598.722222222222	2.04287492032366	FALSE
ANKRD36B	4	90	16	72.0555555555556	3	10	12	136.4	181.866666666667	2.04064628592559	FALSE
NUPR1	4	16	89.5	115.4375	2	41	88	112.560975609756	225.121951219512	2.040145066698	FALSE
PKM	5	15	157	180.8	3	72	13	42.7638888888889	71.2731481481482	2.03952060485173	FALSE
ANP32E	7	13	150	216.615384615385	3	52	34	139.75	326.083333333333	2.03928698006638	FALSE
CCT5	4	64	224	283.359375	3	64	287	294.484375	392.645833333333	2.03856635192724	FALSE
PPP2R5C	5	17	147	234.176470588235	3	54	18.5	74.9814814814815	124.969135802469	2.03825180824059	FALSE
MAP4K4	5	26	157	174.346153846154	3	10	8.5	39.3	65.5	2.03681308755347	FALSE
YIPF4	4	11	16	243.909090909091	3	83	36	102.313253012048	136.417670682731	2.03137380102324	FALSE
DDX18	4	105	100	162.4	3	17	96	202.411764705882	269.882352941176	2.03133716518748	FALSE
SHC1	4	47	77	129.872340425532	3	43	60	177.976744186047	237.302325581395	2.03112551572294	FALSE
SRSF7	3	83	119	275.325301204819	2	38	182.5	254.605263157895	381.907894736842	2.02768628395652	FALSE
OTUD6B-AS1	6	70	106.5	160.514285714286	5	45	162	221.822222222222	266.186666666667	2.02396149281973	FALSE
APP	2	105	130	246.904761904762	1	14	17.5	70.7857142857143	141.571428571429	2.02256582789874	FALSE
NPC2	5	16	373	408	3	40	179.5	181.725	302.875	2.02170600880597	FALSE
POGZ	4	36	26	76.1111111111111	3	52	11	135.788461538462	181.051282051282	2.02094176729812	FALSE
UQCRC2	3	73	66	87.6986301369863	2	41	77	128.365853658537	192.548780487805	2.0205690575623	FALSE
PPP2R5C	5	17	147	234.176470588235	4	52	15	103.480769230769	129.350961538462	2.02046698008558	FALSE
RPL30	6	70	2199.5	2044.87142857143	5	45	1690	1791.28888888889	2149.54666666667	2.01984395741453	FALSE
ILF2	6	19	440	339.684210526316	4	47	305	296.127659574468	444.191489361702	2.0191465397098	FALSE
COX5B	4	90	364.5	390.877777777778	3	10	398	371.3	495.066666666667	2.0178214065687	FALSE
RPL21	3	41	1981	2161.75609756098	1	10	812.5	755.2	2265.6	2.01638100048758	FALSE
NSA2	3	20	218	234.1	1	14	0	43.5714285714286	130.714285714286	2.0144605326118	FALSE
EMC2	7	11	223	260.636363636364	6	70	109.5	135.057142857143	157.566666666667	2.01313099919938	FALSE
WDR33	4	105	48	162.533333333333	3	17	0	44.7058823529412	59.6078431372549	2.01252294405859	FALSE
SREK1	2	96	105.5	285.3125	1	14	1	91.2857142857143	182.571428571429	2.01174409042365	FALSE
KMT2E	3	31	11	75.5806451612903	2	90	24.5	118.866666666667	178.3	2.01165228300994	FALSE
PSAP	2	95	74	150.631578947368	1	35	115	126.485714285714	252.971428571429	2.01004477449374	FALSE
THOC2	2	34	171.5	403.735294117647	1	95	86	150.715789473684	301.431578947368	2.00989140544876	FALSE
INSIG1	5	37	15	137.837837837838	3	24	62.5	144	240	2.00929007577023	FALSE
G3BP1	3	41	21	105.390243902439	2	89	32	138.359550561798	207.539325842697	2.00923446778617	FALSE
DHRS7	4	41	75	110.487804878049	2	32	74	106.3125	212.625	2.00918392714606	FALSE
UACA	5	15	46	87.6666666666667	3	72	34	113.847222222222	189.74537037037	2.00893514631142	FALSE
LITAF	3	73	155	223.493150684931	2	41	187	216.90243902439	325.353658536585	2.00800583713194	FALSE
DDR2	6	19	104	177.631578947368	4	47	140	186.234042553192	279.351063829787	2.00740415219882	FALSE
ITM2C	2	109	85	183.091743119266	1	16	3	41	82	2.00471568512433	FALSE
NOP10	4	50	231.5	247.92	3	59	225	261.64406779661	348.858757062147	2.004057952623	FALSE
MAGT1	2	34	109	151.411764705882	1	95	55	126.021052631579	252.042105263158	2.0027289424493	FALSE
MRPS14	6	19	158	340.684210526316	3	43	102	120.186046511628	240.372093023256	2.00135339809367	FALSE
ZC3H13	2	74	27.5	86.3378378378378	1	10	15	93.3	186.6	2.00113706597593	FALSE
MRPL33	4	11	27	87.9090909090909	2	36	68	94.0555555555556	188.111111111111	2.00087647755663	FALSE
SNRPE	2	53	310	323.377358490566	1	37	152	211.72972972973	423.459459459459	2.00035641368796	FALSE
CHD2	5	16	65	94.1875	4	34	88.5	155.382352941176	194.227941176471	2.00017559829321	FALSE
CDC42	3	47	246	235	2	82	206	223.329268292683	334.993902439024	1.99997351782176	FALSE
TAF7	3	41	246	256.731707317073	2	89	65	104.61797752809	156.926966292135	1.99915117206958	FALSE
FUBP1	3	49	57	164.387755102041	2	80	115.5	176	264	1.99831272762801	FALSE
PCMTD1	6	65	49	121	5	56	110.5	183.839285714286	220.607142857143	1.99829048292383	FALSE
CACYBP	4	47	175	281.085106382979	3	43	114	136.209302325581	181.612403100775	1.99770392054142	FALSE
C1orf43	6	19	145	269.842105263158	4	47	87	113.659574468085	170.489361702128	1.99717986436948	FALSE
CIAO1	4	90	82	124.288888888889	3	10	0	18.8	25.0666666666667	1.99660894944922	FALSE
SEC11A	4	34	220	253.529411764706	3	71	223	264.464788732394	352.619718309859	1.99603117194385	FALSE
DPY30	4	11	107	93.9090909090909	3	83	116	144.084337349398	192.112449799197	1.9921263423948	FALSE
KTN1	5	13	166	270	2	30	32	68.9333333333333	172.333333333333	1.98974636563445	FALSE
MCL1	8	20	340	480.6	7	13	220	505.923076923077	578.197802197802	1.98944003791143	FALSE
MSMO1	3	79	113	251.227848101266	2	47	88	232.531914893617	348.797872340426	1.98931641288102	FALSE
IQGAP1	5	16	131.5	195.9375	3	71	1	59.0422535211268	98.4037558685446	1.98915489625946	FALSE
FLRT2	4	41	131	197.975609756098	2	32	98	147.65625	295.3125	1.98827746712336	FALSE
ZFAND6	5	15	76	144.733333333333	3	72	89	145.138888888889	241.898148148148	1.98750902729093	FALSE
VPS36	2	74	40	74.5135135135135	1	10	1	85.7	171.4	1.98626320683799	FALSE
COX6C	7	11	1539	1531	5	45	1106	1162.28888888889	1627.20444444444	1.98319513599947	FALSE
ANXA5	3	85	284	347.470588235294	2	41	219	295.682926829268	443.524390243902	1.98251455981384	FALSE
VPS13B	7	11	47	59.0909090909091	5	45	44	110.688888888889	154.964444444444	1.98169874235223	FALSE
ATRAID	3	83	280	310.325301204819	2	36	252	270.694444444444	406.041666666667	1.98098619924111	FALSE
EIF2S1	4	41	169	216.707317073171	3	40	11	90.75	121	1.98094514198818	FALSE
NSA2	3	20	218	234.1	2	96	53	92.4375	138.65625	1.97974749449624	FALSE
ARPC2	2	109	99	150.697247706422	1	16	108.5	123.0625	246.125	1.97967469457006	FALSE
COPA	6	19	238	286.315789473684	4	47	105	127.276595744681	190.914893617021	1.97955245294077	FALSE
BICC1	2	95	7	75.4947368421053	1	35	35	85.2285714285714	170.457142857143	1.97755170958824	FALSE
KTN1	3	39	106	198.333333333333	2	30	32	68.9333333333333	103.4	1.97741873024516	FALSE
RUNX1T1	7	11	18	104.090909090909	5	45	138	142.088888888889	198.924444444444	1.9769619411731	FALSE
DHRS7	3	40	18	64.875	2	32	74	106.3125	159.46875	1.97586244263667	FALSE
SRSF5	5	16	146.5	252.5	3	40	108	208.075	346.791666666667	1.97447331224312	FALSE
ASH1L	4	47	57	118.744680851064	3	43	7	159.720930232558	212.961240310078	1.97412724089938	FALSE
EIF3A	2	96	129.5	194.583333333333	1	34	8	50.2352941176471	100.470588235294	1.97364844118432	FALSE
KTN1	5	13	166	270	4	42	119.5	141.404761904762	176.755952380952	1.96962111749186	FALSE
PSMA5	3	17	0	41.1764705882353	2	112	41.5	89.4107142857143	134.116071428571	1.96820080292646	FALSE
KMT2C	5	37	132	193.621621621622	3	24	41	171.291666666667	285.486111111111	1.96314766591173	FALSE
SEC23A	3	47	18	122.148936170213	2	57	46	142.614035087719	213.921052631579	1.96271074757983	FALSE
ZNF706	6	70	144	164.428571428571	5	45	189	213.155555555556	255.786666666667	1.96074703621473	FALSE
NFKBIA	4	24	63	149.458333333333	3	47	4	180.489361702128	240.652482269504	1.95996697466338	FALSE
SOD1	3	11	7	100.090909090909	1	14	14	63.7142857142857	191.142857142857	1.95928924193941	FALSE
TCERG1	3	41	50	117.926829268293	2	89	75	139.191011235955	208.786516853933	1.95837123919151	FALSE
DDX1	4	11	166	236.363636363636	3	83	39	109.228915662651	145.638554216867	1.95772737010348	FALSE
OAZ2	5	14	0	61.2857142857143	3	56	20.5	91.0535714285714	151.755952380952	1.95650573327361	FALSE
CHD2	5	16	65	94.1875	3	71	25	110.788732394366	184.647887323944	1.95645844293114	FALSE
CCDC88A	3	83	43	143	2	38	66.5	155.368421052632	233.052631578947	1.95449640858827	FALSE
VPS13B	7	11	47	59.0909090909091	6	70	61.5	127.614285714286	148.883333333333	1.95323969692899	FALSE
SULF1	6	65	130	241.815384615385	5	56	116.5	276.160714285714	331.392857142857	1.95219880444873	FALSE
DERL2	3	29	81	283.103448275862	2	97	52	129.381443298969	194.072164948454	1.94954263349066	FALSE
VPS13C	5	14	163	183	4	53	4	75.2075471698113	94.0094339622642	1.94934396917395	FALSE
SEL1L	5	16	25.5	74.875	4	41	28	131.048780487805	163.810975609756	1.94907747354985	FALSE
SERBP1	3	49	125	184.836734693878	2	80	130	182.4375	273.65625	1.94850839887086	FALSE
EMC2	7	11	223	260.636363636364	5	45	69	122.777777777778	171.888888888889	1.94815600433175	FALSE
DHRS7	5	16	67	196.75	3	40	18	64.875	108.125	1.94755624819112	FALSE
ZFP36L2	3	83	16	92.9036144578313	2	38	63	120.605263157895	180.907894736842	1.94450379551777	FALSE
MRPS21	8	20	723.5	766.1	4	36	306.5	339.138888888889	678.277777777778	1.94360442214025	FALSE
RP11-343H5.4	2	78	58.5	67.1410256410256	1	45	69	77.3555555555556	154.711111111111	1.94235577358764	FALSE
MTDH	7	11	263	226.545454545455	5	45	173	224.288888888889	314.004444444444	1.94180445718643	FALSE
PCOLCE	3	31	197	262.129032258065	2	90	150.5	232.866666666667	349.3	1.94037186739956	FALSE
AKAP13	5	16	41.5	42.625	4	34	19	103.794117647059	129.742647058824	1.94010613714293	FALSE
NOP58	2	113	202	345.044247787611	1	15	92	129.066666666667	258.133333333333	1.93907431948225	FALSE
PSMA3	5	13	444	331.230769230769	3	39	85	146.641025641026	244.401709401709	1.93866509857811	FALSE
MYL12B	5	34	603	665.205882352941	4	33	523	601.606060606061	752.007575757576	1.93852819786214	FALSE
UQCRH	3	49	359	339.285714285714	2	80	283.5	283.7875	425.68125	1.93649130191475	FALSE
ARPC5	4	71	183	255.169014084507	3	50	211.5	256.08	341.44	1.93586476123727	FALSE
OXR1	7	11	152	300.727272727273	5	45	220	276.4	386.96	1.93567212170038	FALSE
ANKRD36C	5	26	24.5	72.9230769230769	3	10	10.5	95.4	159	1.93488673422151	FALSE
OCIAD1	3	49	209	227.571428571429	2	79	145	209.088607594937	313.632911392405	1.93480882461221	FALSE
LY6E	6	79	234	344.911392405063	5	24	288.5	359.125	430.95	1.9346933733713	FALSE
PNN	4	24	37	87.5416666666667	2	57	13	86.5964912280702	173.19298245614	1.93273403905539	FALSE
PHF20L1	7	23	233	310.652173913043	6	79	99	192.987341772152	225.151898734177	1.93196751248807	FALSE
ERH	5	16	477	567.9375	3	40	253	289.55	482.583333333333	1.93122472657755	FALSE
PRPF40A	4	80	159.5	241.825	3	18	210	245.166666666667	326.888888888889	1.92974523359054	FALSE
RPS27L	4	53	166	217.943396226415	3	56	182.5	227.089285714286	302.785714285714	1.92861252578759	FALSE
PSMA6	4	24	189.5	187.375	2	57	44	51.280701754386	102.561403508772	1.92846547970697	FALSE
DBI	4	105	356	428.32380952381	3	17	189	258	344	1.92595021857289	FALSE
UACA	5	15	46	87.6666666666667	4	32	119.5	137.5625	171.953125	1.92575780542525	FALSE
COX7B	2	34	322	382.647058823529	1	95	202	233.368421052632	466.736842105263	1.92474323320693	FALSE
ZC2HC1A	6	65	47	108.153846153846	5	56	109.5	160.035714285714	192.042857142857	1.92370507430422	FALSE
CPNE3	6	70	172	301.657142857143	5	45	260	321.066666666667	385.28	1.92232500201108	FALSE
IQGAP1	5	16	131.5	195.9375	4	34	1.5	89.9117647058823	112.389705882353	1.92193498785981	FALSE
RPS4X	2	34	1545	1836.44117647059	1	95	865	876.484210526316	1752.96842105263	1.92154474970662	FALSE
PRDX3	2	96	194.5	268.71875	1	34	77.5	176.088235294118	352.176470588235	1.92146651901132	FALSE
RPS2	3	73	971	1068.43835616438	2	41	639	656.756097560976	985.134146341463	1.92066694926592	FALSE
ENY2	6	70	466	503.728571428571	5	45	424	489.155555555556	586.986666666667	1.92042647096288	FALSE
HIF1A	5	16	255	286.0625	4	41	144	162.292682926829	202.865853658537	1.920105820224	FALSE
NME4	4	16	76	86.875	2	41	48	85.0243902439024	170.048780487805	1.91998644186668	FALSE
PSMA3	4	42	231	278.452380952381	3	39	85	146.641025641026	195.521367521367	1.91871697256679	FALSE
RAC1	5	90	184	244.455555555556	4	28	88.5	129.75	162.1875	1.91523123267179	FALSE
PEG10	3	31	577	825.129032258065	2	90	299.5	495.444444444444	743.166666666667	1.91361448448348	FALSE
GNAI3	3	17	0	61.4117647058824	2	112	19	95.3660714285714	143.049107142857	1.91188885856556	FALSE
EIF5	5	17	403	569.764705882353	4	52	183	390.557692307692	488.197115384615	1.91151763346087	FALSE
EIF2S1	5	16	108	189.4375	4	41	169	216.707317073171	270.884146341463	1.91087320644217	FALSE
DECR1	7	11	126	131	5	45	104	151.4	211.96	1.90827049949572	FALSE
ATF6	6	19	1	75.1578947368421	3	43	13	78.046511627907	156.093023255814	1.90813706068072	FALSE
AUP1	3	83	148	252.180722891566	2	38	72.5	114.342105263158	171.513157894737	1.90669894767804	FALSE
RUNX1T1	7	11	18	104.090909090909	6	70	73	158.314285714286	184.7	1.90638402330651	FALSE
RBM39	4	82	649.5	795.621951219512	3	41	445	656.707317073171	875.609756097561	1.90302377851832	FALSE
MRPL57	3	41	112	123.292682926829	1	10	0	14.5	43.5	1.90196306791465	FALSE
HIF1A	5	16	255	286.0625	2	32	105	146.3125	365.78125	1.90156048028988	FALSE
ZRANB2	3	49	183	373.591836734694	2	80	251.5	302.075	453.1125	1.90047999376427	FALSE
OIP5-AS1	5	16	115	227.125	3	59	57	88.6610169491525	147.768361581921	1.89958326263151	FALSE
TMCO1	6	19	447	563	3	43	274	321.139534883721	642.279069767442	1.8991585456493	FALSE
DPY19L4	6	70	65.5	128.028571428571	5	45	95	172.422222222222	206.906666666667	1.89695641464141	FALSE
PSMA6	4	24	189.5	187.375	3	47	53	81.4255319148936	108.567375886525	1.89656823462461	FALSE
SDHC	6	19	136	290.473684210526	3	43	109	105.953488372093	211.906976744186	1.89523855333375	FALSE
YWHAE	3	29	271	282.379310344828	2	97	224	240.59793814433	360.896907216495	1.89496699901068	FALSE
MRPL13	7	23	344	328.391304347826	6	79	310	348.493670886076	406.575949367089	1.89312146868395	FALSE
RDH11	5	16	63.5	221.25	3	40	27	85.9	143.166666666667	1.89255834484015	FALSE
HIF1A	3	40	62	141.525	2	32	105	146.3125	219.46875	1.89178129656995	FALSE
S100A6	6	19	71	175.368421052632	3	43	0	48.7674418604651	97.5348837209302	1.8911667684512	FALSE
EGR1	3	41	22	206.80487804878	2	89	46	189.719101123595	284.578651685393	1.89083317173123	FALSE
CIR1	4	99	83	157.656565656566	3	23	29	60.1739130434783	80.231884057971	1.88887942803906	FALSE
OAZ2	5	14	0	61.2857142857143	4	53	51	110.943396226415	138.679245283019	1.88870466133424	FALSE
MCL1	8	20	340	480.6	4	36	195	278.972222222222	557.944444444444	1.88842912432146	FALSE
CST3	3	74	76	114.5	2	48	58.5	127.708333333333	191.5625	1.88684309393981	FALSE
TRPS1	7	23	161	327.608695652174	6	79	279	346.772151898734	404.567510548523	1.88625837129666	FALSE
EMC4	5	16	286	246.375	4	50	127	135.62	169.525	1.88564387183576	FALSE
NUPR1	3	73	63	92.2876712328767	2	41	88	112.560975609756	168.841463414634	1.88396670885296	FALSE
MAP4K4	4	90	63.5	128.933333333333	3	10	8.5	39.3	52.4	1.88385062900627	FALSE
RPA3	5	90	88.5	141.877777777778	4	28	161.5	174.678571428571	218.348214285714	1.88349356923231	FALSE
CALM2	3	83	983	1114.92771084337	2	38	823	794.263157894737	1191.39473684211	1.88347419967688	FALSE
RPL13P12	3	29	200	181.931034482759	2	97	160	172.216494845361	258.324742268041	1.8830575891167	FALSE
NEMF	4	24	194.5	233.833333333333	3	47	4	118.170212765957	157.560283687943	1.88237111124628	FALSE
ISLR	4	32	71.5	173.1875	3	72	106.5	186.944444444444	249.259259259259	1.88122346000096	FALSE
ITM2B	3	41	192	267.243902439024	1	10	38	114.4	343.2	1.88056264364698	FALSE
EMC4	4	50	127	135.62	3	59	129	158.186440677966	210.915254237288	1.87676760404254	FALSE
FDPS	6	19	65	120	4	47	56	130.191489361702	195.287234042553	1.87672134200556	FALSE
SNRNP200	5	26	54.5	115.076923076923	4	90	33.5	152.266666666667	190.333333333333	1.87654349855713	FALSE
CHURC1	5	16	217.5	240.375	2	32	35.5	66.0625	165.15625	1.87632611195512	FALSE
DYNC1I2	4	99	73	131.20202020202	3	23	18	42.0869565217391	56.1159420289855	1.87555942125038	FALSE
FKBP3	4	24	156.5	244.166666666667	3	47	47	127.085106382979	169.446808510638	1.87343603878263	FALSE
VKORC1	4	16	0	20.25	2	41	37	47.4146341463415	94.8292682926829	1.87261811812412	FALSE
FKBP3	3	47	47	127.085106382979	2	57	92	134.385964912281	201.578947368421	1.87212036755892	FALSE
NFKBIA	3	47	4	180.489361702128	2	57	32	169.929824561404	254.894736842105	1.87160431067101	FALSE
VDAC3	5	82	31	98.8780487804878	4	41	110	138.268292682927	172.835365853659	1.86898114800564	FALSE
SLIRP	5	16	334.5	419.4375	3	40	261	296	493.333333333333	1.86861995109636	FALSE
ESD	3	41	92	157.487804878049	1	10	4.5	77.1	231.3	1.8681281211269	FALSE
LSM5	2	39	0	105.358974358974	1	90	58.5	89.3555555555556	178.711111111111	1.86541276938784	FALSE
HSPE1	2	113	358	440.557522123894	1	15	205	183.666666666667	367.333333333333	1.86465456907696	FALSE
RAB11A	5	14	271.5	392.857142857143	4	53	235	255.735849056604	319.669811320755	1.86443591275254	FALSE
PPIG	4	99	199	312.272727272727	3	23	94	179.347826086957	239.130434782609	1.86416856825531	FALSE
UQCRB	7	11	758	699	6	70	643	661.714285714286	772	1.86332286012046	FALSE
CSTB	3	11	0	114.818181818182	1	14	0	62.5714285714286	187.714285714286	1.86270431704719	FALSE
ENSA	8	20	305	283.55	3	52	81.5	133.480769230769	355.948717948718	1.85973087568987	FALSE
MYL12B	6	58	831	870.603448275862	5	34	603	665.205882352941	798.247058823529	1.85947688765088	FALSE
SPTSSA	4	24	163.5	261.791666666667	3	47	61	142.276595744681	189.702127659574	1.85787224833788	FALSE
KPNB1	2	117	52	100.230769230769	1	12	0	14.25	28.5	1.85570548817389	FALSE
SNW1	4	41	16	68.9268292682927	2	32	28.5	70.25	140.5	1.85475025712986	FALSE
KIF5B	2	95	116	183.463157894737	1	35	0	55.9714285714286	111.942857142857	1.85442933205474	FALSE
CHURC1	5	16	217.5	240.375	3	40	65.5	101.4	169	1.8535461212539	FALSE
RBM25	5	16	146	208.9375	4	41	104	224.19512195122	280.243902439024	1.85312852591226	FALSE
TPM3	4	47	239	286.382978723404	3	43	158	161.511627906977	215.348837209302	1.8514671361459	FALSE
VMP1	2	96	40	128.729166666667	1	34	0	28.9411764705882	57.8823529411765	1.85032032300191	FALSE
PRRC2C	6	19	175	385.105263157895	4	47	250	303.893617021277	455.840425531915	1.84963535479864	FALSE
PDIA6	4	11	141	279.545454545455	3	83	119	156.650602409639	208.867469879518	1.84928415740318	FALSE
AHSA1	5	16	28.5	90.375	2	32	29.5	64.375	160.9375	1.84857395926904	FALSE
S100A6	4	47	100	135.531914893617	3	43	0	48.7674418604651	65.0232558139535	1.8482424554253	FALSE
LAMTOR2	6	19	279	266.842105263158	4	47	102	130.978723404255	196.468085106383	1.84741236106056	FALSE
WNK1	4	10	43.5	60.3	3	116	53.5	97.8620689655172	130.48275862069	1.8462304347001	FALSE
SEL1L	5	16	25.5	74.875	2	32	26	58	145	1.84587287426422	FALSE
ERH	4	41	430	455.926829268293	3	40	253	289.55	386.066666666667	1.84422959213625	FALSE
RER1	3	47	55	221.255319148936	2	82	21.5	100.963414634146	151.44512195122	1.84391886478994	FALSE
METTL9	4	16	0	118.9375	2	41	16	94.3170731707317	188.634146341463	1.84321188124812	FALSE
TSHZ2	4	82	57	145.475609756098	3	41	50	161.146341463415	214.861788617886	1.84127297129294	FALSE
EIF2S1	5	16	108	189.4375	2	32	67.5	103.40625	258.515625	1.83934054092199	FALSE
DHRS7	5	16	67	196.75	2	32	74	106.3125	265.78125	1.83904573755153	FALSE
DPT	4	47	145	225.829787234043	3	43	0	117.674418604651	156.899224806202	1.83841182206464	FALSE
NREP	3	41	134	167.121951219512	2	88	109.5	157.340909090909	236.011363636364	1.8381524805105	FALSE
RAB11A	4	53	235	255.735849056604	3	56	159.5	243.339285714286	324.452380952381	1.83706123265476	FALSE
SNW1	5	16	65.5	154.75	4	41	16	68.9268292682927	86.1585365853659	1.8362700687299	FALSE
TMED10	5	16	729.5	759.3125	4	41	417	552.780487804878	690.975609756098	1.83465521179605	FALSE
PRDX6	6	19	333	404.157894736842	4	47	280	314.978723404255	472.468085106383	1.83448549564553	FALSE
POLR1D	3	41	5	59.7073170731707	2	74	44	85.3378378378378	128.006756756757	1.83441714082172	FALSE
CSNK1A1	3	41	35	80.609756097561	2	89	43	99.1348314606742	148.702247191011	1.83309922268399	FALSE
COL6A3	2	109	104	205.192660550459	1	16	7.5	68.625	137.25	1.83214254930115	FALSE
KRTCAP2	6	19	192	245.947368421053	3	43	139	156.883720930233	313.767441860465	1.83135825572096	FALSE
SRRM1	3	47	50	258.468085106383	2	82	67.5	127.219512195122	190.829268292683	1.83019600200413	FALSE
NFAT5	2	48	3	58.5208333333333	1	15	6	63	126	1.82916971063459	FALSE
ESD	3	41	92	157.487804878049	2	74	117.5	149.972972972973	224.959459459459	1.82912136032227	FALSE
ZFAND6	5	15	76	144.733333333333	4	32	11.5	61.9375	77.421875	1.82808899984598	FALSE
SEC23A	4	24	168.5	217.958333333333	2	57	46	142.614035087719	285.228070175439	1.82781972873461	FALSE
RNPS1	4	16	41.5	153.875	2	41	13	43.5121951219512	87.0243902439024	1.82510537289196	FALSE
COX4I1	3	67	495	507.194029850746	2	48	263	293.583333333333	440.375	1.82490016580187	FALSE
CAPZA2	3	31	3	126.58064516129	2	90	0	128.911111111111	193.366666666667	1.82468557297926	FALSE
GNG5	3	49	28	67.9795918367347	2	80	87.5	89.7875	134.68125	1.82413663035141	FALSE
SEL1L	5	16	25.5	74.875	3	40	8.5	84.925	141.541666666667	1.82390874094432	FALSE
AC005062.2	4	91	157	188.296703296703	3	30	189	191.066666666667	254.755555555556	1.82255283676287	FALSE
METTL9	3	73	0	75.041095890411	2	41	16	94.3170731707317	141.475609756098	1.82239376140378	FALSE
SNRNP27	3	83	12	70.8795180722892	2	38	63.5	91.4473684210526	137.171052631579	1.82145807246327	FALSE
NDUFAB1	3	73	253	251.232876712329	2	41	210	211.536585365854	317.30487804878	1.8200174618895	FALSE
FN1	2	113	194	362.716814159292	1	15	81	148.333333333333	296.666666666667	1.8198737917486	FALSE
UBE2V2	6	65	256	285.815384615385	5	56	229	293.142857142857	351.771428571429	1.81925459876774	FALSE
TPT1	3	41	1113	1376.63414634146	1	10	402.5	437	1311	1.81712984104402	FALSE
PDIA6	4	11	141	279.545454545455	2	36	84.5	106.972222222222	213.944444444444	1.81691052653904	FALSE
EID1	5	14	760.5	781.5	3	56	419	429.589285714286	715.982142857143	1.81635968474975	FALSE
RDH11	3	40	27	85.9	2	32	88	100.78125	151.171875	1.81472608841924	FALSE
NFIA	3	49	317	631.448979591837	2	80	425.5	464.45	696.675	1.81442088201018	FALSE
EIF4EBP1	5	82	273	393.30487804878	4	41	158	262.463414634146	328.079268292683	1.81441814775648	FALSE
FMNL2	5	25	31	207.44	4	80	43.5	113.8125	142.265625	1.81407687512456	FALSE
UNC50	5	26	111.5	186.846153846154	3	10	53	151.2	252	1.81394005802387	FALSE
TMED3	4	32	122.5	169.5	3	72	114	175.708333333333	234.277777777778	1.81142604531969	FALSE
SNHG19	3	73	66	167.684931506849	2	41	55	68.7317073170732	103.09756097561	1.8101476039886	FALSE
SSBP1	3	31	103	158.58064516129	2	90	138	148.733333333333	223.1	1.80969001601095	FALSE
DDX1	4	11	166	236.363636363636	2	36	16.5	85.9722222222222	171.944444444444	1.80901527268428	FALSE
EIF2S1	3	40	11	90.75	2	32	67.5	103.40625	155.109375	1.80861181797253	FALSE
MATN2	6	70	36.5	108.685714285714	5	45	69	143.933333333333	172.72	1.80641256944526	FALSE
YME1L1	2	95	30	93.2736842105263	1	35	3	78.5714285714286	157.142857142857	1.80529129234007	FALSE
BIRC6	4	11	22	147.636363636364	2	36	4.5	41.8888888888889	83.7777777777778	1.80521929690601	FALSE
SRSF5	4	41	178	341.19512195122	3	40	108	208.075	277.433333333333	1.80456049119833	FALSE
FAT1	3	81	45	131.024691358025	2	46	91	129.717391304348	194.576086956522	1.80312509216888	FALSE
SUPT16H	4	24	37.5	121.166666666667	3	47	75	138.510638297872	184.68085106383	1.80287072556753	FALSE
PARK7	3	47	173	248.170212765957	2	82	204.5	207.719512195122	311.579268292683	1.80215128445039	FALSE
MRPL57	2	74	72.5	92.2027027027027	1	10	0	14.5	29	1.80073565017753	FALSE
MAF	3	67	101	201.761194029851	2	48	59.5	176.541666666667	264.8125	1.7996940864643	FALSE
ANP32E	4	36	57.5	123.555555555556	3	52	34	139.75	186.333333333333	1.79780593838011	FALSE
DECR1	7	11	126	131	6	70	92.5	166.042857142857	193.716666666667	1.79738296793622	FALSE
BTF3L4	3	49	8	61.0816326530612	2	80	32	82.35	123.525	1.79548631496632	FALSE
RDH11	4	41	112	176.756097560976	3	40	27	85.9	114.533333333333	1.79394930060338	FALSE
TUSC3	3	92	48	112.95652173913	2	37	31	116.702702702703	175.054054054054	1.79307434215234	FALSE
ISLR	5	15	121	154.733333333333	4	32	71.5	173.1875	216.484375	1.79064428802514	FALSE
ANKRD36	5	26	77.5	142.461538461538	3	10	68.5	122.5	204.166666666667	1.79032125898688	FALSE
LY6E	7	23	406	340.695652173913	6	79	234	344.911392405063	402.396624472574	1.79029200780336	FALSE
SNHG14	4	50	39	129.46	3	59	61	143.084745762712	190.779661016949	1.78759974535267	FALSE
ZC3H13	3	41	11	68.1951219512195	2	74	27.5	86.3378378378378	129.506756756757	1.78754289625378	FALSE
ACTR10	3	39	56	105.205128205128	2	30	52.5	111	166.5	1.78742414100531	FALSE
SPTSSA	4	24	163.5	261.791666666667	2	57	12	100.263157894737	200.526315789474	1.78721492513385	FALSE
PSMA3	4	42	231	278.452380952381	2	30	97.5	108.633333333333	217.266666666667	1.78665003438231	FALSE
TBCA	2	96	50	86.6041666666667	1	14	1.5	12.7857142857143	25.5714285714286	1.78556285402965	FALSE
ACTR10	5	13	91	236.307692307692	3	39	56	105.205128205128	175.34188034188	1.78508636227452	FALSE
SLTM	4	53	48	99.3396226415094	3	56	55.5	120.214285714286	160.285714285714	1.78494586037641	FALSE
MRPL52	4	24	108	115.291666666667	2	57	75	88.1052631578947	176.210526315789	1.7847517651051	FALSE
KMT2C	4	63	108	167.761904761905	3	24	41	171.291666666667	228.388888888889	1.78266596491012	FALSE
KTN1	5	13	166	270	3	39	106	198.333333333333	330.555555555556	1.78215399283732	FALSE
SEC22B	8	20	102.5	107.6	7	13	3	41.2307692307692	47.1208791208791	1.78160546966045	FALSE
HNRNPU	2	110	159.5	279.181818181818	1	12	89	169.75	339.5	1.78044824204223	FALSE
NDUFB10	3	73	147	188.602739726027	2	41	63	85.6341463414634	128.451219512195	1.77924660777122	FALSE
JMJD1C	2	95	10	97.0631578947368	1	35	10	78.5714285714286	157.142857142857	1.77872774997466	FALSE
MRPL22	3	42	32.5	78.8095238095238	2	88	62.5	92.5454545454545	138.818181818182	1.77821391461893	FALSE
COX16	5	16	80.5	97.5625	2	32	52	63	157.5	1.77769862451474	FALSE
PKM	4	32	15	116.78125	3	72	13	42.7638888888889	57.0185185185185	1.77643043887804	FALSE
HNRNPA0	3	41	49	97	2	89	26	104.505617977528	156.758426966292	1.77639915693233	FALSE
PSMA3	5	13	444	331.230769230769	2	30	97.5	108.633333333333	271.583333333333	1.77559177911232	FALSE
SNRPE	4	22	606	601.136363636364	3	16	489	495.4375	660.583333333333	1.77412972140338	FALSE
SSR2	6	19	1280	1218.21052631579	4	47	674	772.702127659574	1159.05319148936	1.77200859980341	FALSE
VAPA	2	95	389	375.263157894737	1	35	64	158.114285714286	316.228571428571	1.7711065253789	FALSE
MTDH	6	70	246.5	327.885714285714	5	45	173	224.288888888889	269.146666666667	1.76892690069639	FALSE
DHRS7	5	16	67	196.75	4	41	75	110.487804878049	138.109756097561	1.7681957679984	FALSE
ARF5	3	31	108	186.161290322581	2	90	54	85.0444444444445	127.566666666667	1.76785776919751	FALSE
DDX24	5	17	33	173.588235294118	3	54	42	69.0555555555556	115.092592592593	1.76712351700249	FALSE
RAB1A	3	83	254	278.903614457831	2	38	180.5	224.894736842105	337.342105263158	1.76669899159864	FALSE
DYNC1H1	5	17	99	140.941176470588	4	52	20	66.0769230769231	82.5961538461539	1.76600381258457	FALSE
POLR1D	2	74	44	85.3378378378378	1	10	0	13.5	27	1.76595032892529	FALSE
ROMO1	4	82	358	383.829268292683	3	41	196	244.121951219512	325.49593495935	1.76591679396663	FALSE
GPX8	3	40	190.5	241.275	2	89	139	199.719101123595	299.578651685393	1.7656957564254	FALSE
PDIA3P1	8	20	9	10.1	4	36	22	34.1666666666667	68.3333333333333	1.76517165026327	FALSE
DLC1	3	92	27.5	122.586956521739	2	37	65	120.486486486486	180.72972972973	1.76449574226421	FALSE
SUPT16H	4	24	37.5	121.166666666667	2	57	59	89.5964912280702	179.19298245614	1.76362499718705	FALSE
ANKRD36	5	26	77.5	142.461538461538	4	90	70	160.288888888889	200.361111111111	1.76267535825909	FALSE
HSPA9	3	41	61	130.19512195122	2	89	54	125.370786516854	188.056179775281	1.76238636921783	FALSE
IL6ST	3	40	159.5	224.675	2	89	41	111.438202247191	167.157303370787	1.75980148583706	FALSE
AHSA1	4	41	19	71.4878048780488	2	32	29.5	64.375	128.75	1.75786799249937	FALSE
PDS5B	2	74	125	241.5	1	10	0	92.2	184.4	1.75663610824585	FALSE
COX7A2L	3	83	255	263.626506024096	2	38	196	213.736842105263	320.605263157895	1.75571297182834	FALSE
SNHG3	3	47	52	121.893617021277	2	82	46	119.231707317073	178.84756097561	1.75552380353886	FALSE
NFAT5	3	67	44	132.149253731343	1	15	6	63	189	1.75473616996012	FALSE
SNHG14	5	16	139.5	181.625	3	59	61	143.084745762712	238.474576271186	1.7547272320181	FALSE
AGO2	7	23	36	152.347826086957	5	24	34.5	68.375	95.725	1.75299154152751	FALSE
LAPTM4B	7	11	191	192.181818181818	5	45	108	177.666666666667	248.733333333333	1.75244424521421	FALSE
VKORC1	4	16	0	20.25	3	73	43	57.5342465753425	76.7123287671233	1.75175878648986	FALSE
NDUFS4	3	40	161	216.6	2	89	74	106.797752808989	160.196629213483	1.75130505912944	FALSE
ZFP36L1	4	41	192	277.731707317073	2	32	136.5	167.03125	334.0625	1.75074586263955	FALSE
KATNBL1	5	16	96.5	165.125	3	59	18	65.4915254237288	109.152542372881	1.74797437623787	FALSE
HNRNPR	3	47	38	156.170212765957	2	82	91	141.365853658537	212.048780487805	1.74724526575871	FALSE
PSME2	3	47	85	294.297872340426	2	57	62	159	238.5	1.74661763892988	FALSE
MRPL15	6	65	131	186	5	56	67	108.625	130.35	1.74546516867073	FALSE
SNRNP200	5	26	54.5	115.076923076923	3	10	47.5	102.4	170.666666666667	1.74499467083985	FALSE
RCN2	4	32	240	348.375	3	72	233.5	302.763888888889	403.685185185185	1.74280511254202	FALSE
NDUFC1	3	49	262	267.612244897959	2	79	138	141.582278481013	212.373417721519	1.7422444491208	FALSE
EEF1B2	2	113	223	284.212389380531	1	15	133	169.666666666667	339.333333333333	1.74131664630855	FALSE
SEC23A	4	24	168.5	217.958333333333	3	47	18	122.148936170213	162.86524822695	1.74109709270665	FALSE
CCND2	4	10	375	338.3	3	116	269.5	294.948275862069	393.264367816092	1.7400812372075	FALSE
TNPO1	3	20	312.5	385.4	2	96	107	293.385416666667	440.078125	1.73781361350158	FALSE
GOLGA8A	5	16	384	519.6875	3	59	114	344.610169491525	574.350282485876	1.73769173470215	FALSE
PTRHD1	4	11	0	76	2	36	59	65.3055555555556	130.611111111111	1.73728101272883	FALSE
GABPB1-AS1	4	53	35	135.88679245283	3	56	47	142.696428571429	190.261904761905	1.73540016697715	FALSE
SCFD1	4	24	232	268.916666666667	2	57	28	107.280701754386	214.561403508772	1.7352416026958	FALSE
MORF4L1P1	2	78	41	36.8461538461538	1	45	42	45.4888888888889	90.9777777777778	1.73345105598381	FALSE
MCL1	7	13	220	505.923076923077	3	52	150	240.019230769231	560.044871794872	1.73337219091876	FALSE
FUS	3	73	82	137.575342465753	2	41	92	127.780487804878	191.670731707317	1.73316025009213	FALSE
ACIN1	3	47	23	117.574468085106	2	57	6	42.3508771929825	63.5263157894737	1.73278085163758	FALSE
UBAP2L	6	19	53	120.894736842105	4	47	17	44.8085106382979	67.2127659574468	1.72982845217992	FALSE
RIF1	5	25	31	167.52	3	18	20	68.4444444444444	114.074074074074	1.72791460542273	FALSE
UFM1	3	41	172	260.414634146341	2	74	148.5	209.162162162162	313.743243243243	1.72696025667335	FALSE
ACTR10	4	42	140	193.47619047619	3	39	56	105.205128205128	140.273504273504	1.72593356036934	FALSE
NME4	4	16	76	86.875	3	73	59	104.986301369863	139.981735159817	1.72514960313899	FALSE
PRELID1	3	42	145.5	157.428571428571	2	88	8.5	69.5681818181818	104.352272727273	1.72490062953436	FALSE
NPC2	4	41	228	295.292682926829	3	40	179.5	181.725	242.3	1.72421590764079	FALSE
GDI2	2	92	26	88.3152173913043	1	38	20	70.5263157894737	141.052631578947	1.7221188317227	FALSE
CAMK2D	3	85	29	92.5529411764706	2	41	63	96.8048780487805	145.207317073171	1.72143446951618	FALSE
MYL12A	6	58	664.5	816.241379310345	5	34	594	636.323529411765	763.588235294118	1.72142430881935	FALSE
CNIH1	4	42	137.5	240.690476190476	3	39	115	141.307692307692	188.410256410256	1.71833740463796	FALSE
CSTB	3	11	0	114.818181818182	2	105	81	111.295238095238	166.942857142857	1.71704336284721	FALSE
PRRX1	6	19	107	198.210526315789	4	47	108	166.872340425532	250.308510638298	1.71682092071706	FALSE
MRPS11	5	16	60	84.375	3	71	60	81.830985915493	136.384976525822	1.71608665776044	FALSE
IVNS1ABP	4	71	12	83.9718309859155	3	50	9.5	101.98	135.973333333333	1.71601589078419	FALSE
UFM1	2	74	148.5	209.162162162162	1	10	42.5	78.6	157.2	1.71568721390906	FALSE
AKAP13	4	34	19	103.794117647059	3	71	5	38.9718309859155	51.962441314554	1.71459525495537	FALSE
TATDN1	7	23	162	145.086956521739	5	24	0	66.7083333333333	93.3916666666667	1.7134509747547	FALSE
MYC	7	23	84	150.565217391304	6	79	83	173.139240506329	201.995780590717	1.71122128016511	FALSE
GTF2A2	4	53	96	112.264150943396	3	56	101.5	122.571428571429	163.428571428571	1.70896805944586	FALSE
NEMF	3	47	4	118.170212765957	2	57	48	112.877192982456	169.315789473684	1.70880807999359	FALSE
UNC50	4	90	91.5	150.555555555556	3	10	53	151.2	201.6	1.70794848141968	FALSE
MATN2	7	11	16	177.636363636364	6	70	36.5	108.685714285714	126.8	1.7061744775794	FALSE
ATP1B1	6	19	40	129.210526315789	4	47	42	119.872340425532	179.808510638298	1.70413321614714	FALSE
TSPAN3	5	15	254	314	4	32	154	210.9375	263.671875	1.7018107508358	FALSE
VPS13C	4	53	4	75.2075471698113	3	56	7.5	94.1428571428571	125.52380952381	1.70170837291174	FALSE
PSMA4	4	32	401	399.15625	3	72	279	337.097222222222	449.462962962963	1.7016259414823	FALSE
ZFP36L1	5	16	289	367.3125	2	32	136.5	167.03125	417.578125	1.70127108691808	FALSE
HIF1A	5	16	255	286.0625	3	40	62	141.525	235.875	1.70059556262276	FALSE
EIF2S2	4	82	145	163.365853658537	3	41	84	160.073170731707	213.430894308943	1.69953457312778	FALSE
SNW1	5	16	65.5	154.75	3	40	26	63	105	1.69679308508174	FALSE
ZFP36L1	3	40	149	201	2	32	136.5	167.03125	250.546875	1.6950162680432	FALSE
PHF20L1	6	79	99	192.987341772152	5	24	70.5	201.916666666667	242.3	1.69295841406165	FALSE
GABARAPL2	2	48	5	94.1666666666667	1	15	47	71.7333333333333	143.466666666667	1.69284691927723	FALSE
COX16	4	41	70	76.7560975609756	2	32	52	63	126	1.6923524622239	FALSE
GTF2A2	5	14	159.5	189.428571428571	4	53	96	112.264150943396	140.330188679245	1.69106718714108	FALSE
SNHG19	4	16	89.5	174.6875	3	73	66	167.684931506849	223.579908675799	1.68924143323112	FALSE
SSB	4	99	231	272.808080808081	3	23	186	168.04347826087	224.057971014493	1.68797559814114	FALSE
TM9SF2	3	96	146.5	214.708333333333	2	22	17.5	110.681818181818	166.022727272727	1.68740058067155	FALSE
EIF4E	3	85	40	117.211764705882	2	41	49	110.268292682927	165.40243902439	1.68296300330387	FALSE
COX5A	4	32	108.5	120.1875	3	72	96.5	126.236111111111	168.314814814815	1.68239163159965	FALSE
NDUFB1	5	17	206	212.823529411765	4	52	113.5	131.788461538462	164.735576923077	1.68203628587407	FALSE
MAP1B	3	20	95.5	210.3	2	96	78	172.083333333333	258.125	1.67965497869933	FALSE
BNIP3L	3	92	115.5	194.054347826087	2	37	90	161.189189189189	241.783783783784	1.67878630212432	FALSE
NDUFB10	4	16	86.5	218.875	2	41	63	85.6341463414634	171.268292682927	1.67766814485454	FALSE
PTMA	2	109	499	629.073394495413	1	16	262.5	290.75	581.5	1.67736414065746	FALSE
MRPL52	3	47	39	84.6170212765958	2	57	75	88.1052631578947	132.157894736842	1.67706715668287	FALSE
YY1	5	17	28	77	3	54	17.5	74.6296296296296	124.382716049383	1.6756199515208	FALSE
TATDN1	6	79	84	127.430379746835	5	24	0	66.7083333333333	80.05	1.67559853720765	FALSE
GPBP1	3	40	86	182.5	2	89	9	90.1685393258427	135.252808988764	1.67437599348902	FALSE
USP9X	2	109	33	124.522935779817	1	16	0	38.6875	77.375	1.6734626833075	FALSE
AHSA1	3	40	0	49.525	2	32	29.5	64.375	96.5625	1.67244423132792	FALSE
RPL13AP5	2	96	43	46.8020833333333	1	34	44	46.8235294117647	93.6470588235294	1.67066301605831	FALSE
DCAF13	7	11	330	460.272727272727	5	45	226	362.222222222222	507.111111111111	1.67060190129825	FALSE
APP	3	11	96	165.545454545455	1	14	17.5	70.7857142857143	212.357142857143	1.6703543046871	FALSE
AKR1A1	3	49	45	144.510204081633	2	80	15.5	65.2125	97.81875	1.66923739909242	FALSE
CHD9	3	75	214	290.506666666667	2	45	86	224.777777777778	337.166666666667	1.66894473445773	FALSE
PDIA3P1	8	20	9	10.1	3	52	15	21.25	56.6666666666667	1.66807515139452	FALSE
UBR5	6	70	43	108.385714285714	5	45	76	129.111111111111	154.933333333333	1.66789747133399	FALSE
CAMTA1	3	47	63	130.106382978723	2	82	33	55.7073170731707	83.5609756097561	1.66787683563502	FALSE
MAF	2	48	59.5	176.541666666667	1	15	50	65.1333333333333	130.266666666667	1.66534642742494	FALSE
SNX6	4	24	113	174.208333333333	3	47	8	95.9574468085106	127.943262411348	1.66525323225521	FALSE
BCAP31	2	33	48	142.69696969697	1	95	10	48.2210526315789	96.4421052631579	1.66515741244092	FALSE
GABARAPL2	3	67	105	168.985074626866	1	15	47	71.7333333333333	215.2	1.66478225608382	FALSE
RPL36AL	4	24	435	517.708333333333	2	57	184	235.754385964912	471.508771929825	1.66463785259205	FALSE
RHEB	5	37	217	264.459459459459	4	63	135	174.857142857143	218.571428571429	1.66169942198295	FALSE
RGS2	4	71	174	742.098591549296	3	50	84	590.98	787.973333333333	1.66157363274607	FALSE
RPL26L1	3	42	26.5	50.5476190476191	2	88	39.5	64.2386363636364	96.3579545454545	1.66096347239877	FALSE
DPM3	6	19	175	188.315789473684	4	47	91	95.0425531914894	142.563829787234	1.6604097008677	FALSE
EID1	4	53	525	527.11320754717	3	56	419	429.589285714286	572.785714285714	1.65965484854243	FALSE
DCTN6	3	92	37	90.3804347826087	2	37	50	90.6756756756757	136.013513513514	1.65927977034483	FALSE
KHDRBS1	3	47	0	40.8085106382979	2	82	31	57.6219512195122	86.4329268292683	1.65919732027741	FALSE
SNRPE	4	22	606	601.136363636364	2	53	310	323.377358490566	646.754716981132	1.65913960478571	FALSE
COX5B	5	26	417.5	443.076923076923	4	90	364.5	390.877777777778	488.597222222222	1.65820510744514	FALSE
FMNL2	5	25	31	207.44	3	18	79	97.1666666666667	161.944444444444	1.65796897265767	FALSE
PSME1	4	24	5	70.5416666666667	2	57	3	57.9473684210526	115.894736842105	1.65660669195002	FALSE
CNIH1	3	39	115	141.307692307692	2	30	18.5	124.366666666667	186.55	1.65554474904905	FALSE
PDIA4	4	63	47	103.714285714286	3	24	75.5	111.625	148.833333333333	1.65435992390619	FALSE
RPLP1	4	32	3961	3708.8125	3	72	2634.5	2815.44444444444	3753.92592592593	1.654305808792	FALSE
RSL24D1	4	53	297	337.056603773585	3	56	262.5	286.607142857143	382.142857142857	1.65404414729025	FALSE
DPY19L4	7	11	61	104.363636363636	6	70	65.5	128.028571428571	149.366666666667	1.65324175821035	FALSE
RHEB	5	37	217	264.459459459459	3	24	88	131.75	219.583333333333	1.65201535995353	FALSE
ETV1	5	90	78.5	170.133333333333	4	28	59.5	171.964285714286	214.955357142857	1.65149146195954	FALSE
SNAP23	5	16	71.5	88.4375	3	59	42	79.9491525423729	133.248587570621	1.65138548442159	FALSE
RNF181	3	83	121	129.795180722892	2	38	95	116.368421052632	174.552631578947	1.6508653434802	FALSE
DDX24	4	52	17.5	47.3846153846154	3	54	42	69.0555555555556	92.0740740740741	1.65020509420825	FALSE
MRPL33	3	83	83	96.421686746988	2	36	68	94.0555555555556	141.083333333333	1.64993473060692	FALSE
DNAJB6	4	63	117	181.444444444444	3	24	138	169.458333333333	225.944444444444	1.64836001098093	FALSE
TMEM50A	3	47	0	77.9574468085106	2	82	63	81.609756097561	122.414634146341	1.64794198282767	FALSE
LAPTM4B	6	70	78.5	168.757142857143	5	45	108	177.666666666667	213.2	1.64780197109445	FALSE
NFAT5	3	67	44	132.149253731343	2	48	3	58.5208333333333	87.78125	1.6470698887579	FALSE
CRIPT	3	83	1	90.5060240963855	2	38	98	89.8684210526316	134.802631578947	1.64637046644833	FALSE
LSM8	3	31	67	170.129032258065	2	90	34.5	84.0444444444445	126.066666666667	1.64406780955809	FALSE
LAMTOR2	4	47	102	130.978723404255	3	43	104	131.279069767442	175.038759689922	1.64404485047836	FALSE
FLRT2	3	40	212	265.375	2	32	98	147.65625	221.484375	1.64237176521769	FALSE
PDXDC1	4	16	1.5	84.4375	2	41	34	64.0975609756098	128.19512195122	1.64105371182798	FALSE
NONO	2	34	174.5	282.676470588235	1	95	61	119.505263157895	239.010526315789	1.64014285617842	FALSE
YPEL5	4	11	0	114.090909090909	3	83	2	118.313253012048	157.751004016064	1.64008467561101	FALSE
TMEM106B	5	90	81	172.766666666667	4	28	127.5	173.107142857143	216.383928571429	1.63965839904698	FALSE
PSMC1	5	16	55.5	77.1875	4	41	72	96.5853658536585	120.731707317073	1.63893038902091	FALSE
ACTR3	4	104	117	150.115384615385	3	16	0.5	80.0625	106.75	1.63714320257918	FALSE
SCFD1	3	47	47	117.595744680851	2	57	28	107.280701754386	160.921052631579	1.63674165830636	FALSE
OIP5-AS1	5	16	115	227.125	4	50	68	147.08	183.85	1.63623707654743	FALSE
FDPS	4	47	56	130.191489361702	3	43	38	65.2558139534884	87.0077519379845	1.63532022651734	FALSE
COPA	4	47	105	127.276595744681	3	43	128	127.767441860465	170.356589147287	1.63427562811684	FALSE
PTRHD1	3	83	28	54.9277108433735	2	36	59	65.3055555555556	97.9583333333333	1.63377762872255	FALSE
GABRE	2	33	15	36.7878787878788	1	95	13	39.9052631578947	79.8105263157895	1.63369713248992	FALSE
CEBPZ	3	83	60	115.493975903614	2	38	9.5	48.3421052631579	72.5131578947368	1.63327467670594	FALSE
THBS1	4	50	101.5	167.42	3	59	121	157.71186440678	210.282485875706	1.6320773550118	FALSE
ENSA	4	36	112	135.194444444444	3	52	81.5	133.480769230769	177.974358974359	1.63123991255847	FALSE
PTCD3	3	83	38	205.879518072289	2	38	135.5	165.763157894737	248.644736842105	1.63109069804831	FALSE
ZFHX3	3	67	75	140.910447761194	1	15	5	32.7333333333333	98.2	1.63053412444009	FALSE
ENSA	7	13	257	268.769230769231	3	52	81.5	133.480769230769	311.455128205128	1.63028441653808	FALSE
SKP1	3	41	543	619.317073170732	2	89	385	441.269662921348	661.904494382022	1.62928134311169	FALSE
NEDD8	4	24	549	487.416666666667	2	57	226	264.964912280702	529.929824561404	1.62852336573685	FALSE
SNW1	3	40	26	63	2	32	28.5	70.25	105.375	1.62710971121114	FALSE
CCT4	3	83	115	174.44578313253	2	38	123.5	144.447368421053	216.671052631579	1.62557243009802	FALSE
SDC2	7	11	520	480.636363636364	5	45	254	373.466666666667	522.853333333333	1.62548705675194	FALSE
ATF6	6	19	1	75.1578947368421	4	47	58	78.2340425531915	117.351063829787	1.62524214609509	FALSE
UBE3A	5	16	184.5	218.8125	4	50	79	141.3	176.625	1.6251837901751	FALSE
GABPB1-AS1	5	14	165.5	212	4	53	35	135.88679245283	169.858490566038	1.62471008720707	FALSE
CDH11	3	75	177	252.373333333333	2	45	87	196.333333333333	294.5	1.62455709630831	FALSE
VIM	2	95	337	514.294736842105	1	35	247	278.171428571429	556.342857142857	1.62374658607311	FALSE
PSMB2	3	47	0	108.148936170213	2	82	68	100.085365853659	150.128048780488	1.62303325386205	FALSE
KATNBL1	5	16	96.5	165.125	4	50	25	98.78	123.475	1.61961500574281	FALSE
LITAF	4	16	135.5	256.375	3	73	155	223.493150684931	297.990867579909	1.61925895294564	FALSE
PDIA4	5	37	90	144.459459459459	3	24	75.5	111.625	186.041666666667	1.61890753820539	FALSE
APEX1	4	24	99	156.625	3	47	34	86.468085106383	115.290780141844	1.61630974516942	FALSE
YPEL5	3	83	2	118.313253012048	2	36	0	51.3888888888889	77.0833333333333	1.61521248873963	FALSE
ACTR10	5	13	91	236.307692307692	2	30	52.5	111	277.5	1.61481612286104	FALSE
CEBPD	6	65	299	461.738461538462	5	56	145.5	350.482142857143	420.578571428571	1.61447420659739	FALSE
SLTM	5	14	69	159.214285714286	3	56	55.5	120.214285714286	200.357142857143	1.61429444774497	FALSE
MCL1	4	36	195	278.972222222222	3	52	150	240.019230769231	320.025641025641	1.61334932968041	FALSE
ZNF638	3	83	115	173.578313253012	2	38	78	143.078947368421	214.618421052632	1.61320849286201	FALSE
ITM2B	2	74	128	187.77027027027	1	10	38	114.4	228.8	1.61309865619983	FALSE
PSMG3	4	94	55	116.755319148936	3	35	88	118.257142857143	157.67619047619	1.61194487256186	FALSE
MRPL33	4	11	27	87.9090909090909	3	83	83	96.421686746988	128.562248995984	1.60909428883381	FALSE
ANKRD36B	5	26	5	49.4230769230769	4	90	16	72.0555555555556	90.0694444444444	1.60902173969846	FALSE
NME2	2	96	55	63.875	1	34	0	11.7647058823529	23.5294117647059	1.60579605182586	FALSE
SLIRP	4	41	396	434.926829268293	3	40	261	296	394.666666666667	1.60487552457266	FALSE
NDUFA2	3	41	98	108.731707317073	2	89	73	99.3033707865169	148.955056179775	1.60447822568505	FALSE
RPL10	2	33	2913	2868.84848484848	1	95	1396	1414.36842105263	2828.73684210526	1.60327044856123	FALSE
YWHAB	4	82	128	178.024390243902	3	41	117	163.536585365854	218.048780487805	1.60232472433336	FALSE
MAP1B	2	96	78	172.083333333333	1	14	0	66.0714285714286	132.142857142857	1.60141323844313	FALSE
LAMTOR4	3	31	219	251.032258064516	2	90	114	140.733333333333	211.1	1.60132386910322	FALSE
MRPS28	6	65	102	124.353846153846	5	56	49	70.3928571428571	84.4714285714286	1.60078147639188	FALSE
CHURC1	4	41	124	172	2	32	35.5	66.0625	132.125	1.60070069606524	FALSE
PDIA3P1	7	13	16	20	4	36	22	34.1666666666667	59.7916666666667	1.59979212987214	FALSE
LYPLA1	6	65	63	154.076923076923	5	56	127.5	161.517857142857	193.821428571429	1.59927709781381	FALSE
ANP32A	5	15	131	130.133333333333	3	72	92	101.902777777778	169.837962962963	1.59884114921591	FALSE
ZNF106	4	50	159	297.68	3	59	92	193.576271186441	258.101694915254	1.59745719188899	FALSE
N4BP2L2	2	74	109.5	263.216216216216	1	10	32	111.9	223.8	1.59567493157992	FALSE
HMGN1	2	105	117	170.980952380952	1	14	0	65.7857142857143	131.571428571429	1.59560118725978	FALSE
RPN2	4	82	213	245.670731707317	3	41	129	154.731707317073	206.308943089431	1.59507482474988	FALSE
FUS	4	16	126	144.3125	3	73	82	137.575342465753	183.433789954338	1.59241316643291	FALSE
EIF5B	5	26	303	488.346153846154	3	10	191.5	269.6	449.333333333333	1.59120734966769	FALSE
ANP32A	4	32	67	96.875	3	72	92	101.902777777778	135.87037037037	1.59101304954061	FALSE
NPC2	5	16	373	408	4	41	228	295.292682926829	369.115853658537	1.58977256893956	FALSE
CNOT7	3	92	54.5	113.413043478261	2	37	49	101.378378378378	152.067567567568	1.58720033064862	FALSE
ACIN1	4	24	17	46.0833333333333	2	57	6	42.3508771929825	84.7017543859649	1.58679451330284	FALSE
TMEM167A	2	96	166	214.041666666667	1	14	0	87.7142857142857	175.428571428571	1.58673461620436	FALSE
TARDBP	3	47	20	96.4468085106383	2	82	54.5	89.9512195121951	134.926829268293	1.58523529764156	FALSE
DYNC1H1	4	52	20	66.0769230769231	3	54	23	78.3333333333333	104.444444444444	1.58396374365549	FALSE
PRKDC	6	65	263	300.6	5	56	168	218.607142857143	262.328571428571	1.58287467359395	FALSE
UBE3A	5	16	184.5	218.8125	3	59	42	108.338983050847	180.564971751412	1.58260337405997	FALSE
RAB13	6	19	87	101.473684210526	4	47	21	42.1702127659574	63.2553191489362	1.58227210448988	FALSE
SNAI2	6	65	323	528.676923076923	5	56	245	472.410714285714	566.892857142857	1.58224447898637	FALSE
EIF2S1	5	16	108	189.4375	3	40	11	90.75	151.25	1.58192122758663	FALSE
PAIP2	3	41	99	138.439024390244	2	89	97	117.741573033708	176.612359550562	1.58176010541533	FALSE
COX5A	5	15	167	172.4	3	72	96.5	126.236111111111	210.393518518519	1.57970951472921	FALSE
PDCD4	2	96	26	65.1666666666667	1	34	12	51.5588235294118	103.117647058824	1.57922299955704	FALSE
AC004057.1	3	85	42	40.5882352941176	2	41	54	52.2926829268293	78.4390243902439	1.57807493790534	FALSE
TPM1	5	14	41.5	106.357142857143	3	56	18	86.5	144.166666666667	1.57760120769318	FALSE
HNRNPH3	2	95	42	145.631578947368	1	35	8	54	108	1.57555244084825	FALSE
PSMD4	7	13	129	211.153846153846	3	52	71.5	106.538461538462	248.589743589744	1.57328824875794	FALSE
SNHG19	4	16	89.5	174.6875	2	41	55	68.7317073170732	137.463414634146	1.57082403549224	FALSE
SNAP23	4	50	39.5	69.52	3	59	42	79.9491525423729	106.598870056497	1.56912649096045	FALSE
PNN	3	47	36	92.936170212766	2	57	13	86.5964912280702	129.894736842105	1.56771511955457	FALSE
TAF9	3	20	206	205.9	2	96	95	161.864583333333	242.796875	1.56698958491983	FALSE
COA5	5	26	22	94.8461538461538	4	90	65	105.355555555556	131.694444444444	1.56641734562929	FALSE
APEX1	4	24	99	156.625	2	57	1	59.9122807017544	119.824561403509	1.56585299473061	FALSE
CHURC1	4	41	124	172	3	40	65.5	101.4	135.2	1.56584781867352	FALSE
PSMC2	3	31	35	143.870967741935	2	90	1	71.4	107.1	1.56550505982404	FALSE
SNHG6	6	65	468	519.723076923077	5	56	342	402.607142857143	483.128571428571	1.56341588286574	FALSE
ZNHIT1	3	31	84	111.709677419355	2	90	54	98.8111111111111	148.216666666667	1.56237601790742	FALSE
TBCA	3	20	93	166.4	2	96	50	86.6041666666667	129.90625	1.56221849259536	FALSE
FGFR1	5	82	170	364.707317073171	4	41	227	320.90243902439	401.128048780488	1.56134866669937	FALSE
PNN	4	24	37	87.5416666666667	3	47	36	92.936170212766	123.914893617021	1.56078183238724	FALSE
SRSF5	3	40	108	208.075	2	32	139	162.875	244.3125	1.55915822836305	FALSE
SCARB2	3	85	58	98.0352941176471	2	41	20	89.4390243902439	134.158536585366	1.55778672621057	FALSE
MGST3	6	19	532	453.894736842105	3	43	174	208.906976744186	417.813953488372	1.55727595798605	FALSE
ETFA	4	32	23.5	153.0625	3	72	106	141.680555555556	188.907407407407	1.55442746287789	FALSE
UBR5	7	11	99	162	6	70	43	108.385714285714	126.45	1.55083960506579	FALSE
YTHDF3	6	65	202	247.692307692308	5	56	178.5	235.946428571429	283.135714285714	1.54953545682726	FALSE
AGO2	6	79	64	117.341772151899	5	24	34.5	68.375	82.05	1.54767346670418	FALSE
SLTM	5	14	69	159.214285714286	4	53	48	99.3396226415094	124.174528301887	1.54456109079452	FALSE
PKM	5	15	157	180.8	4	32	15	116.78125	145.9765625	1.54187163908447	FALSE
BAZ2B	4	99	27	107.555555555556	3	23	1	106.782608695652	142.376811594203	1.54184443251409	FALSE
MITD1	5	26	16.5	157.961538461538	3	10	2	73.9	123.166666666667	1.54151524063324	FALSE
PSMD4	8	20	231.5	276	7	13	129	211.153846153846	241.318681318681	1.54009560221629	FALSE
PDXDC1	3	73	17	61.5205479452055	2	41	34	64.0975609756098	96.1463414634146	1.53939973489938	FALSE
SDHC	6	19	136	290.473684210526	4	47	138	170.574468085106	255.86170212766	1.53922647022749	FALSE
PTN	3	31	1726	2124.45161290323	2	90	1253.5	1393.25555555556	2089.88333333333	1.53867776566058	FALSE
SCAND1	4	82	52.5	96.9878048780488	3	41	3	46.8780487804878	62.5040650406504	1.53761435989828	FALSE
RHOBTB3	3	39	128	163.282051282051	2	89	37	85.9438202247191	128.915730337079	1.5361330416275	FALSE
NBEAL1	2	113	39	67.3982300884956	1	15	43	50.8666666666667	101.733333333333	1.53573835764535	FALSE
MAGOH	3	49	16	81.5510204081633	2	80	50.5	77.2375	115.85625	1.53536033023972	FALSE
TPR	4	71	246	309.647887323944	3	50	116	206.56	275.413333333333	1.53446467423113	FALSE
CFDP1	3	67	34	68.5970149253731	1	15	4	11.5333333333333	34.6	1.53144078591427	FALSE
SREK1	3	20	159.5	240.15	1	14	1	91.2857142857143	273.857142857143	1.52772194166471	FALSE
TPT1	2	74	744.5	840.297297297297	1	10	402.5	437	874	1.52766472941155	FALSE
TPM3	6	19	294	289.526315789474	3	43	158	161.511627906977	323.023255813953	1.52500513565831	FALSE
METTL5	4	99	28	83.4747474747475	3	23	67	87.695652173913	116.927536231884	1.52443232812332	FALSE
ZFHX3	2	48	10.5	98.7708333333333	1	15	5	32.7333333333333	65.4666666666667	1.52249857125827	FALSE
BIRC6	3	83	54	96.0843373493976	2	36	4.5	41.8888888888889	62.8333333333333	1.52180476338509	FALSE
RPS15A	3	73	915	1018.98630136986	2	41	680	701.341463414634	1052.01219512195	1.51885457939324	FALSE
MRPS11	4	34	31.5	76.0882352941177	3	71	60	81.830985915493	109.107981220657	1.51877372722095	FALSE
PTK2	6	79	16	88.620253164557	5	24	8.5	46.4166666666667	55.7	1.51746316638067	FALSE
TCF12	5	14	4	117.714285714286	4	53	20	120.490566037736	150.61320754717	1.51718166543625	FALSE
RPS17	4	34	465	425.882352941176	3	71	281	294.802816901408	393.070422535211	1.51603178174224	FALSE
PAPOLA	4	52	319	425.326923076923	3	54	304.5	294.481481481481	392.641975308642	1.51434779528433	FALSE
RNPS1	3	73	14	97.9178082191781	2	41	13	43.5121951219512	65.2682926829268	1.51387674146121	FALSE
NDUFB10	4	16	86.5	218.875	3	73	147	188.602739726027	251.470319634703	1.51315524415538	FALSE
TPM1	5	14	41.5	106.357142857143	4	53	44	111.150943396226	138.938679245283	1.51297155968885	FALSE
NBN	7	11	4	79.0909090909091	6	70	10	95.6428571428571	111.583333333333	1.51178211503322	FALSE
HADHA	3	83	0	61.4578313253012	2	36	17	62.6111111111111	93.9166666666667	1.51133293280714	FALSE
COL4A2	3	96	36	97.8125	2	22	18.5	43.5909090909091	65.3863636363636	1.51089520473481	FALSE
LARP7	3	85	46	123.141176470588	2	41	9	60.5121951219512	90.7682926829268	1.51018138822815	FALSE
ZFP36L1	5	16	289	367.3125	3	40	149	201	335	1.50937056043802	FALSE
ENSA	7	13	257	268.769230769231	4	36	112	135.194444444444	236.590277777778	1.50757190932697	FALSE
MITD1	5	26	16.5	157.961538461538	4	90	48.5	100.811111111111	126.013888888889	1.50443891209763	FALSE
MYL12B	6	58	831	870.603448275862	4	33	523	601.606060606061	902.409090909091	1.5025041749242	FALSE
HNRNPC	4	24	545	570.125	3	47	315	403.765957446808	538.354609929078	1.50202254704651	FALSE
COMMD1	3	83	60	107.144578313253	2	38	24.5	92.4210526315789	138.631578947368	1.49813129289782	FALSE
DDR2	4	47	140	186.234042553192	3	43	101	163.209302325581	217.612403100775	1.49663024888324	FALSE
ENOSF1	4	55	18	56.3090909090909	3	67	6	65.3731343283582	87.1641791044776	1.4893267921283	FALSE
COPA	6	19	238	286.315789473684	3	43	128	127.767441860465	255.53488372093	1.48828139514573	FALSE
TAX1BP1	3	78	23	79.8205128205128	2	51	41	73.7254901960784	110.588235294118	1.48809534955413	FALSE
RDH11	5	16	63.5	221.25	2	32	88	100.78125	251.953125	1.48718258072756	FALSE
EML4	3	83	51	113.132530120482	2	38	5.5	55	82.5	1.48618286921871	FALSE
VPS36	3	41	90	142.317073170732	2	74	40	74.5135135135135	111.77027027027	1.48496576268508	FALSE
TSC22D3	2	34	425.5	656.058823529412	1	95	246	343.273684210526	686.547368421053	1.48413669754967	FALSE
PRRX1	4	47	108	166.872340425532	3	43	18	102.372093023256	136.496124031008	1.48253367797599	FALSE
PTK2	7	23	41	95.304347826087	5	24	8.5	46.4166666666667	64.9833333333333	1.48174372800336	FALSE
TMEM167A	3	20	308	293.4	1	14	0	87.7142857142857	263.142857142857	1.48082791575721	FALSE
POMP	3	41	359	433.536585365854	2	74	303.5	309.148648648649	463.722972972973	1.47981114428636	FALSE
NBN	7	11	4	79.0909090909091	5	45	7	77.8888888888889	109.044444444444	1.47644808862581	FALSE
SPATS2L	2	113	25	51.5929203539823	1	15	33	40.7333333333333	81.4666666666667	1.47528968865384	FALSE
RSRP1	3	47	79	215.36170212766	2	82	13.5	123.817073170732	185.725609756098	1.47182093974774	FALSE
PDIA3P1	7	13	16	20	3	52	15	21.25	49.5833333333333	1.47104710700747	FALSE
CCT3	4	47	308	296.148936170213	3	43	137	200.023255813953	266.697674418605	1.4691039055755	FALSE
DPM3	6	19	175	188.315789473684	3	43	54	79.4651162790698	158.93023255814	1.46813392588438	FALSE
NDUFB2	3	31	328	356.322580645161	2	90	196	217.966666666667	326.95	1.46794210487205	FALSE
SDHC	4	47	138	170.574468085106	3	43	109	105.953488372093	141.271317829457	1.46691431199578	FALSE
MRPS14	4	47	107	130.957446808511	3	43	102	120.186046511628	160.248062015504	1.46672849350463	FALSE
PSMC1	5	16	55.5	77.1875	2	32	28.5	42.5625	106.40625	1.46566163255261	FALSE
COPS5	6	65	139	248.769230769231	5	56	208	231.589285714286	277.907142857143	1.46445842865616	FALSE
CFDP1	3	67	34	68.5970149253731	2	48	0	26.3541666666667	39.53125	1.46338175679515	FALSE
ASH1L	6	19	43	149.157894736842	4	47	57	118.744680851064	178.117021276596	1.4617854586064	FALSE
NDUFB8	2	96	58.5	59.3958333333333	1	34	38.5	44.1764705882353	88.3529411764706	1.46175518354412	FALSE
PSMC1	4	41	72	96.5853658536585	3	40	20.5	50.75	67.6666666666667	1.46117875374638	FALSE
OIP5-AS1	4	50	68	147.08	3	59	57	88.6610169491525	118.214689265537	1.46037623703078	FALSE
KRTCAP2	4	47	141	180.617021276596	3	43	139	156.883720930233	209.178294573643	1.45577756492329	FALSE
ACTR10	4	42	140	193.47619047619	2	30	52.5	111	222	1.45520752765539	FALSE
CBX3	3	78	50.5	115.833333333333	2	51	69	96.078431372549	144.117647058824	1.45154564572983	FALSE
PHF20L1	7	23	233	310.652173913043	5	24	70.5	201.916666666667	282.683333333333	1.44667446350165	FALSE
C4orf3	3	85	239	302.211764705882	2	41	179	220.09756097561	330.146341463415	1.44614209566179	FALSE
S100A6	6	19	71	175.368421052632	4	47	100	135.531914893617	203.297872340426	1.44606240347673	FALSE
MMP16	6	70	254	388.028571428571	5	45	257	300.155555555556	360.186666666667	1.4446989435566	FALSE
CTNNA1	3	41	13	91.0731707317073	2	89	17	79.2359550561798	118.85393258427	1.44374415154656	FALSE
GABARAPL2	3	67	105	168.985074626866	2	48	5	94.1666666666667	141.25	1.44302933877416	FALSE
DICER1	5	17	36	145.647058823529	4	52	84	138.692307692308	173.365384615385	1.44276699501202	FALSE
MRPL24	4	47	92	128.829787234043	3	43	6	75.8372093023256	101.116279069767	1.44269150521023	FALSE
HM13	4	82	48.5	69.6219512195122	3	41	30	72.9756097560976	97.3008130081301	1.44214822707496	FALSE
TMEM167A	3	20	308	293.4	2	96	166	214.041666666667	321.0625	1.44189142693531	FALSE
MOB1A	3	83	1	73.9518072289157	2	38	12	67.7105263157895	101.565789473684	1.44112904127231	FALSE
RIF1	5	25	31	167.52	4	80	49	112.35	140.4375	1.43268875181853	FALSE
UBE2D3	3	85	218	285.470588235294	2	41	145	208.341463414634	312.512195121951	1.432032495009	FALSE
CISD2	3	85	102	139.752941176471	2	41	5	75.1707317073171	112.756097560976	1.43131299080695	FALSE
ANAPC16	2	95	54	94.6315789473684	1	35	0	33.8571428571429	67.7142857142857	1.43003138567679	FALSE
UBAP2L	4	47	17	44.8085106382979	3	43	7	53.7906976744186	71.7209302325581	1.42995274529987	FALSE
UBE2E3	4	99	161	201.323232323232	3	23	64	171.130434782609	228.173913043478	1.42895530043777	FALSE
SEC22B	4	36	108.5	126.083333333333	3	52	10.5	114.403846153846	152.538461538462	1.42250987052295	FALSE
SRP72	3	88	102	152.318181818182	2	41	105	119.170731707317	178.756097560976	1.42222721416145	FALSE
HIF1A	4	41	144	162.292682926829	3	40	62	141.525	188.7	1.42172428005943	FALSE
TERF1	6	65	124	204.430769230769	5	56	128	192.321428571429	230.785714285714	1.42086211513041	FALSE
SNX6	3	47	8	95.9574468085106	2	57	0	81.5087719298246	122.263157894737	1.42005004597922	FALSE
HSBP1	3	67	462	506.268656716418	2	48	349.5	355	532.5	1.41882053099103	FALSE
RPL7P1	3	41	110	145.609756097561	2	89	110	114.494382022472	171.741573033708	1.41716960712149	FALSE
VPS13C	5	14	163	183	3	56	7.5	94.1428571428571	156.904761904762	1.41656126375045	FALSE
RPS23	2	96	882.5	847.489583333333	1	14	430	436.785714285714	873.571428571429	1.41633831360796	FALSE
QPRT	3	73	77	108.369863013699	2	41	27	89.609756097561	134.414634146341	1.41572054544055	FALSE
PSME1	4	24	5	70.5416666666667	3	47	1	72.4042553191489	96.5390070921986	1.41492892114024	FALSE
ATF6	4	47	58	78.2340425531915	3	43	13	78.046511627907	104.062015503876	1.41209032290282	FALSE
GABPB1-AS1	5	14	165.5	212	3	56	47	142.696428571429	237.827380952381	1.41208036840335	FALSE
BASP1	4	64	70	146.9375	3	64	70	129.546875	172.729166666667	1.41147940730851	FALSE
MRPL24	6	19	103	167.473684210526	4	47	92	128.829787234043	193.244680851064	1.41113121432569	FALSE
RPLP0P6	3	83	54	55.6144578313253	2	38	48	54.2368421052632	81.3552631578947	1.41062213011359	FALSE
SPTBN1	3	83	34	92.2048192771084	2	38	14.5	44.3684210526316	66.5526315789474	1.40912440900824	FALSE
RB1CC1	6	65	61	148.276923076923	5	56	45.5	102.339285714286	122.807142857143	1.40602519742736	FALSE
STMN1	3	47	263	365.702127659574	2	82	112.5	260.780487804878	391.170731707317	1.40600514162727	FALSE
COX16	3	40	66.5	69.075	2	32	52	63	94.5	1.40526096159478	FALSE
CHURC1	5	16	217.5	240.375	4	41	124	172	215	1.40440605092127	FALSE
ZFAND1	6	65	151	240.446153846154	5	56	115.5	179.303571428571	215.164285714286	1.40280916175378	FALSE
DICER1	4	52	84	138.692307692308	3	54	10	85.1666666666667	113.555555555556	1.40030916276091	FALSE
NDUFB1	4	52	113.5	131.788461538462	3	54	97	117.62962962963	156.839506172839	1.39882584076161	FALSE
KRTCAP2	6	19	192	245.947368421053	4	47	141	180.617021276596	270.925531914894	1.3975605039416	FALSE
MRPS18C	3	85	69	134.447058823529	2	41	57	73	109.5	1.39701935108144	FALSE
RDH11	4	41	112	176.756097560976	2	32	88	100.78125	201.5625	1.39456378506348	FALSE
CLINT1	3	42	65.5	100.452380952381	2	88	33	83.5	125.25	1.39440998388586	FALSE
RPS3AP26	3	31	13	14.0967741935484	2	90	24	25.8666666666667	38.8	1.3927536681774	FALSE
UFM1	3	41	172	260.414634146341	1	10	42.5	78.6	235.8	1.3911933851258	FALSE
FKBP3	4	24	156.5	244.166666666667	2	57	92	134.385964912281	268.771929824561	1.39102801425571	FALSE
RPL26	3	29	903	860.310344827586	2	97	510	589.917525773196	884.876288659794	1.39033345453822	FALSE
RTN4	3	83	39	108.096385542169	2	38	9	55.7105263157895	83.5657894736842	1.38970810124791	FALSE
FLRT2	5	16	108.5	223	4	41	131	197.975609756098	247.469512195122	1.38862531168614	FALSE
CDC73	4	71	24	106.605633802817	3	50	13	98.22	130.96	1.38657683188982	FALSE
CAPZB	3	47	3	56.468085106383	2	82	8.5	53.8414634146341	80.7621951219512	1.38550099385355	FALSE
SERINC3	4	82	35	102.048780487805	3	41	3	58.3170731707317	77.7560975609756	1.38547548170396	FALSE
SVIL	2	95	43	98.6	1	35	4	61.4285714285714	122.857142857143	1.38483964589368	FALSE
GNB1	3	47	0	44.8936170212766	2	82	7	45.9512195121951	68.9268292682927	1.38081182190329	FALSE
DHRS7	4	41	75	110.487804878049	3	40	18	64.875	86.5	1.37999050753562	FALSE
YY1	4	52	36	75.5384615384615	3	54	17.5	74.6296296296296	99.5061728395062	1.37962656483119	FALSE
SPCS3	3	81	172	211.543209876543	2	46	109	156.95652173913	235.434782608696	1.37824473938628	FALSE
MATN2	7	11	16	177.636363636364	5	45	69	143.933333333333	201.506666666667	1.37785793235209	FALSE
SDC2	6	70	365.5	424.342857142857	5	45	254	373.466666666667	448.16	1.37688966160517	FALSE
ENSA	8	20	305	283.55	7	13	257	268.769230769231	307.164835164835	1.37318491848132	FALSE
NDUFB3	2	113	65	79.7256637168142	1	15	29	51.6666666666667	103.333333333333	1.37305311869088	FALSE
ETFA	5	15	195	212.533333333333	3	72	106	141.680555555556	236.134259259259	1.37292904181044	FALSE
ALDOA	4	16	19	46.3125	3	73	37	52.3287671232877	69.7716894977169	1.37031300339973	FALSE
LRPPRC	3	83	57	145.469879518072	2	38	42	112.552631578947	168.828947368421	1.36845550815239	FALSE
RNPS1	4	16	41.5	153.875	3	73	14	97.9178082191781	130.557077625571	1.36768985219688	FALSE
RPS3AP6	5	14	54	56.2142857142857	3	56	40	47.6964285714286	79.4940476190476	1.36697853422627	FALSE
CALM1	5	16	404.5	411.25	4	41	208	347.512195121951	434.390243902439	1.3643679321838	FALSE
PMPCB	3	31	53	160.870967741935	2	90	31	122.533333333333	183.8	1.36038572529899	FALSE
SEC31A	3	85	119	194.376470588235	2	41	82	114.317073170732	171.475609756098	1.3598518075635	FALSE
NDUFS6	4	64	69.5	124.625	3	64	55.5	76.546875	102.0625	1.35338721924973	FALSE
NME4	3	73	59	104.986301369863	2	41	48	85.0243902439024	127.536585365854	1.3531520157091	FALSE
RPS27L	5	14	271	250.071428571429	4	53	166	217.943396226415	272.429245283019	1.34942939150403	FALSE
AKAP13	5	16	41.5	42.625	3	71	5	38.9718309859155	64.9530516431925	1.34885082797393	FALSE
MORF4L2	2	34	486	463.823529411765	1	95	192	243.042105263158	486.084210526316	1.34753844839787	FALSE
COX5A	5	15	167	172.4	4	32	108.5	120.1875	150.234375	1.34567998152863	FALSE
GYPC	4	105	6	45.3142857142857	3	17	1	17.5882352941176	23.4509803921569	1.33971581976588	FALSE
MGST3	6	19	532	453.894736842105	4	47	266	288.063829787234	432.095744680851	1.3384364152136	FALSE
UBE2W	6	65	77	145.292307692308	5	56	83.5	139.178571428571	167.014285714286	1.3368993699461	FALSE
RTF1	5	16	59.5	86.3125	3	59	22	64.8135593220339	108.022598870056	1.33666180128133	FALSE
PCM1	3	92	29.5	85.8478260869565	2	37	6	71.7027027027027	107.554054054054	1.33658435982453	FALSE
RPS3AP6	4	53	42	41.9245283018868	3	56	40	47.6964285714286	63.5952380952381	1.33587313625232	FALSE
YTHDC1	3	88	60.5	101.045454545455	2	41	20	52.9512195121951	79.4268292682927	1.33482807382058	FALSE
ATP1B1	4	47	42	119.872340425532	3	43	2	73.7209302325581	98.2945736434109	1.33400649482376	FALSE
ARHGAP28	6	58	55.5	170.275862068966	4	33	27	99.1818181818182	148.772727272727	1.33250177737918	FALSE
LAMB1	3	31	138	350.41935483871	2	90	135	219.3	328.95	1.33181899393796	FALSE
DNMT3A	3	83	9	96.1807228915663	2	36	26.5	49.8333333333333	74.75	1.33103682071627	FALSE
TMCO1	4	47	413	449.489361702128	3	43	274	321.139534883721	428.186046511628	1.3284471929649	FALSE
GABARAP	3	29	78	97.7931034482759	2	97	63	79.340206185567	119.010309278351	1.32668818953322	FALSE
ETFA	5	15	195	212.533333333333	4	32	23.5	153.0625	191.328125	1.32644254359944	FALSE
TANK	4	99	25	84.0808080808081	3	23	14	78.9130434782609	105.217391304348	1.32503478396039	FALSE
RIF1	4	80	49	112.35	3	18	20	68.4444444444444	91.2592592592593	1.32409183312815	FALSE
PAIP1	3	68	82	134.029411764706	2	61	68	103.393442622951	155.090163934426	1.32347387764366	FALSE
ANKRD36C	4	90	44.5	148.2	3	10	10.5	95.4	127.2	1.32221929473392	FALSE
MMP14	4	24	39.5	85.125	3	47	9	79.531914893617	106.042553191489	1.32051088203164	FALSE
POLR2J	3	31	37	87.8387096774194	2	90	51	72.4888888888889	108.733333333333	1.32003455324314	FALSE
SNW1	5	16	65.5	154.75	2	32	28.5	70.25	175.625	1.31962648415564	FALSE
ANP32E	8	20	206	226.7	7	13	150	216.615384615385	247.56043956044	1.31932345541659	FALSE
UQCRC2	4	16	0	96.25	3	73	66	87.6986301369863	116.931506849315	1.3155821781599	FALSE
NASP	3	49	23	114.65306122449	2	80	39	62.675	94.0125	1.31472150174322	FALSE
ANP32E	8	20	206	226.7	4	36	57.5	123.555555555556	247.111111111111	1.30986664686648	FALSE
ZFP36L1	5	16	289	367.3125	4	41	192	277.731707317073	347.164634146341	1.30422905062275	FALSE
LAMTOR5	3	17	1	295.941176470588	2	112	155	210.714285714286	316.071428571429	1.30384921380163	FALSE
TMED9	3	42	359.5	411.095238095238	2	88	223.5	260.647727272727	390.971590909091	1.30370669453859	FALSE
LIMS1	4	104	9	73.4903846153846	3	16	6	70.1875	93.5833333333333	1.30304367582052	FALSE
JTB	6	19	217	240.578947368421	4	47	118	147	220.5	1.30274094133807	FALSE
CALM1	3	40	92	156	2	32	88.5	117.3125	175.96875	1.30035087983849	FALSE
SNHG14	5	16	139.5	181.625	4	50	39	129.46	161.825	1.29666519026153	FALSE
PFDN2	6	19	147	150.157894736842	4	47	89	113.276595744681	169.914893617021	1.29572097523315	FALSE
DDX1	3	83	39	109.228915662651	2	36	16.5	85.9722222222222	128.958333333333	1.29511426689733	FALSE
PPP3CA	3	85	73	108.247058823529	2	41	31	85.3170731707317	127.975609756098	1.29509518737581	FALSE
RAB13	4	47	21	42.1702127659574	3	43	31	46.4186046511628	61.8914728682171	1.29493466100955	FALSE
BIRC6	4	11	22	147.636363636364	3	83	54	96.0843373493976	128.112449799197	1.29056688236261	FALSE
POLR1D	3	41	5	59.7073170731707	1	10	0	13.5	40.5	1.2834667057419	FALSE
IRF2BP2	2	78	78.5	125.820512820513	1	45	9	53.3777777777778	106.755555555556	1.28023583611826	FALSE
PDGFRA	3	88	109	251.545454545455	2	41	60	180.365853658537	270.548780487805	1.27882961737391	FALSE
METTL9	4	16	0	118.9375	3	73	0	75.041095890411	100.054794520548	1.27606421933805	FALSE
PSMD4	7	13	129	211.153846153846	4	36	84	131.388888888889	229.930555555556	1.27361948495376	FALSE
UBR5	7	11	99	162	5	45	76	129.111111111111	180.755555555556	1.27312993285031	FALSE
NME1	2	96	96	125.927083333333	1	34	0	53.7647058823529	107.529411764706	1.2647628616571	FALSE
ATP1B1	6	19	40	129.210526315789	3	43	2	73.7209302325581	147.441860465116	1.26081845101865	FALSE
RBBP6	4	16	41.5	286.25	3	73	63	228.315068493151	304.420091324201	1.25935711010918	FALSE
ASAP1	7	23	24	76.304347826087	5	24	6	41.625	58.275	1.25598001731284	FALSE
TAF9	2	96	95	161.864583333333	1	14	7	71.9285714285714	143.857142857143	1.2554519878855	FALSE
ATOX1	3	41	26	64.2926829268293	2	89	30	54.8089887640449	82.2134831460674	1.2533573983529	FALSE
SEL1L	4	41	28	131.048780487805	3	40	8.5	84.925	113.233333333333	1.25079672729228	FALSE
MCL1	7	13	220	505.923076923077	4	36	195	278.972222222222	488.201388888889	1.24850508713439	FALSE
ADAR	6	19	19	150.842105263158	4	47	78	112.340425531915	168.510638297872	1.2472004928358	FALSE
RBMS1	4	99	145	190.919191919192	3	23	133	156.434782608696	208.579710144928	1.24700344325487	FALSE
RPL41P2	5	16	40.5	38.8125	3	59	33	33.864406779661	56.4406779661017	1.24620742630043	FALSE
COX16	5	16	80.5	97.5625	3	40	66.5	69.075	115.125	1.24458633724916	FALSE
LARP1	3	42	39	61.2857142857143	2	88	16	52.4886363636364	78.7329545454545	1.24172674162462	FALSE
YY1	5	17	28	77	4	52	36	75.5384615384615	94.4230769230769	1.24112485404201	FALSE
EMC4	5	16	286	246.375	3	59	129	158.186440677966	263.64406779661	1.23726889450347	FALSE
DAP3	4	47	38	59.531914893617	3	43	14	57.5348837209302	76.7131782945736	1.23505509592653	FALSE
ADD3	2	96	34	111.645833333333	1	34	0	47.2941176470588	94.5882352941177	1.23191787608373	FALSE
BZW1	2	113	125	222.681415929204	1	15	60	102.866666666667	205.733333333333	1.22912057185263	FALSE
PSMA3	5	13	444	331.230769230769	4	42	231	278.452380952381	348.065476190476	1.22620556106329	FALSE
NDUFB1	5	17	206	212.823529411765	3	54	97	117.62962962963	196.049382716049	1.22464043675352	FALSE
CALU	3	31	370	446.41935483871	2	90	200.5	308.766666666667	463.15	1.2235126883973	FALSE
DDX27	4	82	22.5	64.4756097560976	3	41	14	60.8292682926829	81.1056910569106	1.22089437239499	FALSE
RPL6P27	6	58	10	12.5172413793103	4	33	20	19.3030303030303	28.9545454545455	1.21583058928318	FALSE
PSMA3	3	39	85	146.641025641026	2	30	97.5	108.633333333333	162.95	1.21242664992785	FALSE
AC016739.2	4	99	20	30.6161616161616	3	23	24	35.1739130434783	46.8985507246377	1.21171812908528	FALSE
PPP1CB	4	11	556	587.272727272727	3	83	356	452.590361445783	603.453815261044	1.20900771946641	FALSE
KMT2C	5	37	132	193.621621621622	4	63	108	167.761904761905	209.702380952381	1.20630655220924	FALSE
ALDOA	3	73	37	52.3287671232877	2	41	16	24.219512195122	36.3292682926829	1.20410637899894	FALSE
ARPC1B	3	31	55	86.0322580645161	2	90	24.5	46.7444444444444	70.1166666666667	1.20182278094324	FALSE
YIPF4	3	83	36	102.313253012048	2	36	6	57.6111111111111	86.4166666666667	1.20130387334354	FALSE
MRPL24	6	19	103	167.473684210526	3	43	6	75.8372093023256	151.674418604651	1.19863690019945	FALSE
CCAR1	2	95	28	91.1473684210526	1	35	27	53.4571428571429	106.914285714286	1.19774678949826	FALSE
FMNL2	4	80	43.5	113.8125	3	18	79	97.1666666666667	129.555555555556	1.19708902803127	FALSE
SNRNP200	4	90	33.5	152.266666666667	3	10	47.5	102.4	136.533333333333	1.19682074391443	FALSE
CKLF	3	75	51	68.2	2	45	4	55.9333333333333	83.9	1.19589965240923	FALSE
DECR1	6	70	92.5	166.042857142857	5	45	104	151.4	181.68	1.19415740379223	FALSE
EIF5A	3	29	105	141.103448275862	2	97	54	83.6494845360825	125.474226804124	1.19393734532892	FALSE
RPL41P2	4	50	26.5	29.66	3	59	33	33.864406779661	45.1525423728814	1.19012269264056	FALSE
AGO2	7	23	36	152.347826086957	6	79	64	117.341772151899	136.898734177215	1.18890295688843	FALSE
SRSF5	4	41	178	341.19512195122	2	32	139	162.875	325.75	1.18879134174285	FALSE
ZC3H15	2	113	53	93.0088495575221	1	15	17	54.2	108.4	1.1872710832588	FALSE
BTF3	2	96	492.5	527.760416666667	1	14	325	271.571428571429	543.142857142857	1.18702524321971	FALSE
COX16	4	41	70	76.7560975609756	3	40	66.5	69.075	92.1	1.18593582846527	FALSE
TERF2IP	3	67	79	160.44776119403	2	48	9.5	96.7708333333333	145.15625	1.1844504069818	FALSE
TTC3	2	105	174	257.47619047619	1	14	87	121.142857142857	242.285714285714	1.18157138832326	FALSE
DPY30	3	83	116	144.084337349398	2	36	107.5	106.166666666667	159.25	1.1808613911856	FALSE
HNRNPD	3	85	52	151.505882352941	2	41	67	111.073170731707	166.609756097561	1.17908834664122	FALSE
SF3B1	2	113	193	304.283185840708	1	15	122	144.6	289.2	1.178493082045	FALSE
SNW1	4	41	16	68.9268292682927	3	40	26	63	84	1.17820461836908	FALSE
PGK1	2	34	208.5	337.735294117647	1	95	135	176.4	352.8	1.17796065709016	FALSE
SEL1L	4	41	28	131.048780487805	2	32	26	58	116	1.17750130731351	FALSE
MRPL57	3	41	112	123.292682926829	2	74	72.5	92.2027027027027	138.304054054054	1.17642036218277	FALSE
SGCE	3	31	254	295.677419354839	2	90	120	187.133333333333	280.7	1.1754369898319	FALSE
MORF4L1	5	15	1329	1293.4	3	72	779.5	784.958333333333	1308.26388888889	1.17213245020697	FALSE
GTF2A2	5	14	159.5	189.428571428571	3	56	101.5	122.571428571429	204.285714285714	1.17193529928452	FALSE
PDIA4	5	37	90	144.459459459459	4	63	47	103.714285714286	129.642857142857	1.17074862440399	FALSE
ASPH	6	65	223	255.630769230769	5	56	156.5	200.678571428571	240.814285714286	1.17074514219925	FALSE
SYF2	3	47	27	69.8297872340426	2	82	15.5	56.4146341463415	84.6219512195122	1.17003171275292	FALSE
PSMB4	8	20	320.5	396.7	4	36	162.5	190.972222222222	381.944444444444	1.16895556559267	FALSE
UBE2B	3	41	24	99.4146341463415	2	89	17	56.4606741573034	84.6910112359551	1.16801468611533	FALSE
INSIG1	4	63	31	206.603174603175	3	24	62.5	144	192	1.16444727789197	FALSE
PSME1	3	47	1	72.4042553191489	2	57	3	57.9473684210526	86.9210526315789	1.16187081313002	FALSE
CAST	3	39	38	79.4871794871795	2	89	7	62.6516853932584	93.9775280898876	1.16107883367072	FALSE
SDC2	7	11	520	480.636363636364	6	70	365.5	424.342857142857	495.066666666667	1.15927545119098	FALSE
CACYBP	6	19	322	407.210526315789	4	47	175	281.085106382979	421.627659574468	1.15887891269206	FALSE
ITM2B	3	41	192	267.243902439024	2	74	128	187.77027027027	281.655405405405	1.15870927546827	FALSE
UACA	4	32	119.5	137.5625	3	72	34	113.847222222222	151.796296296296	1.15332074622974	FALSE
DDOST	3	47	48	116.893617021277	2	82	47.5	68.5243902439024	102.786585365854	1.1494356408778	FALSE
TXNDC17	3	29	130	125.344827586207	2	97	53	74.1752577319588	111.262886597938	1.14866252003316	FALSE
POGZ	8	20	66.5	166.3	4	36	26	76.1111111111111	152.222222222222	1.14853410544412	FALSE
ADAR	4	47	78	112.340425531915	3	43	20	73.6976744186046	98.2635658914729	1.14850578030728	FALSE
BUD31	3	31	149	171.806451612903	2	90	45.5	105.233333333333	157.85	1.14477501421678	FALSE
RHOB	3	83	47	164.518072289157	2	36	33	118.972222222222	178.458333333333	1.14427090640073	FALSE
CSTB	2	105	81	111.295238095238	1	14	0	62.5714285714286	125.142857142857	1.14137510745308	FALSE
VKORC1	3	73	43	57.5342465753425	2	41	37	47.4146341463415	71.1219512195122	1.13314609804481	FALSE
PHB	2	96	78.5	106.489583333333	1	34	0	60	120	1.13066874304451	FALSE
C1orf43	4	47	87	113.659574468085	3	43	0	75.1627906976744	100.217054263566	1.12848069790754	FALSE
TSN	4	105	77	140.047619047619	3	17	4	115.058823529412	153.411764705882	1.12594120044673	FALSE
UBAP2L	6	19	53	120.894736842105	3	43	7	53.7906976744186	107.581395348837	1.12428707200031	FALSE
DAP3	6	19	28	101.789473684211	3	43	14	57.5348837209302	115.06976744186	1.12320768165213	FALSE
PSMD4	8	20	231.5	276	4	36	84	131.388888888889	262.777777777778	1.12130445195321	FALSE
MAP4K4	5	26	157	174.346153846154	4	90	63.5	128.933333333333	161.166666666667	1.11989851196878	FALSE
EIF3I	3	47	68	161.063829787234	2	82	60.5	116.158536585366	174.237804878049	1.11971683794776	FALSE
ENSA	8	20	305	283.55	4	36	112	135.194444444444	270.388888888889	1.11929255561946	FALSE
PSMC1	3	40	20.5	50.75	2	32	28.5	42.5625	63.84375	1.11706404464639	FALSE
PSMD7	2	48	1.5	84.25	1	15	0	35.6	71.2	1.1156105116743	FALSE
ERGIC3	4	82	39	87.2560975609756	3	41	3	55.6829268292683	74.2439024390244	1.11435056704075	FALSE
AZIN1	7	11	141	184.363636363636	6	70	62	147	171.5	1.10936375470208	FALSE
NFE2L2	4	99	1	79.3232323232323	3	23	14	49.8695652173913	66.4927536231884	1.10824286003114	FALSE
SMARCA5	3	49	46	112.836734693878	2	79	13	83.7721518987342	125.658227848101	1.10793860481456	FALSE
PDIA3P1	8	20	9	10.1	7	13	16	20	22.8571428571429	1.10575341887429	FALSE
UFC1	6	19	139	225.842105263158	4	47	136	142.085106382979	213.127659574468	1.10429743100085	FALSE
RAB11A	5	14	271.5	392.857142857143	3	56	159.5	243.339285714286	405.565476190476	1.10408859763518	FALSE
POGZ	8	20	66.5	166.3	7	13	55	134.461538461538	153.67032967033	1.10139201438165	FALSE
SHC1	6	19	269	368.473684210526	3	43	60	177.976744186047	355.953488372093	1.09761112207615	FALSE
DAP3	6	19	28	101.789473684211	4	47	38	59.531914893617	89.2978723404255	1.09661811573131	FALSE
UBBP4	3	29	14	16.448275862069	2	97	15	19.2886597938144	28.9329896907216	1.09637859201685	FALSE
NAA38	3	29	53	101.51724137931	2	97	51	59.4226804123711	89.1340206185567	1.09283361533878	FALSE
MMP14	3	47	9	79.531914893617	2	57	9	44.7894736842105	67.1842105263158	1.09158622291674	FALSE
EMC2	6	70	109.5	135.057142857143	5	45	69	122.777777777778	147.333333333333	1.08906361828346	FALSE
RUNX1T1	6	70	73	158.314285714286	5	45	138	142.088888888889	170.506666666667	1.08608852378983	FALSE
JTB	6	19	217	240.578947368421	3	43	98	114.209302325581	228.418604651163	1.08494581491342	FALSE
ARHGAP28	6	58	55.5	170.275862068966	5	34	0.5	131.764705882353	158.117647058824	1.0848698193324	FALSE
MAP1B	3	20	95.5	210.3	1	14	0	66.0714285714286	198.214285714286	1.08227232302477	FALSE
PSMB5	4	24	597.5	588.458333333333	2	57	259	300.157894736842	600.315789473684	1.07399152691119	FALSE
WAC	2	95	22	54.3157894736842	1	35	4	21.2571428571429	42.5142857142857	1.07193734906879	FALSE
AIMP1	3	85	73	126.564705882353	2	41	73	92.219512195122	138.329268292683	1.07057577797924	FALSE
HNRNPA3	4	99	232	296.808080808081	3	23	186	213.826086956522	285.101449275362	1.06843194911155	FALSE
CTSB	3	88	16.5	82.0681818181818	2	40	0	46.975	70.4625	1.06467065975754	FALSE
HNRNPDL	3	85	348	600.541176470588	2	41	174	392.658536585366	588.987804878049	1.06270874183492	FALSE
PFDN2	4	47	89	113.276595744681	3	43	57	76.3023255813954	101.736434108527	1.06221189176581	FALSE
PSMC1	4	41	72	96.5853658536585	2	32	28.5	42.5625	85.125	1.05919848200213	FALSE
KATNBL1	4	50	25	98.78	3	59	18	65.4915254237288	87.3220338983051	1.05910753305859	FALSE
ASAP1	7	23	24	76.304347826087	6	79	11	55.6962025316456	64.9789029535865	1.05405527045329	FALSE
YPEL5	4	11	0	114.090909090909	2	36	0	51.3888888888889	102.777777777778	1.05358282807263	FALSE
ARF1	2	78	51	80.1666666666667	1	45	5	45.6888888888889	91.3777777777778	1.04964865679759	FALSE
SNX6	4	24	113	174.208333333333	2	57	0	81.5087719298246	163.017543859649	1.0488607256678	FALSE
IQGAP1	4	34	1.5	89.9117647058823	3	71	1	59.0422535211268	78.7230046948357	1.04878195871784	FALSE
HSPD1	2	113	253	344.575221238938	1	15	139	166.733333333333	333.466666666667	1.04565755289901	FALSE
DPM3	4	47	91	95.0425531914894	3	43	54	79.4651162790698	105.953488372093	1.03786197573682	FALSE
MRPS11	5	16	60	84.375	4	34	31.5	76.0882352941177	95.1102941176471	1.03081394741422	FALSE
PSMD4	4	36	84	131.388888888889	3	52	71.5	106.538461538462	142.051282051282	1.02785469254927	FALSE
FDPS	6	19	65	120	3	43	38	65.2558139534884	130.511627906977	1.0216699792318	FALSE
OAZ2	4	53	51	110.943396226415	3	56	20.5	91.0535714285714	121.404761904762	1.01958838317895	FALSE
TERF2IP	3	67	79	160.44776119403	1	15	11	50	150	1.01902323731343	FALSE
PSMD7	3	67	73	115.970149253731	2	48	1.5	84.25	126.375	1.01723585479879	FALSE
DYNC1H1	5	17	99	140.941176470588	3	54	23	78.3333333333333	130.555555555556	1.01643246638978	FALSE
SNRPE	3	16	489	495.4375	2	53	310	323.377358490566	485.066037735849	1.01583999153677	FALSE
SMARCA1	2	34	177	236.294117647059	1	95	64	123.305263157895	246.610526315789	1.01352853771748	FALSE
SH3BGRL	2	34	167	213.794117647059	1	95	7	112.042105263158	224.084210526316	1.0124192947592	FALSE
ARL4A	5	90	99	232.355555555556	4	28	119	194.107142857143	242.633928571429	1.01192437476146	FALSE
MAPRE1	4	82	24	65.3414634146341	3	41	9	41.3658536585366	55.1544715447154	1.00804595955475	FALSE
SAP18	3	41	441	496.268292682927	2	74	286	324.081081081081	486.121621621622	1.00632358147679	FALSE
ATP6V0B	3	49	80	195.551020408163	2	80	88.5	123.75	185.625	0.996775163783285	FALSE
EIF2S1	4	41	169	216.707317073171	2	32	67.5	103.40625	206.8125	0.995407769755464	FALSE
TAF9	3	20	206	205.9	1	14	7	71.9285714285714	215.785714285714	0.9950080544425	FALSE
RPL6P27	5	34	10	14.3235294117647	4	33	20	19.3030303030303	24.1287878787879	0.991459046175393	FALSE
CIAO1	5	26	102.5	165.153846153846	4	90	82	124.288888888889	155.361111111111	0.990904004170663	FALSE
ZFP36L1	4	41	192	277.731707317073	3	40	149	201	268	0.988189038967013	FALSE
C1D	3	83	52	99.0602409638554	2	38	32	72.5	108.75	0.986312977197934	FALSE
TIPRL	6	19	42	147.736842105263	3	43	7	78.6744186046512	157.348837209302	0.982813540919908	FALSE
UFC1	6	19	139	225.842105263158	3	43	92	108.116279069767	216.232558139535	0.982702920827128	FALSE
MGST3	4	47	266	288.063829787234	3	43	174	208.906976744186	278.542635658915	0.978691420108985	FALSE
NDUFA1	2	34	322.5	355.588235294118	1	95	178	182.547368421053	365.094736842105	0.97802072325323	FALSE
THRAP3	3	47	2	68.8723404255319	2	82	23.5	52.2317073170732	78.3475609756098	0.97658932761816	FALSE
FKBP7	4	99	222	312.111111111111	3	23	209	227.04347826087	302.724637681159	0.972502455142865	FALSE
DNAJC10	4	99	35	137.373737373737	3	23	28	96.1304347826087	128.173913043478	0.963779534614306	FALSE
PSMD7	3	67	73	115.970149253731	1	15	0	35.6	106.8	0.962376404322629	FALSE
PRPF40A	5	25	240	293.24	4	80	159.5	241.825	302.28125	0.956228478105172	FALSE
ANP32A	5	15	131	130.133333333333	4	32	67	96.875	121.09375	0.956148412753624	FALSE
SRRM2	4	16	92	338	3	73	126	260.068493150685	346.75799086758	0.942404487994526	FALSE
MED10	4	64	60.5	149.984375	3	64	82.5	119.015625	158.6875	0.939675221189842	FALSE
EIF3H	7	23	964	893.173913043478	6	79	664	758.126582278481	884.481012658228	0.939164702933131	FALSE
PMF1	6	19	8	79.4210526315789	3	43	0	35.3720930232558	70.7441860465116	0.938362919819616	FALSE
RAB13	6	19	87	101.473684210526	3	43	31	46.4186046511628	92.8372093023256	0.936336515591348	FALSE
AP3S1	3	41	112	183.536585365854	2	88	81.5	127.852272727273	191.778409090909	0.916023321659767	FALSE
TMEM70	6	65	105	166.2	5	56	81.5	131.660714285714	157.992857142857	0.914191993010047	FALSE
UBE2D2	3	41	83	104.390243902439	2	89	3	64.1573033707865	96.2359550561798	0.911386091236164	FALSE
SPTSSA	3	47	61	142.276595744681	2	57	12	100.263157894737	150.394736842105	0.909456595306015	FALSE
CRISPLD1	6	65	77	198.292307692308	5	56	54.5	158.482142857143	190.178571428571	0.909220886894862	FALSE
PSMD4	8	20	231.5	276	3	52	71.5	106.538461538462	284.102564102564	0.908622475591904	FALSE
PTK2	7	23	41	95.304347826087	6	79	16	88.620253164557	103.39029535865	0.907730918992169	FALSE
NEMF	4	24	194.5	233.833333333333	2	57	48	112.877192982456	225.754385964912	0.907354778860377	FALSE
CNIH1	4	42	137.5	240.690476190476	2	30	18.5	124.366666666667	248.733333333333	0.905410354837088	FALSE
PFDN4	4	82	113	154.646341463415	3	41	41	110.024390243902	146.69918699187	0.900211654628507	FALSE
AHSA1	5	16	28.5	90.375	3	40	0	49.525	82.5416666666667	0.893946607552074	FALSE
ARHGAP28	5	34	0.5	131.764705882353	4	33	27	99.1818181818182	123.977272727273	0.891394331833594	FALSE
CHD2	4	34	88.5	155.382352941176	3	71	25	110.788732394366	147.718309859155	0.884457937384637	FALSE
NUPR1	4	16	89.5	115.4375	3	73	63	92.2876712328767	123.050228310502	0.881540330600465	FALSE
C1QBP	3	29	255	299.068965517241	2	97	177	204.40206185567	306.603092783505	0.87703295201926	FALSE
PSMC1	5	16	55.5	77.1875	3	40	20.5	50.75	84.5833333333333	0.868987115679507	FALSE
SEC11A	5	16	342.5	448.125	3	71	223	264.464788732394	440.774647887324	0.866308144108601	FALSE
ZFHX3	3	67	75	140.910447761194	2	48	10.5	98.7708333333333	148.15625	0.86008647657026	FALSE
SARAF	3	92	84.5	140.445652173913	2	37	11	98.3783783783784	147.567567567568	0.852596810072968	FALSE
PPP2CA	3	41	77	134.512195121951	2	89	4	94.1797752808989	141.269662921348	0.829783984880942	FALSE
PGRMC1	2	34	74	234.617647058824	1	95	48	114.031578947368	228.063157894737	0.816538849822695	FALSE
PRRX1	6	19	107	198.210526315789	3	43	18	102.372093023256	204.744186046512	0.815156512919073	FALSE
MAF	3	67	101	201.761194029851	1	15	50	65.1333333333333	195.4	0.803538642677354	FALSE
UBE2V1	4	82	40	52.3780487804878	3	41	20	34.780487804878	46.3739837398374	0.77844538820857	FALSE
PXDN	3	68	47.5	255.779411764706	2	58	69.5	166.534482758621	249.801724137931	0.776533216572694	FALSE
SRP19	3	41	67	78.3658536585366	2	88	22.5	56.2272727272727	84.3409090909091	0.77634193871839	FALSE
TACC1	5	82	48	122.024390243902	4	41	33	102.341463414634	127.926829268293	0.771031509260696	FALSE
RBBP4	3	47	23	150.702127659574	2	82	40	104.378048780488	156.567073170732	0.768263981615458	FALSE
PDIA3P1	4	36	22	34.1666666666667	3	52	15	21.25	28.3333333333333	0.765916793966632	FALSE
PFDN1	3	41	43	90.219512195122	2	89	5	56.2808988764045	84.4213483146067	0.763290486182418	FALSE
ASAP1	6	79	11	55.6962025316456	5	24	6	41.625	49.95	0.759380929143915	FALSE
DNAJC8	3	47	117	240.851063829787	2	82	119	164.30487804878	246.457317073171	0.748672711640459	FALSE
TGFBI	3	41	93	181.829268292683	2	89	11	117.483146067416	176.224719101124	0.748540685353472	FALSE
ACTR10	5	13	91	236.307692307692	4	42	140	193.47619047619	241.845238095238	0.743317330237223	FALSE
STAG2	2	34	66.5	141.441176470588	1	95	4	67.9894736842105	135.978947368421	0.737369911790597	FALSE
AHSA1	4	41	19	71.4878048780488	3	40	0	49.525	66.0333333333333	0.736752680436471	FALSE
TLK1	4	99	126	194.454545454545	3	23	102	149.913043478261	199.884057971014	0.734760838629107	FALSE
GOLGA7	5	82	50	77.4634146341463	4	41	20	66.219512195122	82.7743902439024	0.725174306959965	FALSE
NSA2	2	96	53	92.4375	1	14	0	43.5714285714286	87.1428571428571	0.723836670694081	FALSE
RANBP2	4	104	27	86.6153846153846	3	16	0	61	81.3333333333333	0.722802613342654	FALSE
JTB	4	47	118	147	3	43	98	114.209302325581	152.279069767442	0.722557401613536	FALSE
IK	3	41	53	87.1951219512195	2	89	36	61.6404494382022	92.4606741573034	0.721443923000996	FALSE
VPS13B	6	70	61.5	127.614285714286	5	45	44	110.688888888889	132.826666666667	0.717036149072566	FALSE
TRA2A	4	91	87	147.813186813187	3	30	90.5	107.133333333333	142.844444444444	0.696246478988596	FALSE
TCEA1	6	65	97	214.138461538462	5	56	127.5	174.428571428571	209.314285714286	0.68342312792103	FALSE
LAPTM4B	7	11	191	192.181818181818	6	70	78.5	168.757142857143	196.883333333333	0.672237840042298	FALSE
RPL6P27	6	58	10	12.5172413793103	5	34	10	14.3235294117647	17.1882352941176	0.669409301505866	FALSE
CKS1B	4	47	276	386.617021276596	3	43	234	286.46511627907	381.953488372093	0.668715045362523	FALSE
TOP1	4	82	27	72.9878048780488	3	41	7	51.2926829268293	68.390243902439	0.662527497822077	FALSE
NDUFA5	3	31	125	175.838709677419	2	90	63.5	114.166666666667	171.25	0.661690581232837	FALSE
CHCHD7	6	65	52	88.6615384615385	5	56	34.5	70.0714285714286	84.0857142857143	0.660469328517405	FALSE
NCOA2	6	65	25	115.353846153846	5	56	28.5	99.9107142857143	119.892857142857	0.656961234177319	FALSE
PSMA6	3	47	53	81.4255319148936	2	57	44	51.280701754386	76.9210526315789	0.65364459388252	FALSE
TIPRL	6	19	42	147.736842105263	4	47	96	101.468085106383	152.202127659574	0.64984923717669	FALSE
MMP14	4	24	39.5	85.125	2	57	9	44.7894736842105	89.5789473684211	0.648745080740372	FALSE
PTP4A2	3	47	52	130.063829787234	2	82	35.5	83.7439024390244	125.615853658537	0.648162447817979	FALSE
LAMP2	2	34	111.5	202.470588235294	1	95	34	103.431578947368	206.863157894737	0.642718657468803	FALSE
PIN4	2	34	72.5	89.1470588235294	1	95	12	42.3894736842105	84.7789473684211	0.640293711134638	FALSE
LAMTOR2	6	19	279	266.842105263158	3	43	104	131.279069767442	262.558139534884	0.631845987817864	FALSE
ESD	2	74	117.5	149.972972972973	1	10	4.5	77.1	154.2	0.626035024656833	FALSE
TPM1	4	53	44	111.150943396226	3	56	18	86.5	115.333333333333	0.621424520982653	FALSE
SUPT16H	3	47	75	138.510638297872	2	57	59	89.5964912280702	134.394736842105	0.614464968197074	FALSE
PMF1	4	47	36	51.1489361702128	3	43	0	35.3720930232558	47.1627906976744	0.600553144030258	FALSE
UQCRHL	3	47	15	15.936170212766	2	82	12	13.1707317073171	19.7560975609756	0.582055103076186	FALSE
RPS3AP6	5	14	54	56.2142857142857	4	53	42	41.9245283018868	52.4056603773585	0.580768252233512	FALSE
PDIA6	3	83	119	156.650602409639	2	36	84.5	106.972222222222	160.458333333333	0.580666251035069	FALSE
DPM1	4	82	129.5	157.865853658537	3	41	76	115.560975609756	154.081300813008	0.578014573877966	FALSE
DICER1	5	17	36	145.647058823529	3	54	10	85.1666666666667	141.944444444444	0.568508483381817	FALSE
TATDN1	7	23	162	145.086956521739	6	79	84	127.430379746835	148.668776371308	0.554103738881622	FALSE
KTN1	4	42	119.5	141.404761904762	2	30	32	68.9333333333333	137.866666666667	0.548769519026654	FALSE
PPP2R5C	4	52	15	103.480769230769	3	54	18.5	74.9814814814815	99.9753086419753	0.544745088787648	FALSE
COX7C	2	96	426.5	445.0625	1	14	243	220.785714285714	441.571428571429	0.542958734725687	FALSE
ADAR	6	19	19	150.842105263158	3	43	20	73.6976744186046	147.395348837209	0.537410593937659	FALSE
PSMD14	4	99	66	121.191919191919	3	23	52	93.4782608695652	124.63768115942	0.537285273178373	FALSE
TIPRL	4	47	96	101.468085106383	3	43	7	78.6744186046512	104.899224806202	0.535438400838218	FALSE
MTPN	3	31	11	91.1612903225806	2	90	0.5	58.5	87.75	0.532918682212807	FALSE
APEX1	3	47	34	86.468085106383	2	57	1	59.9122807017544	89.8684210526316	0.531521826570036	FALSE
CFDP1	2	48	0	26.3541666666667	1	15	4	11.5333333333333	23.0666666666667	0.516865761497814	FALSE
NDUFB9	7	23	352	320.826086956522	5	24	165.5	226.833333333333	317.566666666667	0.513140364698379	FALSE
NIFK	4	105	120	155.009523809524	3	17	64	113.823529411765	151.764705882353	0.511190332740881	FALSE
TERF2IP	2	48	9.5	96.7708333333333	1	15	11	50	100	0.509090460794705	FALSE
NHP2	3	42	62.5	93.3809523809524	2	88	25	64.3977272727273	96.5965909090909	0.50726722351613	FALSE
SFPQ	3	47	80	238.765957446808	2	82	106	157.036585365854	235.55487804878	0.506651044183484	FALSE
UBE3A	4	50	79	141.3	3	59	42	108.338983050847	144.45197740113	0.49858309504856	FALSE
ANKRD36	4	90	70	160.288888888889	3	10	68.5	122.5	163.333333333333	0.48350805338106	FALSE
NPM1	3	42	1494.5	1627.57142857143	2	88	999.5	1083.04545454545	1624.56818181818	0.477591016238611	FALSE
ARPP19	4	53	21	74.7169811320755	3	56	6	58.2321428571429	77.6428571428571	0.466255918175392	FALSE
ATP6V0E1	3	42	273	266.309523809524	2	88	151.5	175.647727272727	263.471590909091	0.45300212286344	FALSE
CBWD2	4	104	22	55.7692307692308	3	16	6.5	39.75	53	0.44235914846045	FALSE
PTRHD1	4	11	0	76	3	83	28	54.9277108433735	73.2369477911647	0.441389091139776	FALSE
PMF1	6	19	8	79.4210526315789	4	47	36	51.1489361702128	76.7234042553191	0.430985341109798	FALSE
NDUFB9	6	79	222	274.784810126582	5	24	165.5	226.833333333333	272.2	0.412428646460451	FALSE
ATP6V1F	3	31	64	103.032258064516	2	90	28.5	70.4	105.6	0.409551373903398	FALSE
MRPL52	4	24	108	115.291666666667	3	47	39	84.6170212765958	112.822695035461	0.392516099862425	FALSE
OTUD6B-AS1	7	11	280	308.090909090909	5	45	162	221.822222222222	310.551111111111	0.390970770784935	FALSE
PFDN2	6	19	147	150.157894736842	3	43	57	76.3023255813954	152.604651162791	0.388590737585702	FALSE
PDXDC1	4	16	1.5	84.4375	3	73	17	61.5205479452055	82.027397260274	0.382035556410985	FALSE
GUK1	2	78	146.5	243.294871794872	1	45	98	122.844444444444	245.688888888889	0.379127247077408	FALSE
COPS6	3	31	47	99.7741935483871	2	90	19.5	64.9444444444444	97.4166666666667	0.372456653484146	FALSE
CHURC1	3	40	65.5	101.4	2	32	35.5	66.0625	99.09375	0.362906383503137	FALSE
MITD1	4	90	48.5	100.811111111111	3	10	2	73.9	98.5333333333333	0.357511351616431	FALSE
ACTR2	3	83	128	190.33734939759	2	38	106	128.394736842105	192.592105263158	0.353099525381751	FALSE
ASAH1	3	92	16.5	91.1195652173913	2	37	0	62.2432432432432	93.3648648648649	0.351274308172426	FALSE
LEPROT	3	49	27	171.857142857143	2	80	76.5	113.0875	169.63125	0.347504255833588	FALSE
NBN	6	70	10	95.6428571428571	5	45	7	77.8888888888889	93.4666666666667	0.337696905335933	FALSE
NR2F2	5	21	24	119	4	84	34.5	93.4880952380952	116.860119047619	0.330389612993038	FALSE
ALDOA	4	16	19	46.3125	2	41	16	24.219512195122	48.4390243902439	0.327670368233956	FALSE
SEL1L	3	40	8.5	84.925	2	32	26	58	87	0.317018101048112	FALSE
UFC1	4	47	136	142.085106382979	3	43	92	108.116279069767	144.15503875969	0.315956157582089	FALSE
EIF4A1	3	29	10	38.3103448275862	2	97	6	24.2061855670103	36.3092783505155	0.301261516495001	FALSE
ERH	5	16	477	567.9375	4	41	430	455.926829268293	569.908536585366	0.294694685504727	FALSE
HINT1	3	41	223	262.560975609756	2	88	140	173.875	260.8125	0.242659578525608	FALSE
RPL41P2	5	16	40.5	38.8125	4	50	26.5	29.66	37.075	0.239924813262151	FALSE
COLEC12	4	55	117	182.527272727273	3	67	4	135.671641791045	180.89552238806	0.212653711650429	FALSE
COX16	5	16	80.5	97.5625	4	41	70	76.7560975609756	95.9451219512195	0.208811544525682	FALSE
SNAP23	5	16	71.5	88.4375	4	50	39.5	69.52	86.9	0.186815124447457	FALSE
UNC50	5	26	111.5	186.846153846154	4	90	91.5	150.555555555556	188.194444444444	0.129783506170007	FALSE
POGZ	7	13	55	134.461538461538	4	36	26	76.1111111111111	133.194444444444	0.102808840290131	FALSE
AHSA1	5	16	28.5	90.375	4	41	19	71.4878048780488	89.359756097561	0.00657038979464094	FALSE
RHEB	4	63	135	174.857142857143	3	24	88	131.75	175.666666666667	-0.0917703733556526	FALSE
SAR1A	2	95	169	193.305263157895	1	35	58	96.9428571428571	193.885714285714	-0.236234340631354	FALSE
ABCE1	3	49	85	162.836734693878	2	79	71	108.936708860759	163.405063291139	-0.245400490496754	FALSE
ADAM9	5	82	105	163.951219512195	4	41	55	131.585365853659	164.481707317073	-0.275324595429056	FALSE
PABPC4	3	47	8	88.3404255319149	2	82	8.5	58.5731707317073	87.859756097561	-0.318153493668072	FALSE
ANP32E	7	13	150	216.615384615385	4	36	57.5	123.555555555556	216.222222222222	-0.405428030064597	FALSE
ZFHX4	6	65	216	389.107692307692	5	56	201	323.964285714286	388.757142857143	-0.455250709263894	FALSE
RDH11	5	16	63.5	221.25	4	41	112	176.756097560976	220.94512195122	-0.515873843711669	FALSE
NDUFB9	7	23	352	320.826086956522	6	79	222	274.784810126582	320.582278481013	-0.612951201084984	FALSE
WDR61	5	15	91	148.533333333333	4	32	55.5	118.84375	148.5546875	-1.67051737198378	FALSE
ATG12	3	41	107	169.512195121951	2	88	35.5	113	169.5	-1.91381385238411	FALSE
