barcode	region	technology	kmeans_cluster	clone_label	cell_type	chisel_rdr_path
AAAGCAACATCCAGCG-1	R4	10X	1	healthy	healthy	/mnt/iribhm/homes/aste0033/projects/MPNST/scDNA/CHISEL/10X/FIT208A6/rdr.tsv
AACCATGCATGAGAAT-1	R4	10X	1	healthy	healthy	/mnt/iribhm/homes/aste0033/projects/MPNST/scDNA/CHISEL/10X/FIT208A6/rdr.tsv
AACCATGTCGTCCCTA-1	R1	10X	1	healthy	healthy	/mnt/iribhm/homes/aste0033/projects/MPNST/scDNA/CHISEL/10X/FIT208A3/rdr.tsv
AACTCCCCAACCCTGG-1	R1	10X	1	healthy	healthy	/mnt/iribhm/homes/aste0033/projects/MPNST/scDNA/CHISEL/10X/FIT208A3/rdr.tsv
AACTTTCAGAAGCCCA-1	P	10X	1	healthy	healthy	/mnt/iribhm/homes/aste0033/projects/MPNST/scDNA/CHISEL/10X/FIT208A8/rdr.tsv
AAGACCTAGCAGCGTA-1	P	10X	1	healthy	healthy	/mnt/iribhm/homes/aste0033/projects/MPNST/scDNA/CHISEL/10X/FIT208A8/rdr.tsv
AAGACCTTCAACAGCT-1	R2	10X	1	healthy	healthy	/mnt/iribhm/homes/aste0033/projects/MPNST/scDNA/CHISEL/10X/FIT208A4/rdr.tsv
AAGCCGCGTAACAATG-1	R1	10X	1	healthy	healthy	/mnt/iribhm/homes/aste0033/projects/MPNST/scDNA/CHISEL/10X/FIT208A3/rdr.tsv
AAGCCGCTCACCGCAG-1	P	10X	1	healthy	healthy	/mnt/iribhm/homes/aste0033/projects/MPNST/scDNA/CHISEL/10X/FIT208A8/rdr.tsv
AAGGTTCGTTAGTCAC-1	R2	10X	1	healthy	healthy	/mnt/iribhm/homes/aste0033/projects/MPNST/scDNA/CHISEL/10X/FIT208A4/rdr.tsv
ACACCAACAAAGTAAC-1	P	10X	1	healthy	healthy	/mnt/iribhm/homes/aste0033/projects/MPNST/scDNA/CHISEL/10X/FIT208A8/rdr.tsv
ACACCGGAGACTGGGT-1	R1	10X	1	healthy	healthy	/mnt/iribhm/homes/aste0033/projects/MPNST/scDNA/CHISEL/10X/FIT208A3/rdr.tsv
ACATACGGTGTGATCT-1	R2	10X	1	healthy	healthy	/mnt/iribhm/homes/aste0033/projects/MPNST/scDNA/CHISEL/10X/FIT208A4/rdr.tsv
ACATCAGGTCCGGGTT-1	P	10X	1	healthy	healthy	/mnt/iribhm/homes/aste0033/projects/MPNST/scDNA/CHISEL/10X/FIT208A8/rdr.tsv
ACCAGTAAGATTACCC-1	P	10X	1	healthy	healthy	/mnt/iribhm/homes/aste0033/projects/MPNST/scDNA/CHISEL/10X/FIT208A8/rdr.tsv
ACCAGTATCGAGTACT-1	R5	10X	1	healthy	healthy	/mnt/iribhm/homes/aste0033/projects/MPNST/scDNA/CHISEL/10X/FIT208A7/rdr.tsv
ACCCACTGTCCGGGTT-1	R1	10X	1	healthy	healthy	/mnt/iribhm/homes/aste0033/projects/MPNST/scDNA/CHISEL/10X/FIT208A3/rdr.tsv
ACCTTTATCACTTTAC-1	R5	10X	1	healthy	healthy	/mnt/iribhm/homes/aste0033/projects/MPNST/scDNA/CHISEL/10X/FIT208A7/rdr.tsv
ACGAGGAAGGATCCTT-1	R1	10X	1	healthy	healthy	/mnt/iribhm/homes/aste0033/projects/MPNST/scDNA/CHISEL/10X/FIT208A3/rdr.tsv
ACGAGGAAGGTAAGTT-1	P	10X	1	healthy	healthy	/mnt/iribhm/homes/aste0033/projects/MPNST/scDNA/CHISEL/10X/FIT208A8/rdr.tsv
ACGATACTCACGACGC-1	P	10X	1	healthy	healthy	/mnt/iribhm/homes/aste0033/projects/MPNST/scDNA/CHISEL/10X/FIT208A8/rdr.tsv
ACGCCGATCGGCACCA-1	R2	10X	1	healthy	healthy	/mnt/iribhm/homes/aste0033/projects/MPNST/scDNA/CHISEL/10X/FIT208A4/rdr.tsv
ACGGAGATCCTTATTG-1	P	10X	1	healthy	healthy	/mnt/iribhm/homes/aste0033/projects/MPNST/scDNA/CHISEL/10X/FIT208A8/rdr.tsv
ACGGGTCAGCAAATCA-1	P	10X	1	healthy	healthy	/mnt/iribhm/homes/aste0033/projects/MPNST/scDNA/CHISEL/10X/FIT208A8/rdr.tsv
ACGGGTCCATCGGGCT-1	R1	10X	1	healthy	healthy	/mnt/iribhm/homes/aste0033/projects/MPNST/scDNA/CHISEL/10X/FIT208A3/rdr.tsv
ACGTCAAAGGGATCTG-1	P	10X	1	healthy	healthy	/mnt/iribhm/homes/aste0033/projects/MPNST/scDNA/CHISEL/10X/FIT208A8/rdr.tsv
ACTGATGCAGCCAGTC-1	P	10X	1	healthy	healthy	/mnt/iribhm/homes/aste0033/projects/MPNST/scDNA/CHISEL/10X/FIT208A8/rdr.tsv
ACTGTCCCATAGTGTC-1	R1	10X	1	healthy	healthy	/mnt/iribhm/homes/aste0033/projects/MPNST/scDNA/CHISEL/10X/FIT208A3/rdr.tsv
ACTTTCAGTGGCAACA-1	R5	10X	1	healthy	healthy	/mnt/iribhm/homes/aste0033/projects/MPNST/scDNA/CHISEL/10X/FIT208A7/rdr.tsv
ACTTTCAGTTGCCAAT-1	R1	10X	1	healthy	healthy	/mnt/iribhm/homes/aste0033/projects/MPNST/scDNA/CHISEL/10X/FIT208A3/rdr.tsv
AGAATAGCATTCTTGT-1	R5	10X	1	healthy	healthy	/mnt/iribhm/homes/aste0033/projects/MPNST/scDNA/CHISEL/10X/FIT208A7/rdr.tsv
AGACGTTAGTACGACG-1	R2	10X	1	healthy	healthy	/mnt/iribhm/homes/aste0033/projects/MPNST/scDNA/CHISEL/10X/FIT208A4/rdr.tsv
AGACGTTCACGCACCA-1	R2	10X	1	healthy	healthy	/mnt/iribhm/homes/aste0033/projects/MPNST/scDNA/CHISEL/10X/FIT208A4/rdr.tsv
AGATCTGCAGGCCGTT-1	R1	10X	1	healthy	healthy	/mnt/iribhm/homes/aste0033/projects/MPNST/scDNA/CHISEL/10X/FIT208A3/rdr.tsv
AGATCTGTCGGAGAAC-1	R1	10X	1	healthy	healthy	/mnt/iribhm/homes/aste0033/projects/MPNST/scDNA/CHISEL/10X/FIT208A3/rdr.tsv
AGCGTATGTAGCAGTG-1	P	10X	1	healthy	healthy	/mnt/iribhm/homes/aste0033/projects/MPNST/scDNA/CHISEL/10X/FIT208A8/rdr.tsv
AGCGTATTCGTGCCTT-1	P	10X	1	healthy	healthy	/mnt/iribhm/homes/aste0033/projects/MPNST/scDNA/CHISEL/10X/FIT208A8/rdr.tsv
AGCTCCTCAAAGCGCA-1	R5	10X	1	healthy	healthy	/mnt/iribhm/homes/aste0033/projects/MPNST/scDNA/CHISEL/10X/FIT208A7/rdr.tsv
AGCTCTCCAGAAGAAG-1	R1	10X	1	healthy	healthy	/mnt/iribhm/homes/aste0033/projects/MPNST/scDNA/CHISEL/10X/FIT208A3/rdr.tsv
AGCTTGAAGAGCAATT-1	P	10X	1	healthy	healthy	/mnt/iribhm/homes/aste0033/projects/MPNST/scDNA/CHISEL/10X/FIT208A8/rdr.tsv
AGCTTGAGTCAGCCGT-1	P	10X	1	healthy	healthy	/mnt/iribhm/homes/aste0033/projects/MPNST/scDNA/CHISEL/10X/FIT208A8/rdr.tsv
AGCTTGAGTCATGTTG-1	R5	10X	1	healthy	healthy	/mnt/iribhm/homes/aste0033/projects/MPNST/scDNA/CHISEL/10X/FIT208A7/rdr.tsv
AGGCCACGTCAAACTC-1	R1	10X	1	healthy	healthy	/mnt/iribhm/homes/aste0033/projects/MPNST/scDNA/CHISEL/10X/FIT208A3/rdr.tsv
AGGCCACGTCAAGTTC-1	R2	10X	1	healthy	healthy	/mnt/iribhm/homes/aste0033/projects/MPNST/scDNA/CHISEL/10X/FIT208A4/rdr.tsv
AGGCCGTAGTGGTAGC-1	P	10X	1	healthy	healthy	/mnt/iribhm/homes/aste0033/projects/MPNST/scDNA/CHISEL/10X/FIT208A8/rdr.tsv
AGGGAGTGTAATATGG-1	R2	10X	1	healthy	healthy	/mnt/iribhm/homes/aste0033/projects/MPNST/scDNA/CHISEL/10X/FIT208A4/rdr.tsv
AGGGAGTTCGGATCCG-1	R5	10X	1	healthy	healthy	/mnt/iribhm/homes/aste0033/projects/MPNST/scDNA/CHISEL/10X/FIT208A7/rdr.tsv
AGGTCCGCAGAACAGC-1	R1	10X	1	healthy	healthy	/mnt/iribhm/homes/aste0033/projects/MPNST/scDNA/CHISEL/10X/FIT208A3/rdr.tsv
AGTTGGTTCCCAAGCG-1	R5	10X	1	healthy	healthy	/mnt/iribhm/homes/aste0033/projects/MPNST/scDNA/CHISEL/10X/FIT208A7/rdr.tsv
ATAACGCCAAGACGAC-1	P	10X	1	healthy	healthy	/mnt/iribhm/homes/aste0033/projects/MPNST/scDNA/CHISEL/10X/FIT208A8/rdr.tsv
ATAACGCGTGCTCTGG-1	R2	10X	1	healthy	healthy	/mnt/iribhm/homes/aste0033/projects/MPNST/scDNA/CHISEL/10X/FIT208A4/rdr.tsv
ATAACGCTCCGTATTT-1	P	10X	1	healthy	healthy	/mnt/iribhm/homes/aste0033/projects/MPNST/scDNA/CHISEL/10X/FIT208A8/rdr.tsv
ATAAGAGGTTGGAACG-1	R2	10X	1	healthy	healthy	/mnt/iribhm/homes/aste0033/projects/MPNST/scDNA/CHISEL/10X/FIT208A4/rdr.tsv
ATCACGAGTAGTTGGG-1	P	10X	1	healthy	healthy	/mnt/iribhm/homes/aste0033/projects/MPNST/scDNA/CHISEL/10X/FIT208A8/rdr.tsv
ATCACGATCACACTAG-1	P	10X	1	healthy	healthy	/mnt/iribhm/homes/aste0033/projects/MPNST/scDNA/CHISEL/10X/FIT208A8/rdr.tsv
ATCATGGTCCTCGACT-1	R4	10X	1	healthy	healthy	/mnt/iribhm/homes/aste0033/projects/MPNST/scDNA/CHISEL/10X/FIT208A6/rdr.tsv
ATCCGAATCCGCTGAG-1	P	10X	1	healthy	healthy	/mnt/iribhm/homes/aste0033/projects/MPNST/scDNA/CHISEL/10X/FIT208A8/rdr.tsv
ATCGAGTCAGTGAATA-1	R1	10X	1	healthy	healthy	/mnt/iribhm/homes/aste0033/projects/MPNST/scDNA/CHISEL/10X/FIT208A3/rdr.tsv
ATCGAGTCATGAAAGT-1	R1	10X	1	healthy	healthy	/mnt/iribhm/homes/aste0033/projects/MPNST/scDNA/CHISEL/10X/FIT208A3/rdr.tsv
ATGCGATAGGGAGTAA-1	P	10X	1	healthy	healthy	/mnt/iribhm/homes/aste0033/projects/MPNST/scDNA/CHISEL/10X/FIT208A8/rdr.tsv
ATGTGTGGTTGTTCAG-1	P	10X	1	healthy	healthy	/mnt/iribhm/homes/aste0033/projects/MPNST/scDNA/CHISEL/10X/FIT208A8/rdr.tsv
ATGTGTGTCATAGGAA-1	R5	10X	1	healthy	healthy	/mnt/iribhm/homes/aste0033/projects/MPNST/scDNA/CHISEL/10X/FIT208A7/rdr.tsv
ATGTGTGTCTAAGACC-1	R5	10X	1	healthy	healthy	/mnt/iribhm/homes/aste0033/projects/MPNST/scDNA/CHISEL/10X/FIT208A7/rdr.tsv
ATTCTACGTCCTCCAT-1	P	10X	1	healthy	healthy	/mnt/iribhm/homes/aste0033/projects/MPNST/scDNA/CHISEL/10X/FIT208A8/rdr.tsv
ATTGGACTCTTGCTTA-1	R5	10X	1	healthy	healthy	/mnt/iribhm/homes/aste0033/projects/MPNST/scDNA/CHISEL/10X/FIT208A7/rdr.tsv
ATTGGTGCAGACTCCG-1	R5	10X	1	healthy	healthy	/mnt/iribhm/homes/aste0033/projects/MPNST/scDNA/CHISEL/10X/FIT208A7/rdr.tsv
ATTGGTGGTAAGGTGC-1	P	10X	1	healthy	healthy	/mnt/iribhm/homes/aste0033/projects/MPNST/scDNA/CHISEL/10X/FIT208A8/rdr.tsv
CAACCTCAGCTCAACT-1	R5	10X	1	healthy	healthy	/mnt/iribhm/homes/aste0033/projects/MPNST/scDNA/CHISEL/10X/FIT208A7/rdr.tsv
CAACCTCCAAGAACTA-1	R1	10X	1	healthy	healthy	/mnt/iribhm/homes/aste0033/projects/MPNST/scDNA/CHISEL/10X/FIT208A3/rdr.tsv
CAAGATCGTTTGGCTA-1	R5	10X	1	healthy	healthy	/mnt/iribhm/homes/aste0033/projects/MPNST/scDNA/CHISEL/10X/FIT208A7/rdr.tsv
CAAGGCCAGTAGATGT-1	R1	10X	1	healthy	healthy	/mnt/iribhm/homes/aste0033/projects/MPNST/scDNA/CHISEL/10X/FIT208A3/rdr.tsv
CAAGGCCGTCAGGTAG-1	P	10X	1	healthy	healthy	/mnt/iribhm/homes/aste0033/projects/MPNST/scDNA/CHISEL/10X/FIT208A8/rdr.tsv
CAAGTTGGTTTGGCTA-1	R2	10X	1	healthy	healthy	/mnt/iribhm/homes/aste0033/projects/MPNST/scDNA/CHISEL/10X/FIT208A4/rdr.tsv
CACAAACAGATCTGAA-1	P	10X	1	healthy	healthy	/mnt/iribhm/homes/aste0033/projects/MPNST/scDNA/CHISEL/10X/FIT208A8/rdr.tsv
CACAAACAGTGAACGC-1	R5	10X	1	healthy	healthy	/mnt/iribhm/homes/aste0033/projects/MPNST/scDNA/CHISEL/10X/FIT208A7/rdr.tsv
CACAAACTCAGTGCCG-1	R1	10X	1	healthy	healthy	/mnt/iribhm/homes/aste0033/projects/MPNST/scDNA/CHISEL/10X/FIT208A3/rdr.tsv
CACACCTGTCCCGACA-1	P	10X	1	healthy	healthy	/mnt/iribhm/homes/aste0033/projects/MPNST/scDNA/CHISEL/10X/FIT208A8/rdr.tsv
CACACTCGTTCCGTCT-1	R2	10X	1	healthy	healthy	/mnt/iribhm/homes/aste0033/projects/MPNST/scDNA/CHISEL/10X/FIT208A4/rdr.tsv
CACAGGCGTTCAGTGT-1	R1	10X	1	healthy	healthy	/mnt/iribhm/homes/aste0033/projects/MPNST/scDNA/CHISEL/10X/FIT208A3/rdr.tsv
CACAGTAAGTGTACGG-1	R1	10X	1	healthy	healthy	/mnt/iribhm/homes/aste0033/projects/MPNST/scDNA/CHISEL/10X/FIT208A3/rdr.tsv
CACCAGGAGGAATGGA-1	R2	10X	1	healthy	healthy	/mnt/iribhm/homes/aste0033/projects/MPNST/scDNA/CHISEL/10X/FIT208A4/rdr.tsv
CACCTTGCAGATCCCG-1	P	10X	1	healthy	healthy	/mnt/iribhm/homes/aste0033/projects/MPNST/scDNA/CHISEL/10X/FIT208A8/rdr.tsv
CAGATCAAGCACACAG-1	R5	10X	1	healthy	healthy	/mnt/iribhm/homes/aste0033/projects/MPNST/scDNA/CHISEL/10X/FIT208A7/rdr.tsv
CAGATCACACCGGCAT-1	R4	10X	1	healthy	healthy	/mnt/iribhm/homes/aste0033/projects/MPNST/scDNA/CHISEL/10X/FIT208A6/rdr.tsv
CAGCATAAGATGTAAC-1	P	10X	1	healthy	healthy	/mnt/iribhm/homes/aste0033/projects/MPNST/scDNA/CHISEL/10X/FIT208A8/rdr.tsv
CAGCATACAACGACAG-1	R1	10X	1	healthy	healthy	/mnt/iribhm/homes/aste0033/projects/MPNST/scDNA/CHISEL/10X/FIT208A3/rdr.tsv
CAGCGACAGGACGAAA-1	R5	10X	1	healthy	healthy	/mnt/iribhm/homes/aste0033/projects/MPNST/scDNA/CHISEL/10X/FIT208A7/rdr.tsv
CAGTAACGTCAAGCAG-1	P	10X	1	healthy	healthy	/mnt/iribhm/homes/aste0033/projects/MPNST/scDNA/CHISEL/10X/FIT208A8/rdr.tsv
CATATGGGTTAACCAC-1	R4	10X	1	healthy	healthy	/mnt/iribhm/homes/aste0033/projects/MPNST/scDNA/CHISEL/10X/FIT208A6/rdr.tsv
CATCGGGGTGTGTTCA-1	R5	10X	1	healthy	healthy	/mnt/iribhm/homes/aste0033/projects/MPNST/scDNA/CHISEL/10X/FIT208A7/rdr.tsv
CATGACACAAGTGTTC-1	P	10X	1	healthy	healthy	/mnt/iribhm/homes/aste0033/projects/MPNST/scDNA/CHISEL/10X/FIT208A8/rdr.tsv
CATGCCTCATGCAGTT-1	R2	10X	1	healthy	healthy	/mnt/iribhm/homes/aste0033/projects/MPNST/scDNA/CHISEL/10X/FIT208A4/rdr.tsv
CCACCTAAGTGGTTAA-1	R2	10X	1	healthy	healthy	/mnt/iribhm/homes/aste0033/projects/MPNST/scDNA/CHISEL/10X/FIT208A4/rdr.tsv
CCACCTAAGTTGTCGT-1	R1	10X	1	healthy	healthy	/mnt/iribhm/homes/aste0033/projects/MPNST/scDNA/CHISEL/10X/FIT208A3/rdr.tsv
CCACGGAGTCTACATG-1	R1	10X	1	healthy	healthy	/mnt/iribhm/homes/aste0033/projects/MPNST/scDNA/CHISEL/10X/FIT208A3/rdr.tsv
CCATGTCGTAACGTGG-1	P	10X	1	healthy	healthy	/mnt/iribhm/homes/aste0033/projects/MPNST/scDNA/CHISEL/10X/FIT208A8/rdr.tsv
CCATTCGGTTTGTCTT-1	R1	10X	1	healthy	healthy	/mnt/iribhm/homes/aste0033/projects/MPNST/scDNA/CHISEL/10X/FIT208A3/rdr.tsv
CCCAATCAGCAGAGAA-1	R5	10X	1	healthy	healthy	/mnt/iribhm/homes/aste0033/projects/MPNST/scDNA/CHISEL/10X/FIT208A7/rdr.tsv
CCCAGTTAGTAGATCA-1	R2	10X	1	healthy	healthy	/mnt/iribhm/homes/aste0033/projects/MPNST/scDNA/CHISEL/10X/FIT208A4/rdr.tsv
CCCAGTTGTGTTACGT-1	R1	10X	1	healthy	healthy	/mnt/iribhm/homes/aste0033/projects/MPNST/scDNA/CHISEL/10X/FIT208A3/rdr.tsv
CCCTCCTAGTTGTAGA-1	R5	10X	1	healthy	healthy	/mnt/iribhm/homes/aste0033/projects/MPNST/scDNA/CHISEL/10X/FIT208A7/rdr.tsv
CCGGGATGTGAGTCAG-1	R2	10X	1	healthy	healthy	/mnt/iribhm/homes/aste0033/projects/MPNST/scDNA/CHISEL/10X/FIT208A4/rdr.tsv
CCGTACTGTTGTAGCT-1	R1	10X	1	healthy	healthy	/mnt/iribhm/homes/aste0033/projects/MPNST/scDNA/CHISEL/10X/FIT208A3/rdr.tsv
CCGTGGACACCAATGT-1	R2	10X	1	healthy	healthy	/mnt/iribhm/homes/aste0033/projects/MPNST/scDNA/CHISEL/10X/FIT208A4/rdr.tsv
CCTAAAGGTTGAGCAG-1	R1	10X	1	healthy	healthy	/mnt/iribhm/homes/aste0033/projects/MPNST/scDNA/CHISEL/10X/FIT208A3/rdr.tsv
CCTACACAGTACTTGC-1	P	10X	1	healthy	healthy	/mnt/iribhm/homes/aste0033/projects/MPNST/scDNA/CHISEL/10X/FIT208A8/rdr.tsv
CCTACCAAGAATGTTG-1	R2	10X	1	healthy	healthy	/mnt/iribhm/homes/aste0033/projects/MPNST/scDNA/CHISEL/10X/FIT208A4/rdr.tsv
CCTACCAGTTGGGACA-1	P	10X	1	healthy	healthy	/mnt/iribhm/homes/aste0033/projects/MPNST/scDNA/CHISEL/10X/FIT208A8/rdr.tsv
CCTAGCTTCCTGATTT-1	P	10X	1	healthy	healthy	/mnt/iribhm/homes/aste0033/projects/MPNST/scDNA/CHISEL/10X/FIT208A8/rdr.tsv
CCTCTGAGTGCTTCCT-1	P	10X	1	healthy	healthy	/mnt/iribhm/homes/aste0033/projects/MPNST/scDNA/CHISEL/10X/FIT208A8/rdr.tsv
CCTTACGAGCTCAACT-1	R1	10X	1	healthy	healthy	/mnt/iribhm/homes/aste0033/projects/MPNST/scDNA/CHISEL/10X/FIT208A3/rdr.tsv
CCTTCCCAGAGTTGGC-1	R2	10X	1	healthy	healthy	/mnt/iribhm/homes/aste0033/projects/MPNST/scDNA/CHISEL/10X/FIT208A4/rdr.tsv
CCTTCCCAGCTAAGAT-1	R1	10X	1	healthy	healthy	/mnt/iribhm/homes/aste0033/projects/MPNST/scDNA/CHISEL/10X/FIT208A3/rdr.tsv
CCTTCCCCATCCCAAA-1	R1	10X	1	healthy	healthy	/mnt/iribhm/homes/aste0033/projects/MPNST/scDNA/CHISEL/10X/FIT208A3/rdr.tsv
CCTTCGAAGCCAGAAC-1	P	10X	1	healthy	healthy	/mnt/iribhm/homes/aste0033/projects/MPNST/scDNA/CHISEL/10X/FIT208A8/rdr.tsv
CCTTCGAGTGCTTCCT-1	R2	10X	1	healthy	healthy	/mnt/iribhm/homes/aste0033/projects/MPNST/scDNA/CHISEL/10X/FIT208A4/rdr.tsv
CCTTCGATCCGTTCAC-1	P	10X	1	healthy	healthy	/mnt/iribhm/homes/aste0033/projects/MPNST/scDNA/CHISEL/10X/FIT208A8/rdr.tsv
CCTTCGATCTTTCGTA-1	P	10X	1	healthy	healthy	/mnt/iribhm/homes/aste0033/projects/MPNST/scDNA/CHISEL/10X/FIT208A8/rdr.tsv
CGAATGTAGCCAACAG-1	R4	10X	1	healthy	healthy	/mnt/iribhm/homes/aste0033/projects/MPNST/scDNA/CHISEL/10X/FIT208A6/rdr.tsv
CGACTTCGTCACCAGC-1	R4	10X	1	healthy	healthy	/mnt/iribhm/homes/aste0033/projects/MPNST/scDNA/CHISEL/10X/FIT208A6/rdr.tsv
CGAGCCAAGGGTTTCT-1	R2	10X	1	healthy	healthy	/mnt/iribhm/homes/aste0033/projects/MPNST/scDNA/CHISEL/10X/FIT208A4/rdr.tsv
CGAGCCAGTTAAAGGT-1	P	10X	1	healthy	healthy	/mnt/iribhm/homes/aste0033/projects/MPNST/scDNA/CHISEL/10X/FIT208A8/rdr.tsv
CGATCGGAGTCCCACG-1	P	10X	1	healthy	healthy	/mnt/iribhm/homes/aste0033/projects/MPNST/scDNA/CHISEL/10X/FIT208A8/rdr.tsv
CGATCGGGTGACCCGT-1	P	10X	1	healthy	healthy	/mnt/iribhm/homes/aste0033/projects/MPNST/scDNA/CHISEL/10X/FIT208A8/rdr.tsv
CGATCGGTCCTGAAGT-1	R5	10X	1	healthy	healthy	/mnt/iribhm/homes/aste0033/projects/MPNST/scDNA/CHISEL/10X/FIT208A7/rdr.tsv
CGATTGAAGCCCAGCT-1	R1	10X	1	healthy	healthy	/mnt/iribhm/homes/aste0033/projects/MPNST/scDNA/CHISEL/10X/FIT208A3/rdr.tsv
CGCGGTAGTTAGAATG-1	R2	10X	1	healthy	healthy	/mnt/iribhm/homes/aste0033/projects/MPNST/scDNA/CHISEL/10X/FIT208A4/rdr.tsv
CGCTATCGTTTCGCAA-1	R1	10X	1	healthy	healthy	/mnt/iribhm/homes/aste0033/projects/MPNST/scDNA/CHISEL/10X/FIT208A3/rdr.tsv
CGGACACGTGGTGCAA-1	R1	10X	1	healthy	healthy	/mnt/iribhm/homes/aste0033/projects/MPNST/scDNA/CHISEL/10X/FIT208A3/rdr.tsv
CGGACGTAGTGTGATA-1	R5	10X	1	healthy	healthy	/mnt/iribhm/homes/aste0033/projects/MPNST/scDNA/CHISEL/10X/FIT208A7/rdr.tsv
CGGACGTTCGCGATGC-1	P	10X	1	healthy	healthy	/mnt/iribhm/homes/aste0033/projects/MPNST/scDNA/CHISEL/10X/FIT208A8/rdr.tsv
CGGACTGAGCCACCTG-1	R1	10X	1	healthy	healthy	/mnt/iribhm/homes/aste0033/projects/MPNST/scDNA/CHISEL/10X/FIT208A3/rdr.tsv
CGTAGCGAGAAAGTGG-1	P	10X	1	healthy	healthy	/mnt/iribhm/homes/aste0033/projects/MPNST/scDNA/CHISEL/10X/FIT208A8/rdr.tsv
CGTAGGCCATAGTGTC-1	R2	10X	1	healthy	healthy	/mnt/iribhm/homes/aste0033/projects/MPNST/scDNA/CHISEL/10X/FIT208A4/rdr.tsv
CGTGTAACACAAGGAC-1	R5	10X	1	healthy	healthy	/mnt/iribhm/homes/aste0033/projects/MPNST/scDNA/CHISEL/10X/FIT208A7/rdr.tsv
CGTGTCTTCTTTCGTA-1	P	10X	1	healthy	healthy	/mnt/iribhm/homes/aste0033/projects/MPNST/scDNA/CHISEL/10X/FIT208A8/rdr.tsv
CGTTAGATCGTTACCC-1	P	10X	1	healthy	healthy	/mnt/iribhm/homes/aste0033/projects/MPNST/scDNA/CHISEL/10X/FIT208A8/rdr.tsv
CGTTCTGAGCTAGCCC-1	P	10X	1	healthy	healthy	/mnt/iribhm/homes/aste0033/projects/MPNST/scDNA/CHISEL/10X/FIT208A8/rdr.tsv
CGTTGGGAGACCCACC-1	P	10X	1	healthy	healthy	/mnt/iribhm/homes/aste0033/projects/MPNST/scDNA/CHISEL/10X/FIT208A8/rdr.tsv
CGTTGGGCAGGTGTGA-1	R1	10X	1	healthy	healthy	/mnt/iribhm/homes/aste0033/projects/MPNST/scDNA/CHISEL/10X/FIT208A3/rdr.tsv
CTAAGACAGACAGAGA-1	P	10X	1	healthy	healthy	/mnt/iribhm/homes/aste0033/projects/MPNST/scDNA/CHISEL/10X/FIT208A8/rdr.tsv
CTAAGACTCCCTGAGG-1	P	10X	1	healthy	healthy	/mnt/iribhm/homes/aste0033/projects/MPNST/scDNA/CHISEL/10X/FIT208A8/rdr.tsv
CTAATGGAGCAAAGCC-1	R1	10X	1	healthy	healthy	/mnt/iribhm/homes/aste0033/projects/MPNST/scDNA/CHISEL/10X/FIT208A3/rdr.tsv
CTACATTCATGAGAAT-1	P	10X	1	healthy	healthy	/mnt/iribhm/homes/aste0033/projects/MPNST/scDNA/CHISEL/10X/FIT208A8/rdr.tsv
CTAGCCTCACTTGAGT-1	R2	10X	1	healthy	healthy	/mnt/iribhm/homes/aste0033/projects/MPNST/scDNA/CHISEL/10X/FIT208A4/rdr.tsv
CTCGAGGCAGTGAAAT-1	R1	10X	1	healthy	healthy	/mnt/iribhm/homes/aste0033/projects/MPNST/scDNA/CHISEL/10X/FIT208A3/rdr.tsv
CTCGGAGAGGGTCGAT-1	P	10X	1	healthy	healthy	/mnt/iribhm/homes/aste0033/projects/MPNST/scDNA/CHISEL/10X/FIT208A8/rdr.tsv
CTCGGAGGTTGACGGA-1	P	10X	1	healthy	healthy	/mnt/iribhm/homes/aste0033/projects/MPNST/scDNA/CHISEL/10X/FIT208A8/rdr.tsv
CTCGGAGTCTGTGAAC-1	R1	10X	1	healthy	healthy	/mnt/iribhm/homes/aste0033/projects/MPNST/scDNA/CHISEL/10X/FIT208A3/rdr.tsv
CTCGGGACACAAGGAC-1	P	10X	1	healthy	healthy	/mnt/iribhm/homes/aste0033/projects/MPNST/scDNA/CHISEL/10X/FIT208A8/rdr.tsv
CTCGTACGTGTAAAGT-1	P	10X	1	healthy	healthy	/mnt/iribhm/homes/aste0033/projects/MPNST/scDNA/CHISEL/10X/FIT208A8/rdr.tsv
CTCGTACTCTGATCAG-1	P	10X	1	healthy	healthy	/mnt/iribhm/homes/aste0033/projects/MPNST/scDNA/CHISEL/10X/FIT208A8/rdr.tsv
CTCTACGGTAGAACAT-1	R2	10X	1	healthy	healthy	/mnt/iribhm/homes/aste0033/projects/MPNST/scDNA/CHISEL/10X/FIT208A4/rdr.tsv
CTCTACGGTGATGTGG-1	R5	10X	1	healthy	healthy	/mnt/iribhm/homes/aste0033/projects/MPNST/scDNA/CHISEL/10X/FIT208A7/rdr.tsv
CTCTACGTCCTACGAA-1	R2	10X	1	healthy	healthy	/mnt/iribhm/homes/aste0033/projects/MPNST/scDNA/CHISEL/10X/FIT208A4/rdr.tsv
CTGAAACCAGCCCATG-1	P	10X	1	healthy	healthy	/mnt/iribhm/homes/aste0033/projects/MPNST/scDNA/CHISEL/10X/FIT208A8/rdr.tsv
CTGAAACTCGCTCTGT-1	R2	10X	1	healthy	healthy	/mnt/iribhm/homes/aste0033/projects/MPNST/scDNA/CHISEL/10X/FIT208A4/rdr.tsv
CTGAAGTCATTATCCT-1	R1	10X	1	healthy	healthy	/mnt/iribhm/homes/aste0033/projects/MPNST/scDNA/CHISEL/10X/FIT208A3/rdr.tsv
CTGATAGAGGGTTCCC-1	R3	10X	1	healthy	healthy	/mnt/iribhm/homes/aste0033/projects/MPNST/scDNA/CHISEL/10X/FIT208A5/rdr.tsv
CTGATCCGTGCGAACA-1	P	10X	1	healthy	healthy	/mnt/iribhm/homes/aste0033/projects/MPNST/scDNA/CHISEL/10X/FIT208A8/rdr.tsv
CTGCCTATCGTATTGG-1	R1	10X	1	healthy	healthy	/mnt/iribhm/homes/aste0033/projects/MPNST/scDNA/CHISEL/10X/FIT208A3/rdr.tsv
CTGCTGTTCTACCGAA-1	P	10X	1	healthy	healthy	/mnt/iribhm/homes/aste0033/projects/MPNST/scDNA/CHISEL/10X/FIT208A8/rdr.tsv
CTGGTCTAGAGGTTAT-1	R4	10X	1	healthy	healthy	/mnt/iribhm/homes/aste0033/projects/MPNST/scDNA/CHISEL/10X/FIT208A6/rdr.tsv
CTGTGCTAGCTAAACA-1	R2	10X	1	healthy	healthy	/mnt/iribhm/homes/aste0033/projects/MPNST/scDNA/CHISEL/10X/FIT208A4/rdr.tsv
CTGTGCTGTAACTGTC-1	P	10X	1	healthy	healthy	/mnt/iribhm/homes/aste0033/projects/MPNST/scDNA/CHISEL/10X/FIT208A8/rdr.tsv
CTTCTCTCAGGAGCAT-1	P	10X	1	healthy	healthy	/mnt/iribhm/homes/aste0033/projects/MPNST/scDNA/CHISEL/10X/FIT208A8/rdr.tsv
CTTGGCTCACACTCGG-1	R2	10X	1	healthy	healthy	/mnt/iribhm/homes/aste0033/projects/MPNST/scDNA/CHISEL/10X/FIT208A4/rdr.tsv
CTTGGCTGTGCTTCGG-1	P	10X	1	healthy	healthy	/mnt/iribhm/homes/aste0033/projects/MPNST/scDNA/CHISEL/10X/FIT208A8/rdr.tsv
CTTGGCTTCCAGTCTC-1	P	10X	1	healthy	healthy	/mnt/iribhm/homes/aste0033/projects/MPNST/scDNA/CHISEL/10X/FIT208A8/rdr.tsv
GAAATGAAGATCCTGT-1	P	10X	1	healthy	healthy	/mnt/iribhm/homes/aste0033/projects/MPNST/scDNA/CHISEL/10X/FIT208A8/rdr.tsv
GAAATGACACCTGCAG-1	P	10X	1	healthy	healthy	/mnt/iribhm/homes/aste0033/projects/MPNST/scDNA/CHISEL/10X/FIT208A8/rdr.tsv
GAACATCGTTGATCTG-1	P	10X	1	healthy	healthy	/mnt/iribhm/homes/aste0033/projects/MPNST/scDNA/CHISEL/10X/FIT208A8/rdr.tsv
GAACATCTCATCGGTA-1	R1	10X	1	healthy	healthy	/mnt/iribhm/homes/aste0033/projects/MPNST/scDNA/CHISEL/10X/FIT208A3/rdr.tsv
GAACGGAAGGCATTTC-1	P	10X	1	healthy	healthy	/mnt/iribhm/homes/aste0033/projects/MPNST/scDNA/CHISEL/10X/FIT208A8/rdr.tsv
GAAGCAGTCGTTCAAG-1	R1	10X	1	healthy	healthy	/mnt/iribhm/homes/aste0033/projects/MPNST/scDNA/CHISEL/10X/FIT208A3/rdr.tsv
GAATAAGAGGATGTCG-1	P	10X	1	healthy	healthy	/mnt/iribhm/homes/aste0033/projects/MPNST/scDNA/CHISEL/10X/FIT208A8/rdr.tsv
GAATGAACAATTCACG-1	R2	10X	1	healthy	healthy	/mnt/iribhm/homes/aste0033/projects/MPNST/scDNA/CHISEL/10X/FIT208A4/rdr.tsv
GAATGAATCCTCAGCT-1	P	10X	1	healthy	healthy	/mnt/iribhm/homes/aste0033/projects/MPNST/scDNA/CHISEL/10X/FIT208A8/rdr.tsv
GACACGCGTGGCCTGT-1	R1	10X	1	healthy	healthy	/mnt/iribhm/homes/aste0033/projects/MPNST/scDNA/CHISEL/10X/FIT208A3/rdr.tsv
GACAGAGAGTAATCCC-1	R1	10X	1	healthy	healthy	/mnt/iribhm/homes/aste0033/projects/MPNST/scDNA/CHISEL/10X/FIT208A3/rdr.tsv
GACCAATTCGATTGCA-1	R3	10X	1	healthy	healthy	/mnt/iribhm/homes/aste0033/projects/MPNST/scDNA/CHISEL/10X/FIT208A5/rdr.tsv
GACCTGGGTTCAGGTT-1	P	10X	1	healthy	healthy	/mnt/iribhm/homes/aste0033/projects/MPNST/scDNA/CHISEL/10X/FIT208A8/rdr.tsv
GACGCGTAGGCAGGTT-1	R5	10X	1	healthy	healthy	/mnt/iribhm/homes/aste0033/projects/MPNST/scDNA/CHISEL/10X/FIT208A7/rdr.tsv
GACGTTAGTCATACCA-1	R2	10X	1	healthy	healthy	/mnt/iribhm/homes/aste0033/projects/MPNST/scDNA/CHISEL/10X/FIT208A4/rdr.tsv
GACTACACAGCGTACC-1	R2	10X	1	healthy	healthy	/mnt/iribhm/homes/aste0033/projects/MPNST/scDNA/CHISEL/10X/FIT208A4/rdr.tsv
GACTGCGCAACGACTT-1	R2	10X	1	healthy	healthy	/mnt/iribhm/homes/aste0033/projects/MPNST/scDNA/CHISEL/10X/FIT208A4/rdr.tsv
GACTGCGTCTCGAACA-1	P	10X	1	healthy	healthy	/mnt/iribhm/homes/aste0033/projects/MPNST/scDNA/CHISEL/10X/FIT208A8/rdr.tsv
GAGGTGACAGCGATGA-1	R1	10X	1	healthy	healthy	/mnt/iribhm/homes/aste0033/projects/MPNST/scDNA/CHISEL/10X/FIT208A3/rdr.tsv
GAGTCCGCATCAGCAT-1	R1	10X	1	healthy	healthy	/mnt/iribhm/homes/aste0033/projects/MPNST/scDNA/CHISEL/10X/FIT208A3/rdr.tsv
GATCGCGCAGCATGTT-1	R1	10X	1	healthy	healthy	/mnt/iribhm/homes/aste0033/projects/MPNST/scDNA/CHISEL/10X/FIT208A3/rdr.tsv
GATCGCGCAGTTTGCA-1	P	10X	1	healthy	healthy	/mnt/iribhm/homes/aste0033/projects/MPNST/scDNA/CHISEL/10X/FIT208A8/rdr.tsv
GATCGTAGTGATTTGC-1	R4	10X	1	healthy	healthy	/mnt/iribhm/homes/aste0033/projects/MPNST/scDNA/CHISEL/10X/FIT208A6/rdr.tsv
GATGAGGAGGAAACTT-1	P	10X	1	healthy	healthy	/mnt/iribhm/homes/aste0033/projects/MPNST/scDNA/CHISEL/10X/FIT208A8/rdr.tsv
GATGAGGTCTCCACGT-1	P	10X	1	healthy	healthy	/mnt/iribhm/homes/aste0033/projects/MPNST/scDNA/CHISEL/10X/FIT208A8/rdr.tsv
GATTCAGAGACCGATG-1	R4	10X	1	healthy	healthy	/mnt/iribhm/homes/aste0033/projects/MPNST/scDNA/CHISEL/10X/FIT208A6/rdr.tsv
GATTCAGCACCAATAC-1	R1	10X	1	healthy	healthy	/mnt/iribhm/homes/aste0033/projects/MPNST/scDNA/CHISEL/10X/FIT208A3/rdr.tsv
GCAAACTAGATATGGT-1	R1	10X	1	healthy	healthy	/mnt/iribhm/homes/aste0033/projects/MPNST/scDNA/CHISEL/10X/FIT208A3/rdr.tsv
GCACTCTAGCCAACAG-1	R2	10X	1	healthy	healthy	/mnt/iribhm/homes/aste0033/projects/MPNST/scDNA/CHISEL/10X/FIT208A4/rdr.tsv
GCACTCTAGTCGTACT-1	R5	10X	1	healthy	healthy	/mnt/iribhm/homes/aste0033/projects/MPNST/scDNA/CHISEL/10X/FIT208A7/rdr.tsv
GCACTCTTCTAGCCTC-1	R1	10X	1	healthy	healthy	/mnt/iribhm/homes/aste0033/projects/MPNST/scDNA/CHISEL/10X/FIT208A3/rdr.tsv
GCAGCCAAGAATGTTG-1	P	10X	1	healthy	healthy	/mnt/iribhm/homes/aste0033/projects/MPNST/scDNA/CHISEL/10X/FIT208A8/rdr.tsv
GCAGCCACACAGACCC-1	R4	10X	1	healthy	healthy	/mnt/iribhm/homes/aste0033/projects/MPNST/scDNA/CHISEL/10X/FIT208A6/rdr.tsv
GCATGATCAGAAAGCC-1	R2	10X	1	healthy	healthy	/mnt/iribhm/homes/aste0033/projects/MPNST/scDNA/CHISEL/10X/FIT208A4/rdr.tsv
GCATGTACAAATGATG-1	R2	10X	1	healthy	healthy	/mnt/iribhm/homes/aste0033/projects/MPNST/scDNA/CHISEL/10X/FIT208A4/rdr.tsv
GCCTCTACAGATCGAG-1	R1	10X	1	healthy	healthy	/mnt/iribhm/homes/aste0033/projects/MPNST/scDNA/CHISEL/10X/FIT208A3/rdr.tsv
GCGACCACAACGCTTA-1	P	10X	1	healthy	healthy	/mnt/iribhm/homes/aste0033/projects/MPNST/scDNA/CHISEL/10X/FIT208A8/rdr.tsv
GCGAGAACAGTGCTTA-1	P	10X	1	healthy	healthy	/mnt/iribhm/homes/aste0033/projects/MPNST/scDNA/CHISEL/10X/FIT208A8/rdr.tsv
GCGCAACGTCCTAGTA-1	R5	10X	1	healthy	healthy	/mnt/iribhm/homes/aste0033/projects/MPNST/scDNA/CHISEL/10X/FIT208A7/rdr.tsv
GCGCCAACAGACGAGT-1	R5	10X	1	healthy	healthy	/mnt/iribhm/homes/aste0033/projects/MPNST/scDNA/CHISEL/10X/FIT208A7/rdr.tsv
GCGCGATGTTCAGTAC-1	P	10X	1	healthy	healthy	/mnt/iribhm/homes/aste0033/projects/MPNST/scDNA/CHISEL/10X/FIT208A8/rdr.tsv
GCGGGTTCAGTAGAAT-1	R2	10X	1	healthy	healthy	/mnt/iribhm/homes/aste0033/projects/MPNST/scDNA/CHISEL/10X/FIT208A4/rdr.tsv
GCGGGTTCATAGAGCG-1	R1	10X	1	healthy	healthy	/mnt/iribhm/homes/aste0033/projects/MPNST/scDNA/CHISEL/10X/FIT208A3/rdr.tsv
GCGGGTTGTAACACTC-1	R2	10X	1	healthy	healthy	/mnt/iribhm/homes/aste0033/projects/MPNST/scDNA/CHISEL/10X/FIT208A4/rdr.tsv
GCTCTGTTCGAGCACC-1	R5	10X	1	healthy	healthy	/mnt/iribhm/homes/aste0033/projects/MPNST/scDNA/CHISEL/10X/FIT208A7/rdr.tsv
GCTGCAGTCAGTTCTT-1	R1	10X	1	healthy	healthy	/mnt/iribhm/homes/aste0033/projects/MPNST/scDNA/CHISEL/10X/FIT208A3/rdr.tsv
GCTGCGACAAATACGA-1	P	10X	1	healthy	healthy	/mnt/iribhm/homes/aste0033/projects/MPNST/scDNA/CHISEL/10X/FIT208A8/rdr.tsv
GCTGCGATCTACACCC-1	P	10X	1	healthy	healthy	/mnt/iribhm/homes/aste0033/projects/MPNST/scDNA/CHISEL/10X/FIT208A8/rdr.tsv
GCTGCTTGTGGAGCTA-1	R1	10X	1	healthy	healthy	/mnt/iribhm/homes/aste0033/projects/MPNST/scDNA/CHISEL/10X/FIT208A3/rdr.tsv
GCTGGGTCACCAGTGC-1	P	10X	1	healthy	healthy	/mnt/iribhm/homes/aste0033/projects/MPNST/scDNA/CHISEL/10X/FIT208A8/rdr.tsv
GCTGGGTTCGGCTCAG-1	R1	10X	1	healthy	healthy	/mnt/iribhm/homes/aste0033/projects/MPNST/scDNA/CHISEL/10X/FIT208A3/rdr.tsv
GCTTCCACACAAGCGA-1	R2	10X	1	healthy	healthy	/mnt/iribhm/homes/aste0033/projects/MPNST/scDNA/CHISEL/10X/FIT208A4/rdr.tsv
GGAAAGCAGTAGTGCG-1	R1	10X	1	healthy	healthy	/mnt/iribhm/homes/aste0033/projects/MPNST/scDNA/CHISEL/10X/FIT208A3/rdr.tsv
GGAACTTAGCTTTGGT-1	P	10X	1	healthy	healthy	/mnt/iribhm/homes/aste0033/projects/MPNST/scDNA/CHISEL/10X/FIT208A8/rdr.tsv
GGAACTTAGTGGACGT-1	R1	10X	1	healthy	healthy	/mnt/iribhm/homes/aste0033/projects/MPNST/scDNA/CHISEL/10X/FIT208A3/rdr.tsv
GGAACTTCAATAACAG-1	P	10X	1	healthy	healthy	/mnt/iribhm/homes/aste0033/projects/MPNST/scDNA/CHISEL/10X/FIT208A8/rdr.tsv
GGAACTTTCGTTGCTC-1	R5	10X	1	healthy	healthy	/mnt/iribhm/homes/aste0033/projects/MPNST/scDNA/CHISEL/10X/FIT208A7/rdr.tsv
GGAATAACAGTAATCC-1	P	10X	1	healthy	healthy	/mnt/iribhm/homes/aste0033/projects/MPNST/scDNA/CHISEL/10X/FIT208A8/rdr.tsv
GGAATAAGTACCAACT-1	R1	10X	1	healthy	healthy	/mnt/iribhm/homes/aste0033/projects/MPNST/scDNA/CHISEL/10X/FIT208A3/rdr.tsv
GGAATAAGTTGGAGCA-1	P	10X	1	healthy	healthy	/mnt/iribhm/homes/aste0033/projects/MPNST/scDNA/CHISEL/10X/FIT208A8/rdr.tsv
GGACAAGAGCATGAGC-1	R2	10X	1	healthy	healthy	/mnt/iribhm/homes/aste0033/projects/MPNST/scDNA/CHISEL/10X/FIT208A4/rdr.tsv
GGACAAGCAAACTCAC-1	R5	10X	1	healthy	healthy	/mnt/iribhm/homes/aste0033/projects/MPNST/scDNA/CHISEL/10X/FIT208A7/rdr.tsv
GGACATTCAACTAGTC-1	P	10X	1	healthy	healthy	/mnt/iribhm/homes/aste0033/projects/MPNST/scDNA/CHISEL/10X/FIT208A8/rdr.tsv
GGACATTGTCCAGTGC-1	P	10X	1	healthy	healthy	/mnt/iribhm/homes/aste0033/projects/MPNST/scDNA/CHISEL/10X/FIT208A8/rdr.tsv
GGATGTTCACACACGC-1	R1	10X	1	healthy	healthy	/mnt/iribhm/homes/aste0033/projects/MPNST/scDNA/CHISEL/10X/FIT208A3/rdr.tsv
GGATTACCACCAAAGG-1	P	10X	1	healthy	healthy	/mnt/iribhm/homes/aste0033/projects/MPNST/scDNA/CHISEL/10X/FIT208A8/rdr.tsv
GGCGACTGTGCAAACG-1	R1	10X	1	healthy	healthy	/mnt/iribhm/homes/aste0033/projects/MPNST/scDNA/CHISEL/10X/FIT208A3/rdr.tsv
GGCTGGTAGTTGTAGA-1	P	10X	1	healthy	healthy	/mnt/iribhm/homes/aste0033/projects/MPNST/scDNA/CHISEL/10X/FIT208A8/rdr.tsv
GGGAATGCAACATGGG-1	P	10X	1	healthy	healthy	/mnt/iribhm/homes/aste0033/projects/MPNST/scDNA/CHISEL/10X/FIT208A8/rdr.tsv
GGGACCTGTTGAACTC-1	R5	10X	1	healthy	healthy	/mnt/iribhm/homes/aste0033/projects/MPNST/scDNA/CHISEL/10X/FIT208A7/rdr.tsv
GGGATGAAGTTGTCGT-1	P	10X	1	healthy	healthy	/mnt/iribhm/homes/aste0033/projects/MPNST/scDNA/CHISEL/10X/FIT208A8/rdr.tsv
GGGCATCAGAGTCTGG-1	R2	10X	1	healthy	healthy	/mnt/iribhm/homes/aste0033/projects/MPNST/scDNA/CHISEL/10X/FIT208A4/rdr.tsv
GGGTCTGGTCATACCA-1	P	10X	1	healthy	healthy	/mnt/iribhm/homes/aste0033/projects/MPNST/scDNA/CHISEL/10X/FIT208A8/rdr.tsv
GGTATTGAGAAACGCC-1	R1	10X	1	healthy	healthy	/mnt/iribhm/homes/aste0033/projects/MPNST/scDNA/CHISEL/10X/FIT208A3/rdr.tsv
GGTATTGGTGATAAGT-1	R4	10X	1	healthy	healthy	/mnt/iribhm/homes/aste0033/projects/MPNST/scDNA/CHISEL/10X/FIT208A6/rdr.tsv
GGTATTGGTGTTCCGG-1	P	10X	1	healthy	healthy	/mnt/iribhm/homes/aste0033/projects/MPNST/scDNA/CHISEL/10X/FIT208A8/rdr.tsv
GTAACGTGTGGTAACG-1	P	10X	1	healthy	healthy	/mnt/iribhm/homes/aste0033/projects/MPNST/scDNA/CHISEL/10X/FIT208A8/rdr.tsv
GTAACTGCAACATCAC-1	P	10X	1	healthy	healthy	/mnt/iribhm/homes/aste0033/projects/MPNST/scDNA/CHISEL/10X/FIT208A8/rdr.tsv
GTACTCCAGCACGCCT-1	P	10X	1	healthy	healthy	/mnt/iribhm/homes/aste0033/projects/MPNST/scDNA/CHISEL/10X/FIT208A8/rdr.tsv
GTACTCCTCACGAGTT-1	P	10X	1	healthy	healthy	/mnt/iribhm/homes/aste0033/projects/MPNST/scDNA/CHISEL/10X/FIT208A8/rdr.tsv
GTACTCCTCTATGCAG-1	P	10X	1	healthy	healthy	/mnt/iribhm/homes/aste0033/projects/MPNST/scDNA/CHISEL/10X/FIT208A8/rdr.tsv
GTAGTCAGTATATGAG-1	R2	10X	1	healthy	healthy	/mnt/iribhm/homes/aste0033/projects/MPNST/scDNA/CHISEL/10X/FIT208A4/rdr.tsv
GTATTCTGTCCAAGTT-1	R1	10X	1	healthy	healthy	/mnt/iribhm/homes/aste0033/projects/MPNST/scDNA/CHISEL/10X/FIT208A3/rdr.tsv
GTCATTTTCGACAATC-1	R2	10X	1	healthy	healthy	/mnt/iribhm/homes/aste0033/projects/MPNST/scDNA/CHISEL/10X/FIT208A4/rdr.tsv
GTCGTAATCTCATCTA-1	R5	10X	1	healthy	healthy	/mnt/iribhm/homes/aste0033/projects/MPNST/scDNA/CHISEL/10X/FIT208A7/rdr.tsv
GTCTCGTTCTAACGTG-1	P	10X	1	healthy	healthy	/mnt/iribhm/homes/aste0033/projects/MPNST/scDNA/CHISEL/10X/FIT208A8/rdr.tsv
GTGAAGGAGCGCTCAC-1	R2	10X	1	healthy	healthy	/mnt/iribhm/homes/aste0033/projects/MPNST/scDNA/CHISEL/10X/FIT208A4/rdr.tsv
GTGAAGGTCGACGAAG-1	R4	10X	1	healthy	healthy	/mnt/iribhm/homes/aste0033/projects/MPNST/scDNA/CHISEL/10X/FIT208A6/rdr.tsv
GTGGGTCAGCCAAACG-1	R2	10X	1	healthy	healthy	/mnt/iribhm/homes/aste0033/projects/MPNST/scDNA/CHISEL/10X/FIT208A4/rdr.tsv
GTGTGCGGTCGACGCT-1	R5	10X	1	healthy	healthy	/mnt/iribhm/homes/aste0033/projects/MPNST/scDNA/CHISEL/10X/FIT208A7/rdr.tsv
GTTCATTGTAACGCGA-1	R2	10X	1	healthy	healthy	/mnt/iribhm/homes/aste0033/projects/MPNST/scDNA/CHISEL/10X/FIT208A4/rdr.tsv
GTTCGGGGTAACTGTC-1	R1	10X	1	healthy	healthy	/mnt/iribhm/homes/aste0033/projects/MPNST/scDNA/CHISEL/10X/FIT208A3/rdr.tsv
TAAACCGTCCTCAGCT-1	R1	10X	1	healthy	healthy	/mnt/iribhm/homes/aste0033/projects/MPNST/scDNA/CHISEL/10X/FIT208A3/rdr.tsv
TAAGAGAGTATAAGTG-1	R2	10X	1	healthy	healthy	/mnt/iribhm/homes/aste0033/projects/MPNST/scDNA/CHISEL/10X/FIT208A4/rdr.tsv
TAAGCGTAGCACGCCT-1	P	10X	1	healthy	healthy	/mnt/iribhm/homes/aste0033/projects/MPNST/scDNA/CHISEL/10X/FIT208A8/rdr.tsv
TAAGCGTTCTTCCGAC-1	R5	10X	1	healthy	healthy	/mnt/iribhm/homes/aste0033/projects/MPNST/scDNA/CHISEL/10X/FIT208A7/rdr.tsv
TACAGTGTCTTGCGAA-1	R5	10X	1	healthy	healthy	/mnt/iribhm/homes/aste0033/projects/MPNST/scDNA/CHISEL/10X/FIT208A7/rdr.tsv
TACCTATCAGTGCTGC-1	R4	10X	1	healthy	healthy	/mnt/iribhm/homes/aste0033/projects/MPNST/scDNA/CHISEL/10X/FIT208A6/rdr.tsv
TACCTATGTTCCCTAC-1	R1	10X	1	healthy	healthy	/mnt/iribhm/homes/aste0033/projects/MPNST/scDNA/CHISEL/10X/FIT208A3/rdr.tsv
TACGGTATCTCCATGC-1	P	10X	1	healthy	healthy	/mnt/iribhm/homes/aste0033/projects/MPNST/scDNA/CHISEL/10X/FIT208A8/rdr.tsv
TACTCGCCAGAACAGC-1	R1	10X	1	healthy	healthy	/mnt/iribhm/homes/aste0033/projects/MPNST/scDNA/CHISEL/10X/FIT208A3/rdr.tsv
TACTTACCAATTCACG-1	R1	10X	1	healthy	healthy	/mnt/iribhm/homes/aste0033/projects/MPNST/scDNA/CHISEL/10X/FIT208A3/rdr.tsv
TAGAGCTGTTAGAGCG-1	R1	10X	1	healthy	healthy	/mnt/iribhm/homes/aste0033/projects/MPNST/scDNA/CHISEL/10X/FIT208A3/rdr.tsv
TAGCCGGTCGATAGTC-1	R3	10X	1	healthy	healthy	/mnt/iribhm/homes/aste0033/projects/MPNST/scDNA/CHISEL/10X/FIT208A5/rdr.tsv
TAGGCATTCTGAAGCT-1	R1	10X	1	healthy	healthy	/mnt/iribhm/homes/aste0033/projects/MPNST/scDNA/CHISEL/10X/FIT208A3/rdr.tsv
TAGTTGGGTCAATTCG-1	R1	10X	1	healthy	healthy	/mnt/iribhm/homes/aste0033/projects/MPNST/scDNA/CHISEL/10X/FIT208A3/rdr.tsv
TATCAGGGTAGCAGGT-1	R1	10X	1	healthy	healthy	/mnt/iribhm/homes/aste0033/projects/MPNST/scDNA/CHISEL/10X/FIT208A3/rdr.tsv
TATGCCCCACAGAAAT-1	P	10X	1	healthy	healthy	/mnt/iribhm/homes/aste0033/projects/MPNST/scDNA/CHISEL/10X/FIT208A8/rdr.tsv
TATTACCGTTAGAATG-1	R5	10X	1	healthy	healthy	/mnt/iribhm/homes/aste0033/projects/MPNST/scDNA/CHISEL/10X/FIT208A7/rdr.tsv
TCAATCTCATCATGGT-1	R1	10X	1	healthy	healthy	/mnt/iribhm/homes/aste0033/projects/MPNST/scDNA/CHISEL/10X/FIT208A3/rdr.tsv
TCAATCTGTCAAGCAG-1	R5	10X	1	healthy	healthy	/mnt/iribhm/homes/aste0033/projects/MPNST/scDNA/CHISEL/10X/FIT208A7/rdr.tsv
TCACAAGCACGTACAT-1	R1	10X	1	healthy	healthy	/mnt/iribhm/homes/aste0033/projects/MPNST/scDNA/CHISEL/10X/FIT208A3/rdr.tsv
TCACGAACAGGTGTGA-1	P	10X	1	healthy	healthy	/mnt/iribhm/homes/aste0033/projects/MPNST/scDNA/CHISEL/10X/FIT208A8/rdr.tsv
TCACGAAGTCTCGGCA-1	R3	10X	1	healthy	healthy	/mnt/iribhm/homes/aste0033/projects/MPNST/scDNA/CHISEL/10X/FIT208A5/rdr.tsv
TCAGGATCAAAGGTTA-1	P	10X	1	healthy	healthy	/mnt/iribhm/homes/aste0033/projects/MPNST/scDNA/CHISEL/10X/FIT208A8/rdr.tsv
TCAGGATTCGACAACT-1	P	10X	1	healthy	healthy	/mnt/iribhm/homes/aste0033/projects/MPNST/scDNA/CHISEL/10X/FIT208A8/rdr.tsv
TCATTACCAGAGATCG-1	P	10X	1	healthy	healthy	/mnt/iribhm/homes/aste0033/projects/MPNST/scDNA/CHISEL/10X/FIT208A8/rdr.tsv
TCCACACCACAGTGTT-1	R1	10X	1	healthy	healthy	/mnt/iribhm/homes/aste0033/projects/MPNST/scDNA/CHISEL/10X/FIT208A3/rdr.tsv
TCCACACGTAACAGCG-1	P	10X	1	healthy	healthy	/mnt/iribhm/homes/aste0033/projects/MPNST/scDNA/CHISEL/10X/FIT208A8/rdr.tsv
TCCACACGTACTCGCG-1	P	10X	1	healthy	healthy	/mnt/iribhm/homes/aste0033/projects/MPNST/scDNA/CHISEL/10X/FIT208A8/rdr.tsv
TCGCGAGAGCAATCTC-1	R5	10X	1	healthy	healthy	/mnt/iribhm/homes/aste0033/projects/MPNST/scDNA/CHISEL/10X/FIT208A7/rdr.tsv
TCGCGAGCACGTGGCT-1	R3	10X	1	healthy	healthy	/mnt/iribhm/homes/aste0033/projects/MPNST/scDNA/CHISEL/10X/FIT208A5/rdr.tsv
TCGCGAGGTGGCGTCT-1	R1	10X	1	healthy	healthy	/mnt/iribhm/homes/aste0033/projects/MPNST/scDNA/CHISEL/10X/FIT208A3/rdr.tsv
TCGGGACTCCAAGGGA-1	P	10X	1	healthy	healthy	/mnt/iribhm/homes/aste0033/projects/MPNST/scDNA/CHISEL/10X/FIT208A8/rdr.tsv
TCGTACCTCCAACGAT-1	P	10X	1	healthy	healthy	/mnt/iribhm/homes/aste0033/projects/MPNST/scDNA/CHISEL/10X/FIT208A8/rdr.tsv
TCTCATACAGTAATCC-1	R5	10X	1	healthy	healthy	/mnt/iribhm/homes/aste0033/projects/MPNST/scDNA/CHISEL/10X/FIT208A7/rdr.tsv
TCTCTAAGTTTGCCTC-1	P	10X	1	healthy	healthy	/mnt/iribhm/homes/aste0033/projects/MPNST/scDNA/CHISEL/10X/FIT208A8/rdr.tsv
TCTGAGAGTACAGGAC-1	R1	10X	1	healthy	healthy	/mnt/iribhm/homes/aste0033/projects/MPNST/scDNA/CHISEL/10X/FIT208A3/rdr.tsv
TCTGAGATCTAATGGC-1	R2	10X	1	healthy	healthy	/mnt/iribhm/homes/aste0033/projects/MPNST/scDNA/CHISEL/10X/FIT208A4/rdr.tsv
TCTGGAAGTCTACATG-1	P	10X	1	healthy	healthy	/mnt/iribhm/homes/aste0033/projects/MPNST/scDNA/CHISEL/10X/FIT208A8/rdr.tsv
TCTTTCCGTTAAGTAG-1	R1	10X	1	healthy	healthy	/mnt/iribhm/homes/aste0033/projects/MPNST/scDNA/CHISEL/10X/FIT208A3/rdr.tsv
TGACTTTCAGGACCAA-1	P	10X	1	healthy	healthy	/mnt/iribhm/homes/aste0033/projects/MPNST/scDNA/CHISEL/10X/FIT208A8/rdr.tsv
TGACTTTTCTAGCCTC-1	R4	10X	1	healthy	healthy	/mnt/iribhm/homes/aste0033/projects/MPNST/scDNA/CHISEL/10X/FIT208A6/rdr.tsv
TGAGGGACATTTCCAT-1	R5	10X	1	healthy	healthy	/mnt/iribhm/homes/aste0033/projects/MPNST/scDNA/CHISEL/10X/FIT208A7/rdr.tsv
TGAGGGATCGGAGAGT-1	P	10X	1	healthy	healthy	/mnt/iribhm/homes/aste0033/projects/MPNST/scDNA/CHISEL/10X/FIT208A8/rdr.tsv
TGCGCAGCATGAGAAT-1	P	10X	1	healthy	healthy	/mnt/iribhm/homes/aste0033/projects/MPNST/scDNA/CHISEL/10X/FIT208A8/rdr.tsv
TGCGCAGGTTCGTCAA-1	R3	10X	1	healthy	healthy	/mnt/iribhm/homes/aste0033/projects/MPNST/scDNA/CHISEL/10X/FIT208A5/rdr.tsv
TGCGTGGCAACGTCTA-1	R1	10X	1	healthy	healthy	/mnt/iribhm/homes/aste0033/projects/MPNST/scDNA/CHISEL/10X/FIT208A3/rdr.tsv
TGGACGCAGTACACCT-1	P	10X	1	healthy	healthy	/mnt/iribhm/homes/aste0033/projects/MPNST/scDNA/CHISEL/10X/FIT208A8/rdr.tsv
TGGCTGGGTGTGTTCA-1	R1	10X	1	healthy	healthy	/mnt/iribhm/homes/aste0033/projects/MPNST/scDNA/CHISEL/10X/FIT208A3/rdr.tsv
TGGGCGTTCCTTGCAC-1	P	10X	1	healthy	healthy	/mnt/iribhm/homes/aste0033/projects/MPNST/scDNA/CHISEL/10X/FIT208A8/rdr.tsv
TGTCCCACAGTCCCTT-1	R1	10X	1	healthy	healthy	/mnt/iribhm/homes/aste0033/projects/MPNST/scDNA/CHISEL/10X/FIT208A3/rdr.tsv
TGTGGTACACGAGTTT-1	R1	10X	1	healthy	healthy	/mnt/iribhm/homes/aste0033/projects/MPNST/scDNA/CHISEL/10X/FIT208A3/rdr.tsv
TGTTCCGAGACTTCCA-1	R2	10X	1	healthy	healthy	/mnt/iribhm/homes/aste0033/projects/MPNST/scDNA/CHISEL/10X/FIT208A4/rdr.tsv
TGTTCCGCAGAGGTCA-1	R4	10X	1	healthy	healthy	/mnt/iribhm/homes/aste0033/projects/MPNST/scDNA/CHISEL/10X/FIT208A6/rdr.tsv
TGTTCCGTCACGATAC-1	R5	10X	1	healthy	healthy	/mnt/iribhm/homes/aste0033/projects/MPNST/scDNA/CHISEL/10X/FIT208A7/rdr.tsv
TTCGAAGGTGTCAACT-1	R1	10X	1	healthy	healthy	/mnt/iribhm/homes/aste0033/projects/MPNST/scDNA/CHISEL/10X/FIT208A3/rdr.tsv
TTCGGTCAGGGTTTCT-1	R1	10X	1	healthy	healthy	/mnt/iribhm/homes/aste0033/projects/MPNST/scDNA/CHISEL/10X/FIT208A3/rdr.tsv
TTCGGTCCAATGGCAG-1	P	10X	1	healthy	healthy	/mnt/iribhm/homes/aste0033/projects/MPNST/scDNA/CHISEL/10X/FIT208A8/rdr.tsv
TTCGGTCCAGATGAAT-1	P	10X	1	healthy	healthy	/mnt/iribhm/homes/aste0033/projects/MPNST/scDNA/CHISEL/10X/FIT208A8/rdr.tsv
TTCTCAAGTCGGCATC-1	R1	10X	1	healthy	healthy	/mnt/iribhm/homes/aste0033/projects/MPNST/scDNA/CHISEL/10X/FIT208A3/rdr.tsv
TTCTCAATCCAAACCA-1	P	10X	1	healthy	healthy	/mnt/iribhm/homes/aste0033/projects/MPNST/scDNA/CHISEL/10X/FIT208A8/rdr.tsv
TTCTCCTTCCTGACAA-1	P	10X	1	healthy	healthy	/mnt/iribhm/homes/aste0033/projects/MPNST/scDNA/CHISEL/10X/FIT208A8/rdr.tsv
TTGGAACAGAGTACAT-1	P	10X	1	healthy	healthy	/mnt/iribhm/homes/aste0033/projects/MPNST/scDNA/CHISEL/10X/FIT208A8/rdr.tsv
TTGGAACGTAGAACAT-1	R1	10X	1	healthy	healthy	/mnt/iribhm/homes/aste0033/projects/MPNST/scDNA/CHISEL/10X/FIT208A3/rdr.tsv
TTGTAGGAGAGAGCTC-1	R2	10X	1	healthy	healthy	/mnt/iribhm/homes/aste0033/projects/MPNST/scDNA/CHISEL/10X/FIT208A4/rdr.tsv
TTTGCGCTCTAACACG-1	R1	10X	1	healthy	healthy	/mnt/iribhm/homes/aste0033/projects/MPNST/scDNA/CHISEL/10X/FIT208A3/rdr.tsv
TTTGCGCTCTAAGTGC-1	R4	10X	1	healthy	healthy	/mnt/iribhm/homes/aste0033/projects/MPNST/scDNA/CHISEL/10X/FIT208A6/rdr.tsv
TTTGTCATCATCGACA-1	P	10X	1	healthy	healthy	/mnt/iribhm/homes/aste0033/projects/MPNST/scDNA/CHISEL/10X/FIT208A8/rdr.tsv
LES4677A1_124574_14x_23y	R1	DLP	1	healthy	healthy	/srv/home/aste0033/projects/MPNST/scDNA/CHISEL/DLPp/R1/rdr.tsv
LES4677A1_124574_15x_13y	R1	DLP	1	healthy	healthy	/srv/home/aste0033/projects/MPNST/scDNA/CHISEL/DLPp/R1/rdr.tsv
LES4677A1_124574_15x_37y	R2	DLP	1	healthy	healthy	/srv/home/aste0033/projects/MPNST/scDNA/CHISEL/DLPp/R2/rdr.tsv
LES4677A1_124574_18x_49y	R2	DLP	1	healthy	healthy	/srv/home/aste0033/projects/MPNST/scDNA/CHISEL/DLPp/R2/rdr.tsv
LES4677A1_124574_21x_20y	R1	DLP	1	healthy	healthy	/srv/home/aste0033/projects/MPNST/scDNA/CHISEL/DLPp/R1/rdr.tsv
LES4677A1_124574_23x_43y	R2	DLP	1	healthy	healthy	/srv/home/aste0033/projects/MPNST/scDNA/CHISEL/DLPp/R2/rdr.tsv
LES4677A1_124574_24x_17y	R1	DLP	1	healthy	healthy	/srv/home/aste0033/projects/MPNST/scDNA/CHISEL/DLPp/R1/rdr.tsv
LES4677A1_124574_24x_23y	R1	DLP	1	healthy	healthy	/srv/home/aste0033/projects/MPNST/scDNA/CHISEL/DLPp/R1/rdr.tsv
LES4677A1_124574_25x_39y	R2	DLP	1	healthy	healthy	/srv/home/aste0033/projects/MPNST/scDNA/CHISEL/DLPp/R2/rdr.tsv
LES4677A1_124574_26x_47y	R2	DLP	1	healthy	healthy	/srv/home/aste0033/projects/MPNST/scDNA/CHISEL/DLPp/R2/rdr.tsv
LES4677A1_124574_27x_48y	R2	DLP	1	healthy	healthy	/srv/home/aste0033/projects/MPNST/scDNA/CHISEL/DLPp/R2/rdr.tsv
LES4677A1_124574_27x_50y	R2	DLP	1	healthy	healthy	/srv/home/aste0033/projects/MPNST/scDNA/CHISEL/DLPp/R2/rdr.tsv
LES4677A1_124574_31x_24y	R1	DLP	1	healthy	healthy	/srv/home/aste0033/projects/MPNST/scDNA/CHISEL/DLPp/R1/rdr.tsv
LES4677A1_124574_31x_46y	R2	DLP	1	healthy	healthy	/srv/home/aste0033/projects/MPNST/scDNA/CHISEL/DLPp/R2/rdr.tsv
LES4677A1_124574_32x_27y	R1	DLP	1	healthy	healthy	/srv/home/aste0033/projects/MPNST/scDNA/CHISEL/DLPp/R1/rdr.tsv
LES4677A1_124574_32x_45y	R2	DLP	1	healthy	healthy	/srv/home/aste0033/projects/MPNST/scDNA/CHISEL/DLPp/R2/rdr.tsv
LES4677A1_124574_34x_29y	R1	DLP	1	healthy	healthy	/srv/home/aste0033/projects/MPNST/scDNA/CHISEL/DLPp/R1/rdr.tsv
LES4677A1_124574_34x_48y	R2	DLP	1	healthy	healthy	/srv/home/aste0033/projects/MPNST/scDNA/CHISEL/DLPp/R2/rdr.tsv
LES4677A1_124574_35x_49y	R2	DLP	1	healthy	healthy	/srv/home/aste0033/projects/MPNST/scDNA/CHISEL/DLPp/R2/rdr.tsv
LES4677A1_124574_36x_14y	R1	DLP	1	healthy	healthy	/srv/home/aste0033/projects/MPNST/scDNA/CHISEL/DLPp/R1/rdr.tsv
LES4677A1_124574_36x_21y	R1	DLP	1	healthy	healthy	/srv/home/aste0033/projects/MPNST/scDNA/CHISEL/DLPp/R1/rdr.tsv
LES4677A1_124574_36x_26y	R1	DLP	1	healthy	healthy	/srv/home/aste0033/projects/MPNST/scDNA/CHISEL/DLPp/R1/rdr.tsv
LES4677A1_124574_37x_56y	R2	DLP	1	healthy	healthy	/srv/home/aste0033/projects/MPNST/scDNA/CHISEL/DLPp/R2/rdr.tsv
LES4677A1_124574_39x_14y	R1	DLP	1	healthy	healthy	/srv/home/aste0033/projects/MPNST/scDNA/CHISEL/DLPp/R1/rdr.tsv
LES4677A1_124574_39x_16y	R1	DLP	1	healthy	healthy	/srv/home/aste0033/projects/MPNST/scDNA/CHISEL/DLPp/R1/rdr.tsv
LES4677A1_124574_41x_12y	R1	DLP	1	healthy	healthy	/srv/home/aste0033/projects/MPNST/scDNA/CHISEL/DLPp/R1/rdr.tsv
LES4677A1_124574_43x_52y	R2	DLP	1	healthy	healthy	/srv/home/aste0033/projects/MPNST/scDNA/CHISEL/DLPp/R2/rdr.tsv
LES4677A1_124574_44x_42y	R2	DLP	1	healthy	healthy	/srv/home/aste0033/projects/MPNST/scDNA/CHISEL/DLPp/R2/rdr.tsv
LES4677A1_124574_44x_49y	R2	DLP	1	healthy	healthy	/srv/home/aste0033/projects/MPNST/scDNA/CHISEL/DLPp/R2/rdr.tsv
LES4677A1_124574_44x_52y	R2	DLP	1	healthy	healthy	/srv/home/aste0033/projects/MPNST/scDNA/CHISEL/DLPp/R2/rdr.tsv
LES4677A1_124574_45x_37y	R2	DLP	1	healthy	healthy	/srv/home/aste0033/projects/MPNST/scDNA/CHISEL/DLPp/R2/rdr.tsv
LES4677A1_124574_46x_17y	R1	DLP	1	healthy	healthy	/srv/home/aste0033/projects/MPNST/scDNA/CHISEL/DLPp/R1/rdr.tsv
LES4677A1_124574_46x_29y	R1	DLP	1	healthy	healthy	/srv/home/aste0033/projects/MPNST/scDNA/CHISEL/DLPp/R1/rdr.tsv
LES4677A1_124574_46x_52y	R2	DLP	1	healthy	healthy	/srv/home/aste0033/projects/MPNST/scDNA/CHISEL/DLPp/R2/rdr.tsv
LES4677A1_124574_46x_59y	R2	DLP	1	healthy	healthy	/srv/home/aste0033/projects/MPNST/scDNA/CHISEL/DLPp/R2/rdr.tsv
LES4677A1_124574_47x_32y	R1	DLP	1	healthy	healthy	/srv/home/aste0033/projects/MPNST/scDNA/CHISEL/DLPp/R1/rdr.tsv
LES4677A1_124574_47x_39y	R2	DLP	1	healthy	healthy	/srv/home/aste0033/projects/MPNST/scDNA/CHISEL/DLPp/R2/rdr.tsv
LES4677A1_124574_47x_53y	R2	DLP	1	healthy	healthy	/srv/home/aste0033/projects/MPNST/scDNA/CHISEL/DLPp/R2/rdr.tsv
LES4677A1_124574_48x_29y	R1	DLP	1	healthy	healthy	/srv/home/aste0033/projects/MPNST/scDNA/CHISEL/DLPp/R1/rdr.tsv
LES4677A1_124574_49x_24y	R1	DLP	1	healthy	healthy	/srv/home/aste0033/projects/MPNST/scDNA/CHISEL/DLPp/R1/rdr.tsv
LES4677A1_124574_50x_23y	R1	DLP	1	healthy	healthy	/srv/home/aste0033/projects/MPNST/scDNA/CHISEL/DLPp/R1/rdr.tsv
LES4677A1_124574_50x_45y	R2	DLP	1	healthy	healthy	/srv/home/aste0033/projects/MPNST/scDNA/CHISEL/DLPp/R2/rdr.tsv
LES4677A1_124574_51x_40y	R2	DLP	1	healthy	healthy	/srv/home/aste0033/projects/MPNST/scDNA/CHISEL/DLPp/R2/rdr.tsv
LES4677A1_124574_52x_40y	R2	DLP	1	healthy	healthy	/srv/home/aste0033/projects/MPNST/scDNA/CHISEL/DLPp/R2/rdr.tsv
LES4677A1_124574_53x_31y	R1	DLP	1	healthy	healthy	/srv/home/aste0033/projects/MPNST/scDNA/CHISEL/DLPp/R1/rdr.tsv
LES4677A1_124574_53x_40y	R2	DLP	1	healthy	healthy	/srv/home/aste0033/projects/MPNST/scDNA/CHISEL/DLPp/R2/rdr.tsv
LES4677A1_124574_54x_38y	R2	DLP	1	healthy	healthy	/srv/home/aste0033/projects/MPNST/scDNA/CHISEL/DLPp/R2/rdr.tsv
LES4677A1_124574_55x_38y	R2	DLP	1	healthy	healthy	/srv/home/aste0033/projects/MPNST/scDNA/CHISEL/DLPp/R2/rdr.tsv
LES4677A1_124574_55x_48y	R2	DLP	1	healthy	healthy	/srv/home/aste0033/projects/MPNST/scDNA/CHISEL/DLPp/R2/rdr.tsv
LES4677A1_124574_56x_47y	R2	DLP	1	healthy	healthy	/srv/home/aste0033/projects/MPNST/scDNA/CHISEL/DLPp/R2/rdr.tsv
LES4677A1_124574_59x_23y	R1	DLP	1	healthy	healthy	/srv/home/aste0033/projects/MPNST/scDNA/CHISEL/DLPp/R1/rdr.tsv
LES4677A1_124574_60x_24y	R1	DLP	1	healthy	healthy	/srv/home/aste0033/projects/MPNST/scDNA/CHISEL/DLPp/R1/rdr.tsv
LES4677A2_124576_15x_27y	R4	DLP	1	healthy	healthy	/srv/home/aste0033/projects/MPNST/scDNA/CHISEL/DLPp/R4/rdr.tsv
LES4677A2_124576_15x_30y	R4	DLP	1	healthy	healthy	/srv/home/aste0033/projects/MPNST/scDNA/CHISEL/DLPp/R4/rdr.tsv
LES4677A2_124576_16x_35y	R4	DLP	1	healthy	healthy	/srv/home/aste0033/projects/MPNST/scDNA/CHISEL/DLPp/R4/rdr.tsv
LES4677A2_124576_23x_24y	R4	DLP	1	healthy	healthy	/srv/home/aste0033/projects/MPNST/scDNA/CHISEL/DLPp/R4/rdr.tsv
LES4677A2_124576_23x_26y	R4	DLP	1	healthy	healthy	/srv/home/aste0033/projects/MPNST/scDNA/CHISEL/DLPp/R4/rdr.tsv
LES4677A2_124576_23x_34y	R4	DLP	1	healthy	healthy	/srv/home/aste0033/projects/MPNST/scDNA/CHISEL/DLPp/R4/rdr.tsv
LES4677A2_124576_24x_11y	R4	DLP	1	healthy	healthy	/srv/home/aste0033/projects/MPNST/scDNA/CHISEL/DLPp/R4/rdr.tsv
LES4677A2_124576_26x_22y	R4	DLP	1	healthy	healthy	/srv/home/aste0033/projects/MPNST/scDNA/CHISEL/DLPp/R4/rdr.tsv
LES4677A2_124576_27x_21y	R4	DLP	1	healthy	healthy	/srv/home/aste0033/projects/MPNST/scDNA/CHISEL/DLPp/R4/rdr.tsv
LES4677A2_124576_32x_40y	R3	DLP	1	healthy	healthy	/srv/home/aste0033/projects/MPNST/scDNA/CHISEL/DLPp/R3/rdr.tsv
LES4677A2_124576_33x_41y	R3	DLP	1	healthy	healthy	/srv/home/aste0033/projects/MPNST/scDNA/CHISEL/DLPp/R3/rdr.tsv
LES4677A2_124576_34x_31y	R4	DLP	1	healthy	healthy	/srv/home/aste0033/projects/MPNST/scDNA/CHISEL/DLPp/R4/rdr.tsv
LES4677A2_124576_35x_31y	R4	DLP	1	healthy	healthy	/srv/home/aste0033/projects/MPNST/scDNA/CHISEL/DLPp/R4/rdr.tsv
LES4677A2_124576_38x_41y	R3	DLP	1	healthy	healthy	/srv/home/aste0033/projects/MPNST/scDNA/CHISEL/DLPp/R3/rdr.tsv
LES4677A2_124576_48x_40y	R3	DLP	1	healthy	healthy	/srv/home/aste0033/projects/MPNST/scDNA/CHISEL/DLPp/R3/rdr.tsv
LES4677A2_124576_50x_29y	R4	DLP	1	healthy	healthy	/srv/home/aste0033/projects/MPNST/scDNA/CHISEL/DLPp/R4/rdr.tsv
LES4677A2_124576_58x_27y	R4	DLP	1	healthy	healthy	/srv/home/aste0033/projects/MPNST/scDNA/CHISEL/DLPp/R4/rdr.tsv
LES4677A4_124668_14x_51y	R5	DLP	1	healthy	healthy	/srv/home/aste0033/projects/MPNST/scDNA/CHISEL/DLPp/R5/rdr.tsv
LES4677A4_124668_15x_20y	P	DLP	1	healthy	healthy	/srv/home/aste0033/projects/MPNST/scDNA/CHISEL/DLPp/P/rdr.tsv
LES4677A4_124668_15x_24y	P	DLP	1	healthy	healthy	/srv/home/aste0033/projects/MPNST/scDNA/CHISEL/DLPp/P/rdr.tsv
LES4677A4_124668_15x_61y	R5	DLP	1	healthy	healthy	/srv/home/aste0033/projects/MPNST/scDNA/CHISEL/DLPp/R5/rdr.tsv
LES4677A4_124668_16x_12y	P	DLP	1	healthy	healthy	/srv/home/aste0033/projects/MPNST/scDNA/CHISEL/DLPp/P/rdr.tsv
LES4677A4_124668_16x_16y	P	DLP	1	healthy	healthy	/srv/home/aste0033/projects/MPNST/scDNA/CHISEL/DLPp/P/rdr.tsv
LES4677A4_124668_16x_18y	P	DLP	1	healthy	healthy	/srv/home/aste0033/projects/MPNST/scDNA/CHISEL/DLPp/P/rdr.tsv
LES4677A4_124668_16x_21y	P	DLP	1	healthy	healthy	/srv/home/aste0033/projects/MPNST/scDNA/CHISEL/DLPp/P/rdr.tsv
LES4677A4_124668_16x_39y	R5	DLP	1	healthy	healthy	/srv/home/aste0033/projects/MPNST/scDNA/CHISEL/DLPp/R5/rdr.tsv
LES4677A4_124668_16x_44y	R5	DLP	1	healthy	healthy	/srv/home/aste0033/projects/MPNST/scDNA/CHISEL/DLPp/R5/rdr.tsv
LES4677A4_124668_16x_48y	R5	DLP	1	healthy	healthy	/srv/home/aste0033/projects/MPNST/scDNA/CHISEL/DLPp/R5/rdr.tsv
LES4677A4_124668_16x_56y	R5	DLP	1	healthy	healthy	/srv/home/aste0033/projects/MPNST/scDNA/CHISEL/DLPp/R5/rdr.tsv
LES4677A4_124668_17x_28y	P	DLP	1	healthy	healthy	/srv/home/aste0033/projects/MPNST/scDNA/CHISEL/DLPp/P/rdr.tsv
LES4677A4_124668_17x_43y	R5	DLP	1	healthy	healthy	/srv/home/aste0033/projects/MPNST/scDNA/CHISEL/DLPp/R5/rdr.tsv
LES4677A4_124668_18x_16y	P	DLP	1	healthy	healthy	/srv/home/aste0033/projects/MPNST/scDNA/CHISEL/DLPp/P/rdr.tsv
LES4677A4_124668_18x_31y	P	DLP	1	healthy	healthy	/srv/home/aste0033/projects/MPNST/scDNA/CHISEL/DLPp/P/rdr.tsv
LES4677A4_124668_18x_44y	R5	DLP	1	healthy	healthy	/srv/home/aste0033/projects/MPNST/scDNA/CHISEL/DLPp/R5/rdr.tsv
LES4677A4_124668_18x_57y	R5	DLP	1	healthy	healthy	/srv/home/aste0033/projects/MPNST/scDNA/CHISEL/DLPp/R5/rdr.tsv
LES4677A4_124668_19x_21y	P	DLP	1	healthy	healthy	/srv/home/aste0033/projects/MPNST/scDNA/CHISEL/DLPp/P/rdr.tsv
LES4677A4_124668_19x_29y	P	DLP	1	healthy	healthy	/srv/home/aste0033/projects/MPNST/scDNA/CHISEL/DLPp/P/rdr.tsv
LES4677A4_124668_19x_52y	R5	DLP	1	healthy	healthy	/srv/home/aste0033/projects/MPNST/scDNA/CHISEL/DLPp/R5/rdr.tsv
LES4677A4_124668_19x_57y	R5	DLP	1	healthy	healthy	/srv/home/aste0033/projects/MPNST/scDNA/CHISEL/DLPp/R5/rdr.tsv
LES4677A4_124668_20x_42y	R5	DLP	1	healthy	healthy	/srv/home/aste0033/projects/MPNST/scDNA/CHISEL/DLPp/R5/rdr.tsv
LES4677A4_124668_21x_17y	P	DLP	1	healthy	healthy	/srv/home/aste0033/projects/MPNST/scDNA/CHISEL/DLPp/P/rdr.tsv
LES4677A4_124668_21x_30y	P	DLP	1	healthy	healthy	/srv/home/aste0033/projects/MPNST/scDNA/CHISEL/DLPp/P/rdr.tsv
LES4677A4_124668_21x_32y	P	DLP	1	healthy	healthy	/srv/home/aste0033/projects/MPNST/scDNA/CHISEL/DLPp/P/rdr.tsv
LES4677A4_124668_21x_33y	P	DLP	1	healthy	healthy	/srv/home/aste0033/projects/MPNST/scDNA/CHISEL/DLPp/P/rdr.tsv
LES4677A4_124668_21x_39y	R5	DLP	1	healthy	healthy	/srv/home/aste0033/projects/MPNST/scDNA/CHISEL/DLPp/R5/rdr.tsv
LES4677A4_124668_21x_46y	R5	DLP	1	healthy	healthy	/srv/home/aste0033/projects/MPNST/scDNA/CHISEL/DLPp/R5/rdr.tsv
LES4677A4_124668_21x_48y	R5	DLP	1	healthy	healthy	/srv/home/aste0033/projects/MPNST/scDNA/CHISEL/DLPp/R5/rdr.tsv
LES4677A4_124668_21x_59y	R5	DLP	1	healthy	healthy	/srv/home/aste0033/projects/MPNST/scDNA/CHISEL/DLPp/R5/rdr.tsv
LES4677A4_124668_21x_62y	R5	DLP	1	healthy	healthy	/srv/home/aste0033/projects/MPNST/scDNA/CHISEL/DLPp/R5/rdr.tsv
LES4677A4_124668_22x_36y	P	DLP	1	healthy	healthy	/srv/home/aste0033/projects/MPNST/scDNA/CHISEL/DLPp/P/rdr.tsv
LES4677A4_124668_22x_45y	R5	DLP	1	healthy	healthy	/srv/home/aste0033/projects/MPNST/scDNA/CHISEL/DLPp/R5/rdr.tsv
LES4677A4_124668_22x_52y	R5	DLP	1	healthy	healthy	/srv/home/aste0033/projects/MPNST/scDNA/CHISEL/DLPp/R5/rdr.tsv
LES4677A4_124668_23x_55y	R5	DLP	1	healthy	healthy	/srv/home/aste0033/projects/MPNST/scDNA/CHISEL/DLPp/R5/rdr.tsv
LES4677A4_124668_24x_34y	P	DLP	1	healthy	healthy	/srv/home/aste0033/projects/MPNST/scDNA/CHISEL/DLPp/P/rdr.tsv
LES4677A4_124668_24x_56y	R5	DLP	1	healthy	healthy	/srv/home/aste0033/projects/MPNST/scDNA/CHISEL/DLPp/R5/rdr.tsv
LES4677A4_124668_24x_61y	R5	DLP	1	healthy	healthy	/srv/home/aste0033/projects/MPNST/scDNA/CHISEL/DLPp/R5/rdr.tsv
LES4677A4_124668_25x_17y	P	DLP	1	healthy	healthy	/srv/home/aste0033/projects/MPNST/scDNA/CHISEL/DLPp/P/rdr.tsv
LES4677A4_124668_25x_29y	P	DLP	1	healthy	healthy	/srv/home/aste0033/projects/MPNST/scDNA/CHISEL/DLPp/P/rdr.tsv
LES4677A4_124668_25x_30y	P	DLP	1	healthy	healthy	/srv/home/aste0033/projects/MPNST/scDNA/CHISEL/DLPp/P/rdr.tsv
LES4677A4_124668_25x_39y	R5	DLP	1	healthy	healthy	/srv/home/aste0033/projects/MPNST/scDNA/CHISEL/DLPp/R5/rdr.tsv
LES4677A4_124668_25x_45y	R5	DLP	1	healthy	healthy	/srv/home/aste0033/projects/MPNST/scDNA/CHISEL/DLPp/R5/rdr.tsv
LES4677A4_124668_25x_59y	R5	DLP	1	healthy	healthy	/srv/home/aste0033/projects/MPNST/scDNA/CHISEL/DLPp/R5/rdr.tsv
LES4677A4_124668_26x_29y	P	DLP	1	healthy	healthy	/srv/home/aste0033/projects/MPNST/scDNA/CHISEL/DLPp/P/rdr.tsv
LES4677A4_124668_26x_38y	R5	DLP	1	healthy	healthy	/srv/home/aste0033/projects/MPNST/scDNA/CHISEL/DLPp/R5/rdr.tsv
LES4677A4_124668_26x_39y	R5	DLP	1	healthy	healthy	/srv/home/aste0033/projects/MPNST/scDNA/CHISEL/DLPp/R5/rdr.tsv
LES4677A4_124668_26x_41y	R5	DLP	1	healthy	healthy	/srv/home/aste0033/projects/MPNST/scDNA/CHISEL/DLPp/R5/rdr.tsv
LES4677A4_124668_27x_22y	P	DLP	1	healthy	healthy	/srv/home/aste0033/projects/MPNST/scDNA/CHISEL/DLPp/P/rdr.tsv
LES4677A4_124668_28x_28y	P	DLP	1	healthy	healthy	/srv/home/aste0033/projects/MPNST/scDNA/CHISEL/DLPp/P/rdr.tsv
LES4677A4_124668_28x_32y	P	DLP	1	healthy	healthy	/srv/home/aste0033/projects/MPNST/scDNA/CHISEL/DLPp/P/rdr.tsv
LES4677A4_124668_28x_33y	P	DLP	1	healthy	healthy	/srv/home/aste0033/projects/MPNST/scDNA/CHISEL/DLPp/P/rdr.tsv
LES4677A4_124668_28x_47y	R5	DLP	1	healthy	healthy	/srv/home/aste0033/projects/MPNST/scDNA/CHISEL/DLPp/R5/rdr.tsv
LES4677A4_124668_29x_21y	P	DLP	1	healthy	healthy	/srv/home/aste0033/projects/MPNST/scDNA/CHISEL/DLPp/P/rdr.tsv
LES4677A4_124668_29x_34y	P	DLP	1	healthy	healthy	/srv/home/aste0033/projects/MPNST/scDNA/CHISEL/DLPp/P/rdr.tsv
LES4677A4_124668_30x_29y	P	DLP	1	healthy	healthy	/srv/home/aste0033/projects/MPNST/scDNA/CHISEL/DLPp/P/rdr.tsv
LES4677A4_124668_30x_35y	P	DLP	1	healthy	healthy	/srv/home/aste0033/projects/MPNST/scDNA/CHISEL/DLPp/P/rdr.tsv
LES4677A4_124668_31x_26y	P	DLP	1	healthy	healthy	/srv/home/aste0033/projects/MPNST/scDNA/CHISEL/DLPp/P/rdr.tsv
LES4677A4_124668_32x_24y	P	DLP	1	healthy	healthy	/srv/home/aste0033/projects/MPNST/scDNA/CHISEL/DLPp/P/rdr.tsv
LES4677A4_124668_32x_26y	P	DLP	1	healthy	healthy	/srv/home/aste0033/projects/MPNST/scDNA/CHISEL/DLPp/P/rdr.tsv
LES4677A4_124668_32x_32y	P	DLP	1	healthy	healthy	/srv/home/aste0033/projects/MPNST/scDNA/CHISEL/DLPp/P/rdr.tsv
LES4677A4_124668_32x_44y	R5	DLP	1	healthy	healthy	/srv/home/aste0033/projects/MPNST/scDNA/CHISEL/DLPp/R5/rdr.tsv
LES4677A4_124668_33x_28y	P	DLP	1	healthy	healthy	/srv/home/aste0033/projects/MPNST/scDNA/CHISEL/DLPp/P/rdr.tsv
LES4677A4_124668_33x_29y	P	DLP	1	healthy	healthy	/srv/home/aste0033/projects/MPNST/scDNA/CHISEL/DLPp/P/rdr.tsv
LES4677A4_124668_33x_30y	P	DLP	1	healthy	healthy	/srv/home/aste0033/projects/MPNST/scDNA/CHISEL/DLPp/P/rdr.tsv
LES4677A4_124668_33x_32y	P	DLP	1	healthy	healthy	/srv/home/aste0033/projects/MPNST/scDNA/CHISEL/DLPp/P/rdr.tsv
LES4677A4_124668_33x_51y	R5	DLP	1	healthy	healthy	/srv/home/aste0033/projects/MPNST/scDNA/CHISEL/DLPp/R5/rdr.tsv
LES4677A4_124668_34x_28y	P	DLP	1	healthy	healthy	/srv/home/aste0033/projects/MPNST/scDNA/CHISEL/DLPp/P/rdr.tsv
LES4677A4_124668_34x_31y	P	DLP	1	healthy	healthy	/srv/home/aste0033/projects/MPNST/scDNA/CHISEL/DLPp/P/rdr.tsv
LES4677A4_124668_34x_54y	R5	DLP	1	healthy	healthy	/srv/home/aste0033/projects/MPNST/scDNA/CHISEL/DLPp/R5/rdr.tsv
LES4677A4_124668_34x_60y	R5	DLP	1	healthy	healthy	/srv/home/aste0033/projects/MPNST/scDNA/CHISEL/DLPp/R5/rdr.tsv
LES4677A4_124668_35x_44y	R5	DLP	1	healthy	healthy	/srv/home/aste0033/projects/MPNST/scDNA/CHISEL/DLPp/R5/rdr.tsv
LES4677A4_124668_36x_34y	P	DLP	1	healthy	healthy	/srv/home/aste0033/projects/MPNST/scDNA/CHISEL/DLPp/P/rdr.tsv
LES4677A4_124668_36x_35y	P	DLP	1	healthy	healthy	/srv/home/aste0033/projects/MPNST/scDNA/CHISEL/DLPp/P/rdr.tsv
LES4677A4_124668_36x_48y	R5	DLP	1	healthy	healthy	/srv/home/aste0033/projects/MPNST/scDNA/CHISEL/DLPp/R5/rdr.tsv
LES4677A4_124668_36x_51y	R5	DLP	1	healthy	healthy	/srv/home/aste0033/projects/MPNST/scDNA/CHISEL/DLPp/R5/rdr.tsv
LES4677A4_124668_37x_28y	P	DLP	1	healthy	healthy	/srv/home/aste0033/projects/MPNST/scDNA/CHISEL/DLPp/P/rdr.tsv
LES4677A4_124668_37x_31y	P	DLP	1	healthy	healthy	/srv/home/aste0033/projects/MPNST/scDNA/CHISEL/DLPp/P/rdr.tsv
LES4677A4_124668_37x_50y	R5	DLP	1	healthy	healthy	/srv/home/aste0033/projects/MPNST/scDNA/CHISEL/DLPp/R5/rdr.tsv
LES4677A4_124668_37x_53y	R5	DLP	1	healthy	healthy	/srv/home/aste0033/projects/MPNST/scDNA/CHISEL/DLPp/R5/rdr.tsv
LES4677A4_124668_38x_28y	P	DLP	1	healthy	healthy	/srv/home/aste0033/projects/MPNST/scDNA/CHISEL/DLPp/P/rdr.tsv
LES4677A4_124668_38x_36y	P	DLP	1	healthy	healthy	/srv/home/aste0033/projects/MPNST/scDNA/CHISEL/DLPp/P/rdr.tsv
LES4677A4_124668_38x_40y	R5	DLP	1	healthy	healthy	/srv/home/aste0033/projects/MPNST/scDNA/CHISEL/DLPp/R5/rdr.tsv
LES4677A4_124668_38x_41y	R5	DLP	1	healthy	healthy	/srv/home/aste0033/projects/MPNST/scDNA/CHISEL/DLPp/R5/rdr.tsv
LES4677A4_124668_38x_46y	R5	DLP	1	healthy	healthy	/srv/home/aste0033/projects/MPNST/scDNA/CHISEL/DLPp/R5/rdr.tsv
LES4677A4_124668_39x_12y	P	DLP	1	healthy	healthy	/srv/home/aste0033/projects/MPNST/scDNA/CHISEL/DLPp/P/rdr.tsv
LES4677A4_124668_39x_25y	P	DLP	1	healthy	healthy	/srv/home/aste0033/projects/MPNST/scDNA/CHISEL/DLPp/P/rdr.tsv
LES4677A4_124668_39x_28y	P	DLP	1	healthy	healthy	/srv/home/aste0033/projects/MPNST/scDNA/CHISEL/DLPp/P/rdr.tsv
LES4677A4_124668_39x_50y	R5	DLP	1	healthy	healthy	/srv/home/aste0033/projects/MPNST/scDNA/CHISEL/DLPp/R5/rdr.tsv
LES4677A4_124668_39x_55y	R5	DLP	1	healthy	healthy	/srv/home/aste0033/projects/MPNST/scDNA/CHISEL/DLPp/R5/rdr.tsv
LES4677A4_124668_40x_14y	P	DLP	1	healthy	healthy	/srv/home/aste0033/projects/MPNST/scDNA/CHISEL/DLPp/P/rdr.tsv
LES4677A4_124668_40x_24y	P	DLP	1	healthy	healthy	/srv/home/aste0033/projects/MPNST/scDNA/CHISEL/DLPp/P/rdr.tsv
LES4677A4_124668_40x_27y	P	DLP	1	healthy	healthy	/srv/home/aste0033/projects/MPNST/scDNA/CHISEL/DLPp/P/rdr.tsv
LES4677A4_124668_40x_50y	R5	DLP	1	healthy	healthy	/srv/home/aste0033/projects/MPNST/scDNA/CHISEL/DLPp/R5/rdr.tsv
LES4677A4_124668_41x_22y	P	DLP	1	healthy	healthy	/srv/home/aste0033/projects/MPNST/scDNA/CHISEL/DLPp/P/rdr.tsv
LES4677A4_124668_41x_30y	P	DLP	1	healthy	healthy	/srv/home/aste0033/projects/MPNST/scDNA/CHISEL/DLPp/P/rdr.tsv
LES4677A4_124668_41x_47y	R5	DLP	1	healthy	healthy	/srv/home/aste0033/projects/MPNST/scDNA/CHISEL/DLPp/R5/rdr.tsv
LES4677A4_124668_41x_49y	R5	DLP	1	healthy	healthy	/srv/home/aste0033/projects/MPNST/scDNA/CHISEL/DLPp/R5/rdr.tsv
LES4677A4_124668_42x_18y	P	DLP	1	healthy	healthy	/srv/home/aste0033/projects/MPNST/scDNA/CHISEL/DLPp/P/rdr.tsv
LES4677A4_124668_42x_36y	P	DLP	1	healthy	healthy	/srv/home/aste0033/projects/MPNST/scDNA/CHISEL/DLPp/P/rdr.tsv
LES4677A4_124668_42x_55y	R5	DLP	1	healthy	healthy	/srv/home/aste0033/projects/MPNST/scDNA/CHISEL/DLPp/R5/rdr.tsv
LES4677A4_124668_43x_21y	P	DLP	1	healthy	healthy	/srv/home/aste0033/projects/MPNST/scDNA/CHISEL/DLPp/P/rdr.tsv
LES4677A4_124668_43x_28y	P	DLP	1	healthy	healthy	/srv/home/aste0033/projects/MPNST/scDNA/CHISEL/DLPp/P/rdr.tsv
LES4677A4_124668_43x_35y	P	DLP	1	healthy	healthy	/srv/home/aste0033/projects/MPNST/scDNA/CHISEL/DLPp/P/rdr.tsv
LES4677A4_124668_43x_36y	P	DLP	1	healthy	healthy	/srv/home/aste0033/projects/MPNST/scDNA/CHISEL/DLPp/P/rdr.tsv
LES4677A4_124668_43x_59y	R5	DLP	1	healthy	healthy	/srv/home/aste0033/projects/MPNST/scDNA/CHISEL/DLPp/R5/rdr.tsv
LES4677A4_124668_44x_29y	P	DLP	1	healthy	healthy	/srv/home/aste0033/projects/MPNST/scDNA/CHISEL/DLPp/P/rdr.tsv
LES4677A4_124668_44x_40y	R5	DLP	1	healthy	healthy	/srv/home/aste0033/projects/MPNST/scDNA/CHISEL/DLPp/R5/rdr.tsv
LES4677A4_124668_44x_43y	R5	DLP	1	healthy	healthy	/srv/home/aste0033/projects/MPNST/scDNA/CHISEL/DLPp/R5/rdr.tsv
LES4677A4_124668_45x_14y	P	DLP	1	healthy	healthy	/srv/home/aste0033/projects/MPNST/scDNA/CHISEL/DLPp/P/rdr.tsv
LES4677A4_124668_45x_18y	P	DLP	1	healthy	healthy	/srv/home/aste0033/projects/MPNST/scDNA/CHISEL/DLPp/P/rdr.tsv
LES4677A4_124668_45x_54y	R5	DLP	1	healthy	healthy	/srv/home/aste0033/projects/MPNST/scDNA/CHISEL/DLPp/R5/rdr.tsv
LES4677A4_124668_46x_19y	P	DLP	1	healthy	healthy	/srv/home/aste0033/projects/MPNST/scDNA/CHISEL/DLPp/P/rdr.tsv
LES4677A4_124668_46x_21y	P	DLP	1	healthy	healthy	/srv/home/aste0033/projects/MPNST/scDNA/CHISEL/DLPp/P/rdr.tsv
LES4677A4_124668_46x_22y	P	DLP	1	healthy	healthy	/srv/home/aste0033/projects/MPNST/scDNA/CHISEL/DLPp/P/rdr.tsv
LES4677A4_124668_46x_28y	P	DLP	1	healthy	healthy	/srv/home/aste0033/projects/MPNST/scDNA/CHISEL/DLPp/P/rdr.tsv
LES4677A4_124668_46x_46y	R5	DLP	1	healthy	healthy	/srv/home/aste0033/projects/MPNST/scDNA/CHISEL/DLPp/R5/rdr.tsv
LES4677A4_124668_46x_47y	R5	DLP	1	healthy	healthy	/srv/home/aste0033/projects/MPNST/scDNA/CHISEL/DLPp/R5/rdr.tsv
LES4677A4_124668_46x_52y	R5	DLP	1	healthy	healthy	/srv/home/aste0033/projects/MPNST/scDNA/CHISEL/DLPp/R5/rdr.tsv
LES4677A4_124668_47x_16y	P	DLP	1	healthy	healthy	/srv/home/aste0033/projects/MPNST/scDNA/CHISEL/DLPp/P/rdr.tsv
LES4677A4_124668_47x_17y	P	DLP	1	healthy	healthy	/srv/home/aste0033/projects/MPNST/scDNA/CHISEL/DLPp/P/rdr.tsv
LES4677A4_124668_47x_31y	P	DLP	1	healthy	healthy	/srv/home/aste0033/projects/MPNST/scDNA/CHISEL/DLPp/P/rdr.tsv
LES4677A4_124668_47x_34y	P	DLP	1	healthy	healthy	/srv/home/aste0033/projects/MPNST/scDNA/CHISEL/DLPp/P/rdr.tsv
LES4677A4_124668_48x_18y	P	DLP	1	healthy	healthy	/srv/home/aste0033/projects/MPNST/scDNA/CHISEL/DLPp/P/rdr.tsv
LES4677A4_124668_48x_36y	P	DLP	1	healthy	healthy	/srv/home/aste0033/projects/MPNST/scDNA/CHISEL/DLPp/P/rdr.tsv
LES4677A4_124668_48x_50y	R5	DLP	1	healthy	healthy	/srv/home/aste0033/projects/MPNST/scDNA/CHISEL/DLPp/R5/rdr.tsv
LES4677A4_124668_48x_55y	R5	DLP	1	healthy	healthy	/srv/home/aste0033/projects/MPNST/scDNA/CHISEL/DLPp/R5/rdr.tsv
LES4677A4_124668_49x_19y	P	DLP	1	healthy	healthy	/srv/home/aste0033/projects/MPNST/scDNA/CHISEL/DLPp/P/rdr.tsv
LES4677A4_124668_49x_21y	P	DLP	1	healthy	healthy	/srv/home/aste0033/projects/MPNST/scDNA/CHISEL/DLPp/P/rdr.tsv
LES4677A4_124668_49x_28y	P	DLP	1	healthy	healthy	/srv/home/aste0033/projects/MPNST/scDNA/CHISEL/DLPp/P/rdr.tsv
LES4677A4_124668_49x_34y	P	DLP	1	healthy	healthy	/srv/home/aste0033/projects/MPNST/scDNA/CHISEL/DLPp/P/rdr.tsv
LES4677A4_124668_49x_47y	R5	DLP	1	healthy	healthy	/srv/home/aste0033/projects/MPNST/scDNA/CHISEL/DLPp/R5/rdr.tsv
LES4677A4_124668_50x_38y	R5	DLP	1	healthy	healthy	/srv/home/aste0033/projects/MPNST/scDNA/CHISEL/DLPp/R5/rdr.tsv
LES4677A4_124668_50x_45y	R5	DLP	1	healthy	healthy	/srv/home/aste0033/projects/MPNST/scDNA/CHISEL/DLPp/R5/rdr.tsv
LES4677A4_124668_50x_55y	R5	DLP	1	healthy	healthy	/srv/home/aste0033/projects/MPNST/scDNA/CHISEL/DLPp/R5/rdr.tsv
LES4677A4_124668_50x_57y	R5	DLP	1	healthy	healthy	/srv/home/aste0033/projects/MPNST/scDNA/CHISEL/DLPp/R5/rdr.tsv
LES4677A4_124668_51x_14y	P	DLP	1	healthy	healthy	/srv/home/aste0033/projects/MPNST/scDNA/CHISEL/DLPp/P/rdr.tsv
LES4677A4_124668_51x_45y	R5	DLP	1	healthy	healthy	/srv/home/aste0033/projects/MPNST/scDNA/CHISEL/DLPp/R5/rdr.tsv
LES4677A4_124668_52x_12y	P	DLP	1	healthy	healthy	/srv/home/aste0033/projects/MPNST/scDNA/CHISEL/DLPp/P/rdr.tsv
LES4677A4_124668_52x_19y	P	DLP	1	healthy	healthy	/srv/home/aste0033/projects/MPNST/scDNA/CHISEL/DLPp/P/rdr.tsv
LES4677A4_124668_52x_29y	P	DLP	1	healthy	healthy	/srv/home/aste0033/projects/MPNST/scDNA/CHISEL/DLPp/P/rdr.tsv
LES4677A4_124668_52x_31y	P	DLP	1	healthy	healthy	/srv/home/aste0033/projects/MPNST/scDNA/CHISEL/DLPp/P/rdr.tsv
LES4677A4_124668_52x_32y	P	DLP	1	healthy	healthy	/srv/home/aste0033/projects/MPNST/scDNA/CHISEL/DLPp/P/rdr.tsv
LES4677A4_124668_52x_53y	R5	DLP	1	healthy	healthy	/srv/home/aste0033/projects/MPNST/scDNA/CHISEL/DLPp/R5/rdr.tsv
LES4677A4_124668_52x_60y	R5	DLP	1	healthy	healthy	/srv/home/aste0033/projects/MPNST/scDNA/CHISEL/DLPp/R5/rdr.tsv
LES4677A4_124668_53x_24y	P	DLP	1	healthy	healthy	/srv/home/aste0033/projects/MPNST/scDNA/CHISEL/DLPp/P/rdr.tsv
LES4677A4_124668_53x_30y	P	DLP	1	healthy	healthy	/srv/home/aste0033/projects/MPNST/scDNA/CHISEL/DLPp/P/rdr.tsv
LES4677A4_124668_53x_31y	P	DLP	1	healthy	healthy	/srv/home/aste0033/projects/MPNST/scDNA/CHISEL/DLPp/P/rdr.tsv
LES4677A4_124668_53x_40y	R5	DLP	1	healthy	healthy	/srv/home/aste0033/projects/MPNST/scDNA/CHISEL/DLPp/R5/rdr.tsv
LES4677A4_124668_53x_51y	R5	DLP	1	healthy	healthy	/srv/home/aste0033/projects/MPNST/scDNA/CHISEL/DLPp/R5/rdr.tsv
LES4677A4_124668_53x_52y	R5	DLP	1	healthy	healthy	/srv/home/aste0033/projects/MPNST/scDNA/CHISEL/DLPp/R5/rdr.tsv
LES4677A4_124668_53x_54y	R5	DLP	1	healthy	healthy	/srv/home/aste0033/projects/MPNST/scDNA/CHISEL/DLPp/R5/rdr.tsv
LES4677A4_124668_54x_24y	P	DLP	1	healthy	healthy	/srv/home/aste0033/projects/MPNST/scDNA/CHISEL/DLPp/P/rdr.tsv
LES4677A4_124668_54x_38y	R5	DLP	1	healthy	healthy	/srv/home/aste0033/projects/MPNST/scDNA/CHISEL/DLPp/R5/rdr.tsv
LES4677A4_124668_55x_25y	P	DLP	1	healthy	healthy	/srv/home/aste0033/projects/MPNST/scDNA/CHISEL/DLPp/P/rdr.tsv
LES4677A4_124668_55x_30y	P	DLP	1	healthy	healthy	/srv/home/aste0033/projects/MPNST/scDNA/CHISEL/DLPp/P/rdr.tsv
LES4677A4_124668_55x_47y	R5	DLP	1	healthy	healthy	/srv/home/aste0033/projects/MPNST/scDNA/CHISEL/DLPp/R5/rdr.tsv
LES4677A4_124668_55x_51y	R5	DLP	1	healthy	healthy	/srv/home/aste0033/projects/MPNST/scDNA/CHISEL/DLPp/R5/rdr.tsv
LES4677A4_124668_55x_62y	R5	DLP	1	healthy	healthy	/srv/home/aste0033/projects/MPNST/scDNA/CHISEL/DLPp/R5/rdr.tsv
LES4677A4_124668_56x_35y	P	DLP	1	healthy	healthy	/srv/home/aste0033/projects/MPNST/scDNA/CHISEL/DLPp/P/rdr.tsv
LES4677A4_124668_57x_25y	P	DLP	1	healthy	healthy	/srv/home/aste0033/projects/MPNST/scDNA/CHISEL/DLPp/P/rdr.tsv
LES4677A4_124668_57x_45y	R5	DLP	1	healthy	healthy	/srv/home/aste0033/projects/MPNST/scDNA/CHISEL/DLPp/R5/rdr.tsv
LES4677A4_124668_57x_47y	R5	DLP	1	healthy	healthy	/srv/home/aste0033/projects/MPNST/scDNA/CHISEL/DLPp/R5/rdr.tsv
LES4677A4_124668_58x_17y	P	DLP	1	healthy	healthy	/srv/home/aste0033/projects/MPNST/scDNA/CHISEL/DLPp/P/rdr.tsv
LES4677A4_124668_58x_38y	R5	DLP	1	healthy	healthy	/srv/home/aste0033/projects/MPNST/scDNA/CHISEL/DLPp/R5/rdr.tsv
LES4677A4_124668_58x_54y	R5	DLP	1	healthy	healthy	/srv/home/aste0033/projects/MPNST/scDNA/CHISEL/DLPp/R5/rdr.tsv
LES4677A4_124668_59x_23y	P	DLP	1	healthy	healthy	/srv/home/aste0033/projects/MPNST/scDNA/CHISEL/DLPp/P/rdr.tsv
LES4677A4_124668_60x_12y	P	DLP	1	healthy	healthy	/srv/home/aste0033/projects/MPNST/scDNA/CHISEL/DLPp/P/rdr.tsv
LES4677A4_124668_60x_23y	P	DLP	1	healthy	healthy	/srv/home/aste0033/projects/MPNST/scDNA/CHISEL/DLPp/P/rdr.tsv
LES4677A4_124668_61x_26y	P	DLP	1	healthy	healthy	/srv/home/aste0033/projects/MPNST/scDNA/CHISEL/DLPp/P/rdr.tsv
LES4677A4_124668_61x_40y	R5	DLP	1	healthy	healthy	/srv/home/aste0033/projects/MPNST/scDNA/CHISEL/DLPp/R5/rdr.tsv
LES4677A4_124668_61x_51y	R5	DLP	1	healthy	healthy	/srv/home/aste0033/projects/MPNST/scDNA/CHISEL/DLPp/R5/rdr.tsv
LES4677A4_124668_61x_61y	R5	DLP	1	healthy	healthy	/srv/home/aste0033/projects/MPNST/scDNA/CHISEL/DLPp/R5/rdr.tsv
LES4677A4_124668_62x_31y	P	DLP	1	healthy	healthy	/srv/home/aste0033/projects/MPNST/scDNA/CHISEL/DLPp/P/rdr.tsv
LES4677A4_124668_62x_39y	R5	DLP	1	healthy	healthy	/srv/home/aste0033/projects/MPNST/scDNA/CHISEL/DLPp/R5/rdr.tsv
AAACCTGCAATTGAAG-1	R5	10X	2	removed	removed	/mnt/iribhm/homes/aste0033/projects/MPNST/scDNA/CHISEL/10X/FIT208A7/rdr.tsv
AACTCAGCACAGCCAC-1	R1	10X	2	removed	removed	/mnt/iribhm/homes/aste0033/projects/MPNST/scDNA/CHISEL/10X/FIT208A3/rdr.tsv
AAGCCGCGTACGTCAT-1	R2	10X	2	removed	removed	/mnt/iribhm/homes/aste0033/projects/MPNST/scDNA/CHISEL/10X/FIT208A4/rdr.tsv
AATCCAGTCGCCAACG-1	R2	10X	2	removed	removed	/mnt/iribhm/homes/aste0033/projects/MPNST/scDNA/CHISEL/10X/FIT208A4/rdr.tsv
ACATACGAGCGATTAA-1	R2	10X	2	removed	removed	/mnt/iribhm/homes/aste0033/projects/MPNST/scDNA/CHISEL/10X/FIT208A4/rdr.tsv
ACATCAGTCATTGCTT-1	R2	10X	2	removed	removed	/mnt/iribhm/homes/aste0033/projects/MPNST/scDNA/CHISEL/10X/FIT208A4/rdr.tsv
ACATCAGTCCTACGAA-1	R1	10X	2	removed	removed	/mnt/iribhm/homes/aste0033/projects/MPNST/scDNA/CHISEL/10X/FIT208A3/rdr.tsv
ACCGTAAAGCGCGATA-1	P	10X	2	removed	removed	/mnt/iribhm/homes/aste0033/projects/MPNST/scDNA/CHISEL/10X/FIT208A8/rdr.tsv
ACGATGTCACGCTGAC-1	R2	10X	2	removed	removed	/mnt/iribhm/homes/aste0033/projects/MPNST/scDNA/CHISEL/10X/FIT208A4/rdr.tsv
ACGATGTTCAAGTGCT-1	P	10X	2	removed	removed	/mnt/iribhm/homes/aste0033/projects/MPNST/scDNA/CHISEL/10X/FIT208A8/rdr.tsv
ACGCCGAGTTGCCAAT-1	R2	10X	2	removed	removed	/mnt/iribhm/homes/aste0033/projects/MPNST/scDNA/CHISEL/10X/FIT208A4/rdr.tsv
ACTTTCAAGACCGATG-1	P	10X	2	removed	removed	/mnt/iribhm/homes/aste0033/projects/MPNST/scDNA/CHISEL/10X/FIT208A8/rdr.tsv
AGAGTGGAGGGTTTCT-1	R2	10X	2	removed	removed	/mnt/iribhm/homes/aste0033/projects/MPNST/scDNA/CHISEL/10X/FIT208A4/rdr.tsv
AGAGTGGGTGAACACG-1	P	10X	2	removed	removed	/mnt/iribhm/homes/aste0033/projects/MPNST/scDNA/CHISEL/10X/FIT208A8/rdr.tsv
AGCAGCCCAATGTAGA-1	P	10X	2	removed	removed	/mnt/iribhm/homes/aste0033/projects/MPNST/scDNA/CHISEL/10X/FIT208A8/rdr.tsv
AGCCTAACAATGGCAG-1	R2	10X	2	removed	removed	/mnt/iribhm/homes/aste0033/projects/MPNST/scDNA/CHISEL/10X/FIT208A4/rdr.tsv
AGGGATGAGTGAACAT-1	R1	10X	2	removed	removed	/mnt/iribhm/homes/aste0033/projects/MPNST/scDNA/CHISEL/10X/FIT208A3/rdr.tsv
AGGGATGCACCTGCAG-1	R2	10X	2	removed	removed	/mnt/iribhm/homes/aste0033/projects/MPNST/scDNA/CHISEL/10X/FIT208A4/rdr.tsv
AGGGTGAGTAGGCTGA-1	R1	10X	2	removed	removed	/mnt/iribhm/homes/aste0033/projects/MPNST/scDNA/CHISEL/10X/FIT208A3/rdr.tsv
AGTGGGAAGGAATGGA-1	R2	10X	2	removed	removed	/mnt/iribhm/homes/aste0033/projects/MPNST/scDNA/CHISEL/10X/FIT208A4/rdr.tsv
ATTACTCAGGCGATAC-1	R1	10X	2	removed	removed	/mnt/iribhm/homes/aste0033/projects/MPNST/scDNA/CHISEL/10X/FIT208A3/rdr.tsv
CAAGATCGTTGCCAAT-1	R2	10X	2	removed	removed	/mnt/iribhm/homes/aste0033/projects/MPNST/scDNA/CHISEL/10X/FIT208A4/rdr.tsv
CAAGTTGAGTAGTATG-1	P	10X	2	removed	removed	/mnt/iribhm/homes/aste0033/projects/MPNST/scDNA/CHISEL/10X/FIT208A8/rdr.tsv
CACCACTCACTAGGCC-1	P	10X	2	removed	removed	/mnt/iribhm/homes/aste0033/projects/MPNST/scDNA/CHISEL/10X/FIT208A8/rdr.tsv
CAGAATCTCCTACCCA-1	R1	10X	2	removed	removed	/mnt/iribhm/homes/aste0033/projects/MPNST/scDNA/CHISEL/10X/FIT208A3/rdr.tsv
CATGACAAGGGATTTA-1	R1	10X	2	removed	removed	/mnt/iribhm/homes/aste0033/projects/MPNST/scDNA/CHISEL/10X/FIT208A3/rdr.tsv
CCTATTAAGCTAGTTC-1	R1	10X	2	removed	removed	/mnt/iribhm/homes/aste0033/projects/MPNST/scDNA/CHISEL/10X/FIT208A3/rdr.tsv
CGCCAAGTCAAGCCGC-1	R2	10X	2	removed	removed	/mnt/iribhm/homes/aste0033/projects/MPNST/scDNA/CHISEL/10X/FIT208A4/rdr.tsv
CGGAGTCCAGCCAGTC-1	R1	10X	2	removed	removed	/mnt/iribhm/homes/aste0033/projects/MPNST/scDNA/CHISEL/10X/FIT208A3/rdr.tsv
CGTCTACTCGATACAC-1	R1	10X	2	removed	removed	/mnt/iribhm/homes/aste0033/projects/MPNST/scDNA/CHISEL/10X/FIT208A3/rdr.tsv
CTACATTTCCGAAGCC-1	R2	10X	2	removed	removed	/mnt/iribhm/homes/aste0033/projects/MPNST/scDNA/CHISEL/10X/FIT208A4/rdr.tsv
CTCAGAACATTCCGAA-1	R1	10X	2	removed	removed	/mnt/iribhm/homes/aste0033/projects/MPNST/scDNA/CHISEL/10X/FIT208A3/rdr.tsv
CTCGGAGAGCGATCCC-1	R2	10X	2	removed	removed	/mnt/iribhm/homes/aste0033/projects/MPNST/scDNA/CHISEL/10X/FIT208A4/rdr.tsv
CTGTTTAGTATCTCTT-1	R1	10X	2	removed	removed	/mnt/iribhm/homes/aste0033/projects/MPNST/scDNA/CHISEL/10X/FIT208A3/rdr.tsv
CTTAACTGTCACCAGC-1	R1	10X	2	removed	removed	/mnt/iribhm/homes/aste0033/projects/MPNST/scDNA/CHISEL/10X/FIT208A3/rdr.tsv
GAACATCAGGCTATCT-1	P	10X	2	removed	removed	/mnt/iribhm/homes/aste0033/projects/MPNST/scDNA/CHISEL/10X/FIT208A8/rdr.tsv
GAACCTATCTATGCAG-1	R1	10X	2	removed	removed	/mnt/iribhm/homes/aste0033/projects/MPNST/scDNA/CHISEL/10X/FIT208A3/rdr.tsv
GAATGAAGTGGAAACC-1	R1	10X	2	removed	removed	/mnt/iribhm/homes/aste0033/projects/MPNST/scDNA/CHISEL/10X/FIT208A3/rdr.tsv
GAGCAGATCAGTGAAA-1	R2	10X	2	removed	removed	/mnt/iribhm/homes/aste0033/projects/MPNST/scDNA/CHISEL/10X/FIT208A4/rdr.tsv
GATGAAACAGAGATCG-1	R2	10X	2	removed	removed	/mnt/iribhm/homes/aste0033/projects/MPNST/scDNA/CHISEL/10X/FIT208A4/rdr.tsv
GCAGTTAGTTCGTCAA-1	P	10X	2	removed	removed	/mnt/iribhm/homes/aste0033/projects/MPNST/scDNA/CHISEL/10X/FIT208A8/rdr.tsv
GCCAAATAGCAACGGT-1	R2	10X	2	removed	removed	/mnt/iribhm/homes/aste0033/projects/MPNST/scDNA/CHISEL/10X/FIT208A4/rdr.tsv
GCGACCAGTTAGTGAA-1	R2	10X	2	removed	removed	/mnt/iribhm/homes/aste0033/projects/MPNST/scDNA/CHISEL/10X/FIT208A4/rdr.tsv
GCGCCAAAGGAGCGAG-1	R1	10X	2	removed	removed	/mnt/iribhm/homes/aste0033/projects/MPNST/scDNA/CHISEL/10X/FIT208A3/rdr.tsv
GCTTCCAGTGACTGAG-1	P	10X	2	removed	removed	/mnt/iribhm/homes/aste0033/projects/MPNST/scDNA/CHISEL/10X/FIT208A8/rdr.tsv
GGAAAGCAGTGGTTAA-1	P	10X	2	removed	removed	/mnt/iribhm/homes/aste0033/projects/MPNST/scDNA/CHISEL/10X/FIT208A8/rdr.tsv
GGCGTGTTCGATTGCA-1	R1	10X	2	removed	removed	/mnt/iribhm/homes/aste0033/projects/MPNST/scDNA/CHISEL/10X/FIT208A3/rdr.tsv
GGTGTTACACCGAACC-1	P	10X	2	removed	removed	/mnt/iribhm/homes/aste0033/projects/MPNST/scDNA/CHISEL/10X/FIT208A8/rdr.tsv
GGTGTTAGTTACGCGC-1	P	10X	2	removed	removed	/mnt/iribhm/homes/aste0033/projects/MPNST/scDNA/CHISEL/10X/FIT208A8/rdr.tsv
GTACTCCAGGACTGGT-1	P	10X	2	removed	removed	/mnt/iribhm/homes/aste0033/projects/MPNST/scDNA/CHISEL/10X/FIT208A8/rdr.tsv
GTGCAGCTCCTTATTG-1	P	10X	2	removed	removed	/mnt/iribhm/homes/aste0033/projects/MPNST/scDNA/CHISEL/10X/FIT208A8/rdr.tsv
TACGGATGTCAGTTTG-1	R1	10X	2	removed	removed	/mnt/iribhm/homes/aste0033/projects/MPNST/scDNA/CHISEL/10X/FIT208A3/rdr.tsv
TACTCGCAGACTAGGC-1	R1	10X	2	removed	removed	/mnt/iribhm/homes/aste0033/projects/MPNST/scDNA/CHISEL/10X/FIT208A3/rdr.tsv
TAGAGCTCATCAAGAA-1	P	10X	2	removed	removed	/mnt/iribhm/homes/aste0033/projects/MPNST/scDNA/CHISEL/10X/FIT208A8/rdr.tsv
TAGGCATTCGTTCAAG-1	R5	10X	2	removed	removed	/mnt/iribhm/homes/aste0033/projects/MPNST/scDNA/CHISEL/10X/FIT208A7/rdr.tsv
TAGTTGGTCGCCTGGA-1	R1	10X	2	removed	removed	/mnt/iribhm/homes/aste0033/projects/MPNST/scDNA/CHISEL/10X/FIT208A3/rdr.tsv
TATTACCGTCATACCA-1	P	10X	2	removed	removed	/mnt/iribhm/homes/aste0033/projects/MPNST/scDNA/CHISEL/10X/FIT208A8/rdr.tsv
TCAGCTCCATCAGGGA-1	P	10X	2	removed	removed	/mnt/iribhm/homes/aste0033/projects/MPNST/scDNA/CHISEL/10X/FIT208A8/rdr.tsv
TCTCATAGTTATTGGC-1	R3	10X	2	removed	removed	/mnt/iribhm/homes/aste0033/projects/MPNST/scDNA/CHISEL/10X/FIT208A5/rdr.tsv
TCTGAGAGTCCAGCCA-1	R5	10X	2	removed	removed	/mnt/iribhm/homes/aste0033/projects/MPNST/scDNA/CHISEL/10X/FIT208A7/rdr.tsv
TGAGAGGGTACAACGG-1	R1	10X	2	removed	removed	/mnt/iribhm/homes/aste0033/projects/MPNST/scDNA/CHISEL/10X/FIT208A3/rdr.tsv
TGGCCAGCAACTTTCT-1	P	10X	2	removed	removed	/mnt/iribhm/homes/aste0033/projects/MPNST/scDNA/CHISEL/10X/FIT208A8/rdr.tsv
TGGTTAGTCGCTAGTA-1	P	10X	2	removed	removed	/mnt/iribhm/homes/aste0033/projects/MPNST/scDNA/CHISEL/10X/FIT208A8/rdr.tsv
TTAGTTCGTACGTTTG-1	R1	10X	2	removed	removed	/mnt/iribhm/homes/aste0033/projects/MPNST/scDNA/CHISEL/10X/FIT208A3/rdr.tsv
TTATGCTAGGCTAGTG-1	P	10X	2	removed	removed	/mnt/iribhm/homes/aste0033/projects/MPNST/scDNA/CHISEL/10X/FIT208A8/rdr.tsv
TTCCCAGAGACAGACC-1	R1	10X	2	removed	removed	/mnt/iribhm/homes/aste0033/projects/MPNST/scDNA/CHISEL/10X/FIT208A3/rdr.tsv
TTCCCAGAGACCCACC-1	P	10X	2	removed	removed	/mnt/iribhm/homes/aste0033/projects/MPNST/scDNA/CHISEL/10X/FIT208A8/rdr.tsv
TTGAACGGTGTCCGAC-1	R1	10X	2	removed	removed	/mnt/iribhm/homes/aste0033/projects/MPNST/scDNA/CHISEL/10X/FIT208A3/rdr.tsv
TTGGAACGTAAGTAAC-1	R1	10X	2	removed	removed	/mnt/iribhm/homes/aste0033/projects/MPNST/scDNA/CHISEL/10X/FIT208A3/rdr.tsv
TTTGGTTGTAACGTGG-1	R1	10X	2	removed	removed	/mnt/iribhm/homes/aste0033/projects/MPNST/scDNA/CHISEL/10X/FIT208A3/rdr.tsv
LES4677A1_124574_15x_49y	R2	DLP	2	removed	removed	/srv/home/aste0033/projects/MPNST/scDNA/CHISEL/DLPp/R2/rdr.tsv
LES4677A1_124574_20x_28y	R1	DLP	2	removed	removed	/srv/home/aste0033/projects/MPNST/scDNA/CHISEL/DLPp/R1/rdr.tsv
LES4677A1_124574_23x_19y	R1	DLP	2	removed	removed	/srv/home/aste0033/projects/MPNST/scDNA/CHISEL/DLPp/R1/rdr.tsv
LES4677A1_124574_24x_58y	R2	DLP	2	removed	removed	/srv/home/aste0033/projects/MPNST/scDNA/CHISEL/DLPp/R2/rdr.tsv
LES4677A1_124574_28x_13y	R1	DLP	2	removed	removed	/srv/home/aste0033/projects/MPNST/scDNA/CHISEL/DLPp/R1/rdr.tsv
LES4677A1_124574_28x_37y	R2	DLP	2	removed	removed	/srv/home/aste0033/projects/MPNST/scDNA/CHISEL/DLPp/R2/rdr.tsv
LES4677A1_124574_30x_26y	R1	DLP	2	removed	removed	/srv/home/aste0033/projects/MPNST/scDNA/CHISEL/DLPp/R1/rdr.tsv
LES4677A1_124574_30x_50y	R2	DLP	2	removed	removed	/srv/home/aste0033/projects/MPNST/scDNA/CHISEL/DLPp/R2/rdr.tsv
LES4677A1_124574_34x_26y	R1	DLP	2	removed	removed	/srv/home/aste0033/projects/MPNST/scDNA/CHISEL/DLPp/R1/rdr.tsv
LES4677A1_124574_34x_35y	R1	DLP	2	removed	removed	/srv/home/aste0033/projects/MPNST/scDNA/CHISEL/DLPp/R1/rdr.tsv
LES4677A1_124574_38x_34y	R1	DLP	2	removed	removed	/srv/home/aste0033/projects/MPNST/scDNA/CHISEL/DLPp/R1/rdr.tsv
LES4677A1_124574_41x_18y	R1	DLP	2	removed	removed	/srv/home/aste0033/projects/MPNST/scDNA/CHISEL/DLPp/R1/rdr.tsv
LES4677A1_124574_46x_56y	R2	DLP	2	removed	removed	/srv/home/aste0033/projects/MPNST/scDNA/CHISEL/DLPp/R2/rdr.tsv
LES4677A1_124574_47x_40y	R2	DLP	2	removed	removed	/srv/home/aste0033/projects/MPNST/scDNA/CHISEL/DLPp/R2/rdr.tsv
LES4677A1_124574_49x_21y	R1	DLP	2	removed	removed	/srv/home/aste0033/projects/MPNST/scDNA/CHISEL/DLPp/R1/rdr.tsv
LES4677A1_124574_49x_23y	R1	DLP	2	removed	removed	/srv/home/aste0033/projects/MPNST/scDNA/CHISEL/DLPp/R1/rdr.tsv
LES4677A1_124574_54x_45y	R2	DLP	2	removed	removed	/srv/home/aste0033/projects/MPNST/scDNA/CHISEL/DLPp/R2/rdr.tsv
LES4677A1_124574_58x_26y	R1	DLP	2	removed	removed	/srv/home/aste0033/projects/MPNST/scDNA/CHISEL/DLPp/R1/rdr.tsv
LES4677A1_124574_59x_25y	R1	DLP	2	removed	removed	/srv/home/aste0033/projects/MPNST/scDNA/CHISEL/DLPp/R1/rdr.tsv
LES4677A2_124576_21x_15y	R4	DLP	2	removed	removed	/srv/home/aste0033/projects/MPNST/scDNA/CHISEL/DLPp/R4/rdr.tsv
LES4677A2_124576_22x_40y	R3	DLP	2	removed	removed	/srv/home/aste0033/projects/MPNST/scDNA/CHISEL/DLPp/R3/rdr.tsv
LES4677A2_124576_27x_31y	R4	DLP	2	removed	removed	/srv/home/aste0033/projects/MPNST/scDNA/CHISEL/DLPp/R4/rdr.tsv
LES4677A2_124576_28x_31y	R4	DLP	2	removed	removed	/srv/home/aste0033/projects/MPNST/scDNA/CHISEL/DLPp/R4/rdr.tsv
LES4677A2_124576_29x_25y	R4	DLP	2	removed	removed	/srv/home/aste0033/projects/MPNST/scDNA/CHISEL/DLPp/R4/rdr.tsv
LES4677A2_124576_35x_24y	R4	DLP	2	removed	removed	/srv/home/aste0033/projects/MPNST/scDNA/CHISEL/DLPp/R4/rdr.tsv
LES4677A2_124576_36x_34y	R4	DLP	2	removed	removed	/srv/home/aste0033/projects/MPNST/scDNA/CHISEL/DLPp/R4/rdr.tsv
LES4677A2_124576_39x_14y	R4	DLP	2	removed	removed	/srv/home/aste0033/projects/MPNST/scDNA/CHISEL/DLPp/R4/rdr.tsv
LES4677A2_124576_42x_11y	R4	DLP	2	removed	removed	/srv/home/aste0033/projects/MPNST/scDNA/CHISEL/DLPp/R4/rdr.tsv
LES4677A2_124576_48x_12y	R4	DLP	2	removed	removed	/srv/home/aste0033/projects/MPNST/scDNA/CHISEL/DLPp/R4/rdr.tsv
LES4677A2_124576_55x_41y	R3	DLP	2	removed	removed	/srv/home/aste0033/projects/MPNST/scDNA/CHISEL/DLPp/R3/rdr.tsv
LES4677A4_124668_15x_57y	R5	DLP	2	removed	removed	/srv/home/aste0033/projects/MPNST/scDNA/CHISEL/DLPp/R5/rdr.tsv
LES4677A4_124668_17x_18y	P	DLP	2	removed	removed	/srv/home/aste0033/projects/MPNST/scDNA/CHISEL/DLPp/P/rdr.tsv
LES4677A4_124668_20x_44y	R5	DLP	2	removed	removed	/srv/home/aste0033/projects/MPNST/scDNA/CHISEL/DLPp/R5/rdr.tsv
LES4677A4_124668_23x_43y	R5	DLP	2	removed	removed	/srv/home/aste0033/projects/MPNST/scDNA/CHISEL/DLPp/R5/rdr.tsv
LES4677A4_124668_31x_32y	P	DLP	2	removed	removed	/srv/home/aste0033/projects/MPNST/scDNA/CHISEL/DLPp/P/rdr.tsv
LES4677A4_124668_33x_59y	R5	DLP	2	removed	removed	/srv/home/aste0033/projects/MPNST/scDNA/CHISEL/DLPp/R5/rdr.tsv
LES4677A4_124668_35x_40y	R5	DLP	2	removed	removed	/srv/home/aste0033/projects/MPNST/scDNA/CHISEL/DLPp/R5/rdr.tsv
LES4677A4_124668_41x_46y	R5	DLP	2	removed	removed	/srv/home/aste0033/projects/MPNST/scDNA/CHISEL/DLPp/R5/rdr.tsv
LES4677A4_124668_43x_44y	R5	DLP	2	removed	removed	/srv/home/aste0033/projects/MPNST/scDNA/CHISEL/DLPp/R5/rdr.tsv
LES4677A4_124668_45x_49y	R5	DLP	2	removed	removed	/srv/home/aste0033/projects/MPNST/scDNA/CHISEL/DLPp/R5/rdr.tsv
LES4677A4_124668_52x_49y	R5	DLP	2	removed	removed	/srv/home/aste0033/projects/MPNST/scDNA/CHISEL/DLPp/R5/rdr.tsv
LES4677A4_124668_57x_29y	P	DLP	2	removed	removed	/srv/home/aste0033/projects/MPNST/scDNA/CHISEL/DLPp/P/rdr.tsv
AAACGGGGTCGAGTAG-1	P	10X	5	P_1	tumour	/mnt/iribhm/homes/aste0033/projects/MPNST/scDNA/CHISEL/10X/FIT208A8/rdr.tsv
AACTCTTGTACTACAC-1	P	10X	5	P_1	tumour	/mnt/iribhm/homes/aste0033/projects/MPNST/scDNA/CHISEL/10X/FIT208A8/rdr.tsv
AACTGGTAGCCCAACC-1	P	10X	5	P_1	tumour	/mnt/iribhm/homes/aste0033/projects/MPNST/scDNA/CHISEL/10X/FIT208A8/rdr.tsv
AATCCAGGTGTTCCGG-1	P	10X	5	P_1	tumour	/mnt/iribhm/homes/aste0033/projects/MPNST/scDNA/CHISEL/10X/FIT208A8/rdr.tsv
ACATCAGTCGATTGCA-1	P	10X	5	P_1	tumour	/mnt/iribhm/homes/aste0033/projects/MPNST/scDNA/CHISEL/10X/FIT208A8/rdr.tsv
ACGGGTCCATGAGAAT-1	P	10X	5	P_1	tumour	/mnt/iribhm/homes/aste0033/projects/MPNST/scDNA/CHISEL/10X/FIT208A8/rdr.tsv
ACTGAGTAGAAAGCTT-1	P	10X	5	P_1	tumour	/mnt/iribhm/homes/aste0033/projects/MPNST/scDNA/CHISEL/10X/FIT208A8/rdr.tsv
AGATTGCAGCTCAACT-1	P	10X	5	P_1	tumour	/mnt/iribhm/homes/aste0033/projects/MPNST/scDNA/CHISEL/10X/FIT208A8/rdr.tsv
AGTAGTCCAGTACCTA-1	P	10X	5	P_1	tumour	/mnt/iribhm/homes/aste0033/projects/MPNST/scDNA/CHISEL/10X/FIT208A8/rdr.tsv
ATTACTCAGCTAACTC-1	P	10X	5	P_1	tumour	/mnt/iribhm/homes/aste0033/projects/MPNST/scDNA/CHISEL/10X/FIT208A8/rdr.tsv
ATTGGACGTTGTAGCT-1	P	10X	5	P_1	tumour	/mnt/iribhm/homes/aste0033/projects/MPNST/scDNA/CHISEL/10X/FIT208A8/rdr.tsv
CACACAATCCGTGCTT-1	P	10X	5	P_1	tumour	/mnt/iribhm/homes/aste0033/projects/MPNST/scDNA/CHISEL/10X/FIT208A8/rdr.tsv
CAGATCATCAACGATC-1	P	10X	5	P_1	tumour	/mnt/iribhm/homes/aste0033/projects/MPNST/scDNA/CHISEL/10X/FIT208A8/rdr.tsv
CAGCATATCGATAGGG-1	P	10X	5	P_1	tumour	/mnt/iribhm/homes/aste0033/projects/MPNST/scDNA/CHISEL/10X/FIT208A8/rdr.tsv
CATCGAATCGGATGCC-1	P	10X	5	P_1	tumour	/mnt/iribhm/homes/aste0033/projects/MPNST/scDNA/CHISEL/10X/FIT208A8/rdr.tsv
CCAATCCAGACAGGCT-1	P	10X	5	P_1	tumour	/mnt/iribhm/homes/aste0033/projects/MPNST/scDNA/CHISEL/10X/FIT208A8/rdr.tsv
CCTCTGACATCGCATA-1	P	10X	5	P_1	tumour	/mnt/iribhm/homes/aste0033/projects/MPNST/scDNA/CHISEL/10X/FIT208A8/rdr.tsv
CGGACACAGTACGCCC-1	P	10X	5	P_1	tumour	/mnt/iribhm/homes/aste0033/projects/MPNST/scDNA/CHISEL/10X/FIT208A8/rdr.tsv
CGTAGCGGTTCAAGGG-1	P	10X	5	P_1	tumour	/mnt/iribhm/homes/aste0033/projects/MPNST/scDNA/CHISEL/10X/FIT208A8/rdr.tsv
CTCACACAGGGATTTA-1	P	10X	5	P_1	tumour	/mnt/iribhm/homes/aste0033/projects/MPNST/scDNA/CHISEL/10X/FIT208A8/rdr.tsv
CTCGGAGGTCTCGTCT-1	P	10X	5	P_1	tumour	/mnt/iribhm/homes/aste0033/projects/MPNST/scDNA/CHISEL/10X/FIT208A8/rdr.tsv
CTGCTGTCACCCAAAT-1	P	10X	5	P_1	tumour	/mnt/iribhm/homes/aste0033/projects/MPNST/scDNA/CHISEL/10X/FIT208A8/rdr.tsv
GACACGCAGGAAACTT-1	P	10X	5	P_1	tumour	/mnt/iribhm/homes/aste0033/projects/MPNST/scDNA/CHISEL/10X/FIT208A8/rdr.tsv
GGGACCTCATTCAGTG-1	P	10X	5	P_1	tumour	/mnt/iribhm/homes/aste0033/projects/MPNST/scDNA/CHISEL/10X/FIT208A8/rdr.tsv
GTTCTCGTCAAGAGGC-1	P	10X	5	P_1	tumour	/mnt/iribhm/homes/aste0033/projects/MPNST/scDNA/CHISEL/10X/FIT208A8/rdr.tsv
TACAGTGCAGATTGTC-1	P	10X	5	P_1	tumour	/mnt/iribhm/homes/aste0033/projects/MPNST/scDNA/CHISEL/10X/FIT208A8/rdr.tsv
TATCAGGAGGCTAGAC-1	P	10X	5	P_1	tumour	/mnt/iribhm/homes/aste0033/projects/MPNST/scDNA/CHISEL/10X/FIT208A8/rdr.tsv
TATCTCAAGGTGTGCA-1	P	10X	5	P_1	tumour	/mnt/iribhm/homes/aste0033/projects/MPNST/scDNA/CHISEL/10X/FIT208A8/rdr.tsv
TCCCGATAGAGGGATA-1	P	10X	5	P_1	tumour	/mnt/iribhm/homes/aste0033/projects/MPNST/scDNA/CHISEL/10X/FIT208A8/rdr.tsv
TCGGTAAAGGCTCTTA-1	P	10X	5	P_1	tumour	/mnt/iribhm/homes/aste0033/projects/MPNST/scDNA/CHISEL/10X/FIT208A8/rdr.tsv
TCGGTAAGTCGCGTCA-1	P	10X	5	P_1	tumour	/mnt/iribhm/homes/aste0033/projects/MPNST/scDNA/CHISEL/10X/FIT208A8/rdr.tsv
TCTGGAACAAATCAGA-1	P	10X	5	P_1	tumour	/mnt/iribhm/homes/aste0033/projects/MPNST/scDNA/CHISEL/10X/FIT208A8/rdr.tsv
TGACGGCCACGAGTTT-1	P	10X	5	P_1	tumour	/mnt/iribhm/homes/aste0033/projects/MPNST/scDNA/CHISEL/10X/FIT208A8/rdr.tsv
TGGGAAGTCTACAGTG-1	P	10X	5	P_1	tumour	/mnt/iribhm/homes/aste0033/projects/MPNST/scDNA/CHISEL/10X/FIT208A8/rdr.tsv
TTGAACGTCATTGCTT-1	P	10X	5	P_1	tumour	/mnt/iribhm/homes/aste0033/projects/MPNST/scDNA/CHISEL/10X/FIT208A8/rdr.tsv
TTGGAACGTACTCACA-1	P	10X	5	P_1	tumour	/mnt/iribhm/homes/aste0033/projects/MPNST/scDNA/CHISEL/10X/FIT208A8/rdr.tsv
AAAGATGAGCTAGGCA-1	P	10X	15	P_2	tumour	/mnt/iribhm/homes/aste0033/projects/MPNST/scDNA/CHISEL/10X/FIT208A8/rdr.tsv
AAAGATGAGTGATCGG-1	P	10X	15	P_2	tumour	/mnt/iribhm/homes/aste0033/projects/MPNST/scDNA/CHISEL/10X/FIT208A8/rdr.tsv
AAAGATGTCAATAGAG-1	P	10X	15	P_2	tumour	/mnt/iribhm/homes/aste0033/projects/MPNST/scDNA/CHISEL/10X/FIT208A8/rdr.tsv
AAAGCAAAGGCATTGG-1	P	10X	15	P_2	tumour	/mnt/iribhm/homes/aste0033/projects/MPNST/scDNA/CHISEL/10X/FIT208A8/rdr.tsv
AAAGCAACAAAGTTAG-1	P	10X	15	P_2	tumour	/mnt/iribhm/homes/aste0033/projects/MPNST/scDNA/CHISEL/10X/FIT208A8/rdr.tsv
AAAGCAAGTCAGTGGA-1	P	10X	15	P_2	tumour	/mnt/iribhm/homes/aste0033/projects/MPNST/scDNA/CHISEL/10X/FIT208A8/rdr.tsv
AAAGTAGAGGGATTTA-1	P	10X	15	P_2	tumour	/mnt/iribhm/homes/aste0033/projects/MPNST/scDNA/CHISEL/10X/FIT208A8/rdr.tsv
AAAGTAGCATGACTCA-1	P	10X	15	P_2	tumour	/mnt/iribhm/homes/aste0033/projects/MPNST/scDNA/CHISEL/10X/FIT208A8/rdr.tsv
AAATGCCCAAGGTCGA-1	P	10X	15	P_2	tumour	/mnt/iribhm/homes/aste0033/projects/MPNST/scDNA/CHISEL/10X/FIT208A8/rdr.tsv
AACACGTGTATATGAG-1	P	10X	15	P_2	tumour	/mnt/iribhm/homes/aste0033/projects/MPNST/scDNA/CHISEL/10X/FIT208A8/rdr.tsv
AACCGCGGTAAGATGT-1	P	10X	15	P_2	tumour	/mnt/iribhm/homes/aste0033/projects/MPNST/scDNA/CHISEL/10X/FIT208A8/rdr.tsv
AACCGCGGTTTGTCTT-1	P	10X	15	P_2	tumour	/mnt/iribhm/homes/aste0033/projects/MPNST/scDNA/CHISEL/10X/FIT208A8/rdr.tsv
AACGTTGAGTGTACCT-1	P	10X	15	P_2	tumour	/mnt/iribhm/homes/aste0033/projects/MPNST/scDNA/CHISEL/10X/FIT208A8/rdr.tsv
AACTCAGGTAGATAGT-1	P	10X	15	P_2	tumour	/mnt/iribhm/homes/aste0033/projects/MPNST/scDNA/CHISEL/10X/FIT208A8/rdr.tsv
AACTCCCGTCATGGCC-1	P	10X	15	P_2	tumour	/mnt/iribhm/homes/aste0033/projects/MPNST/scDNA/CHISEL/10X/FIT208A8/rdr.tsv
AACTCCCGTGGTGAGT-1	P	10X	15	P_2	tumour	/mnt/iribhm/homes/aste0033/projects/MPNST/scDNA/CHISEL/10X/FIT208A8/rdr.tsv
AACTTTCCAGACACGA-1	P	10X	15	P_2	tumour	/mnt/iribhm/homes/aste0033/projects/MPNST/scDNA/CHISEL/10X/FIT208A8/rdr.tsv
AAGGTTCGTCATGGCC-1	P	10X	15	P_2	tumour	/mnt/iribhm/homes/aste0033/projects/MPNST/scDNA/CHISEL/10X/FIT208A8/rdr.tsv
AAGTCTGCAAACCCTA-1	P	10X	15	P_2	tumour	/mnt/iribhm/homes/aste0033/projects/MPNST/scDNA/CHISEL/10X/FIT208A8/rdr.tsv
AATCGGTGTGGTGCAA-1	P	10X	15	P_2	tumour	/mnt/iribhm/homes/aste0033/projects/MPNST/scDNA/CHISEL/10X/FIT208A8/rdr.tsv
ACACCAAGTCCGCAAC-1	P	10X	15	P_2	tumour	/mnt/iribhm/homes/aste0033/projects/MPNST/scDNA/CHISEL/10X/FIT208A8/rdr.tsv
ACACCCTAGATAGTCA-1	P	10X	15	P_2	tumour	/mnt/iribhm/homes/aste0033/projects/MPNST/scDNA/CHISEL/10X/FIT208A8/rdr.tsv
ACACTGAAGCTACCTA-1	P	10X	15	P_2	tumour	/mnt/iribhm/homes/aste0033/projects/MPNST/scDNA/CHISEL/10X/FIT208A8/rdr.tsv
ACAGCCGCACGGAGTA-1	P	10X	15	P_2	tumour	/mnt/iribhm/homes/aste0033/projects/MPNST/scDNA/CHISEL/10X/FIT208A8/rdr.tsv
ACATACGTCGTAAGGG-1	P	10X	15	P_2	tumour	/mnt/iribhm/homes/aste0033/projects/MPNST/scDNA/CHISEL/10X/FIT208A8/rdr.tsv
ACATCAGGTCTCGAGC-1	P	10X	15	P_2	tumour	/mnt/iribhm/homes/aste0033/projects/MPNST/scDNA/CHISEL/10X/FIT208A8/rdr.tsv
ACCGTAAAGACAAGCC-1	P	10X	15	P_2	tumour	/mnt/iribhm/homes/aste0033/projects/MPNST/scDNA/CHISEL/10X/FIT208A8/rdr.tsv
ACCGTAAGTAAGTAAC-1	P	10X	15	P_2	tumour	/mnt/iribhm/homes/aste0033/projects/MPNST/scDNA/CHISEL/10X/FIT208A8/rdr.tsv
ACCGTAAGTCCGGGTT-1	P	10X	15	P_2	tumour	/mnt/iribhm/homes/aste0033/projects/MPNST/scDNA/CHISEL/10X/FIT208A8/rdr.tsv
ACCTTTAAGCCCTAAT-1	P	10X	15	P_2	tumour	/mnt/iribhm/homes/aste0033/projects/MPNST/scDNA/CHISEL/10X/FIT208A8/rdr.tsv
ACCTTTATCGGTGCGT-1	P	10X	15	P_2	tumour	/mnt/iribhm/homes/aste0033/projects/MPNST/scDNA/CHISEL/10X/FIT208A8/rdr.tsv
ACGAGGATCCGTTAAG-1	P	10X	15	P_2	tumour	/mnt/iribhm/homes/aste0033/projects/MPNST/scDNA/CHISEL/10X/FIT208A8/rdr.tsv
ACGCCAGGTTACTGAC-1	P	10X	15	P_2	tumour	/mnt/iribhm/homes/aste0033/projects/MPNST/scDNA/CHISEL/10X/FIT208A8/rdr.tsv
ACGGAGACAATGGTAA-1	P	10X	15	P_2	tumour	/mnt/iribhm/homes/aste0033/projects/MPNST/scDNA/CHISEL/10X/FIT208A8/rdr.tsv
ACGGCCATCTGGTGGC-1	P	10X	15	P_2	tumour	/mnt/iribhm/homes/aste0033/projects/MPNST/scDNA/CHISEL/10X/FIT208A8/rdr.tsv
ACGGGTCAGAGGTACC-1	P	10X	15	P_2	tumour	/mnt/iribhm/homes/aste0033/projects/MPNST/scDNA/CHISEL/10X/FIT208A8/rdr.tsv
ACGGGTCCATCTGTAG-1	P	10X	15	P_2	tumour	/mnt/iribhm/homes/aste0033/projects/MPNST/scDNA/CHISEL/10X/FIT208A8/rdr.tsv
ACTGAACAGTCACGCC-1	P	10X	15	P_2	tumour	/mnt/iribhm/homes/aste0033/projects/MPNST/scDNA/CHISEL/10X/FIT208A8/rdr.tsv
ACTGAACTCCGCTGGA-1	P	10X	15	P_2	tumour	/mnt/iribhm/homes/aste0033/projects/MPNST/scDNA/CHISEL/10X/FIT208A8/rdr.tsv
ACTGTCCGTGCAGGTA-1	P	10X	15	P_2	tumour	/mnt/iribhm/homes/aste0033/projects/MPNST/scDNA/CHISEL/10X/FIT208A8/rdr.tsv
ACTTACTGTGATACCT-1	R1	10X	15	P_2	tumour	/mnt/iribhm/homes/aste0033/projects/MPNST/scDNA/CHISEL/10X/FIT208A3/rdr.tsv
ACTTGTTAGTACGCGA-1	P	10X	15	P_2	tumour	/mnt/iribhm/homes/aste0033/projects/MPNST/scDNA/CHISEL/10X/FIT208A8/rdr.tsv
ACTTGTTTCAACAGTC-1	P	10X	15	P_2	tumour	/mnt/iribhm/homes/aste0033/projects/MPNST/scDNA/CHISEL/10X/FIT208A8/rdr.tsv
ACTTGTTTCCACAGAT-1	P	10X	15	P_2	tumour	/mnt/iribhm/homes/aste0033/projects/MPNST/scDNA/CHISEL/10X/FIT208A8/rdr.tsv
AGAATAGTCAGCCTGG-1	P	10X	15	P_2	tumour	/mnt/iribhm/homes/aste0033/projects/MPNST/scDNA/CHISEL/10X/FIT208A8/rdr.tsv
AGACGTTTCTCACCTG-1	P	10X	15	P_2	tumour	/mnt/iribhm/homes/aste0033/projects/MPNST/scDNA/CHISEL/10X/FIT208A8/rdr.tsv
AGAGCGAAGTGTTGAA-1	P	10X	15	P_2	tumour	/mnt/iribhm/homes/aste0033/projects/MPNST/scDNA/CHISEL/10X/FIT208A8/rdr.tsv
AGAGCTTAGCGCCTTG-1	P	10X	15	P_2	tumour	/mnt/iribhm/homes/aste0033/projects/MPNST/scDNA/CHISEL/10X/FIT208A8/rdr.tsv
AGAGCTTCACAAGCGA-1	P	10X	15	P_2	tumour	/mnt/iribhm/homes/aste0033/projects/MPNST/scDNA/CHISEL/10X/FIT208A8/rdr.tsv
AGAGTGGAGTTACCCA-1	P	10X	15	P_2	tumour	/mnt/iribhm/homes/aste0033/projects/MPNST/scDNA/CHISEL/10X/FIT208A8/rdr.tsv
AGAGTGGCAAGCTACT-1	P	10X	15	P_2	tumour	/mnt/iribhm/homes/aste0033/projects/MPNST/scDNA/CHISEL/10X/FIT208A8/rdr.tsv
AGAGTGGGTGTTTCAG-1	P	10X	15	P_2	tumour	/mnt/iribhm/homes/aste0033/projects/MPNST/scDNA/CHISEL/10X/FIT208A8/rdr.tsv
AGATCTGTCCAGACCG-1	P	10X	15	P_2	tumour	/mnt/iribhm/homes/aste0033/projects/MPNST/scDNA/CHISEL/10X/FIT208A8/rdr.tsv
AGATTGCTCGATAAGA-1	P	10X	15	P_2	tumour	/mnt/iribhm/homes/aste0033/projects/MPNST/scDNA/CHISEL/10X/FIT208A8/rdr.tsv
AGCAGCCAGCTGCCCA-1	P	10X	15	P_2	tumour	/mnt/iribhm/homes/aste0033/projects/MPNST/scDNA/CHISEL/10X/FIT208A8/rdr.tsv
AGCAGCCTCCTGATTT-1	P	10X	15	P_2	tumour	/mnt/iribhm/homes/aste0033/projects/MPNST/scDNA/CHISEL/10X/FIT208A8/rdr.tsv
AGCATACGTGGCAACA-1	P	10X	15	P_2	tumour	/mnt/iribhm/homes/aste0033/projects/MPNST/scDNA/CHISEL/10X/FIT208A8/rdr.tsv
AGCCTAACAACATCAC-1	P	10X	15	P_2	tumour	/mnt/iribhm/homes/aste0033/projects/MPNST/scDNA/CHISEL/10X/FIT208A8/rdr.tsv
AGCGGTCCATGGCTAT-1	P	10X	15	P_2	tumour	/mnt/iribhm/homes/aste0033/projects/MPNST/scDNA/CHISEL/10X/FIT208A8/rdr.tsv
AGCTCCTCAACAGTGG-1	P	10X	15	P_2	tumour	/mnt/iribhm/homes/aste0033/projects/MPNST/scDNA/CHISEL/10X/FIT208A8/rdr.tsv
AGCTCCTTCCATTTGT-1	P	10X	15	P_2	tumour	/mnt/iribhm/homes/aste0033/projects/MPNST/scDNA/CHISEL/10X/FIT208A8/rdr.tsv
AGCTCTCAGGAGTTTA-1	P	10X	15	P_2	tumour	/mnt/iribhm/homes/aste0033/projects/MPNST/scDNA/CHISEL/10X/FIT208A8/rdr.tsv
AGCTCTCGTTCCCACT-1	P	10X	15	P_2	tumour	/mnt/iribhm/homes/aste0033/projects/MPNST/scDNA/CHISEL/10X/FIT208A8/rdr.tsv
AGCTTGATCGCAGCAC-1	P	10X	15	P_2	tumour	/mnt/iribhm/homes/aste0033/projects/MPNST/scDNA/CHISEL/10X/FIT208A8/rdr.tsv
AGGCCACAGATGCGAC-1	P	10X	15	P_2	tumour	/mnt/iribhm/homes/aste0033/projects/MPNST/scDNA/CHISEL/10X/FIT208A8/rdr.tsv
AGGCCACTCAGAGCGA-1	P	10X	15	P_2	tumour	/mnt/iribhm/homes/aste0033/projects/MPNST/scDNA/CHISEL/10X/FIT208A8/rdr.tsv
AGGGTGAAGTGAACGC-1	P	10X	15	P_2	tumour	/mnt/iribhm/homes/aste0033/projects/MPNST/scDNA/CHISEL/10X/FIT208A8/rdr.tsv
AGGGTGATCAGCAGCC-1	P	10X	15	P_2	tumour	/mnt/iribhm/homes/aste0033/projects/MPNST/scDNA/CHISEL/10X/FIT208A8/rdr.tsv
AGGTCATTCCACAGCG-1	P	10X	15	P_2	tumour	/mnt/iribhm/homes/aste0033/projects/MPNST/scDNA/CHISEL/10X/FIT208A8/rdr.tsv
AGGTCCGAGCTCTCGG-1	P	10X	15	P_2	tumour	/mnt/iribhm/homes/aste0033/projects/MPNST/scDNA/CHISEL/10X/FIT208A8/rdr.tsv
ATAAGAGCATGAATGA-1	P	10X	15	P_2	tumour	/mnt/iribhm/homes/aste0033/projects/MPNST/scDNA/CHISEL/10X/FIT208A8/rdr.tsv
ATAGACCTCGAGGAGT-1	P	10X	15	P_2	tumour	/mnt/iribhm/homes/aste0033/projects/MPNST/scDNA/CHISEL/10X/FIT208A8/rdr.tsv
ATCATCTCAAAGCGCA-1	P	10X	15	P_2	tumour	/mnt/iribhm/homes/aste0033/projects/MPNST/scDNA/CHISEL/10X/FIT208A8/rdr.tsv
ATCATCTTCGATACAC-1	P	10X	15	P_2	tumour	/mnt/iribhm/homes/aste0033/projects/MPNST/scDNA/CHISEL/10X/FIT208A8/rdr.tsv
ATCCGAATCGGAGTTT-1	P	10X	15	P_2	tumour	/mnt/iribhm/homes/aste0033/projects/MPNST/scDNA/CHISEL/10X/FIT208A8/rdr.tsv
ATCTGCCAGGGTAACC-1	P	10X	15	P_2	tumour	/mnt/iribhm/homes/aste0033/projects/MPNST/scDNA/CHISEL/10X/FIT208A8/rdr.tsv
ATCTGCCCACGGGATA-1	P	10X	15	P_2	tumour	/mnt/iribhm/homes/aste0033/projects/MPNST/scDNA/CHISEL/10X/FIT208A8/rdr.tsv
ATCTGCCGTCCCACAG-1	P	10X	15	P_2	tumour	/mnt/iribhm/homes/aste0033/projects/MPNST/scDNA/CHISEL/10X/FIT208A8/rdr.tsv
ATGAGGGAGTGTCCAT-1	P	10X	15	P_2	tumour	/mnt/iribhm/homes/aste0033/projects/MPNST/scDNA/CHISEL/10X/FIT208A8/rdr.tsv
ATGAGGGCAATCCTTT-1	P	10X	15	P_2	tumour	/mnt/iribhm/homes/aste0033/projects/MPNST/scDNA/CHISEL/10X/FIT208A8/rdr.tsv
ATTCTACCATACGTTG-1	P	10X	15	P_2	tumour	/mnt/iribhm/homes/aste0033/projects/MPNST/scDNA/CHISEL/10X/FIT208A8/rdr.tsv
ATTGGACGTCTACATG-1	P	10X	15	P_2	tumour	/mnt/iribhm/homes/aste0033/projects/MPNST/scDNA/CHISEL/10X/FIT208A8/rdr.tsv
ATTGGTGCATCCATAG-1	P	10X	15	P_2	tumour	/mnt/iribhm/homes/aste0033/projects/MPNST/scDNA/CHISEL/10X/FIT208A8/rdr.tsv
ATTGGTGGTATGACTC-1	P	10X	15	P_2	tumour	/mnt/iribhm/homes/aste0033/projects/MPNST/scDNA/CHISEL/10X/FIT208A8/rdr.tsv
ATTTCTGAGAACTCGG-1	P	10X	15	P_2	tumour	/mnt/iribhm/homes/aste0033/projects/MPNST/scDNA/CHISEL/10X/FIT208A8/rdr.tsv
CAACCAAGTCAAGCCC-1	P	10X	15	P_2	tumour	/mnt/iribhm/homes/aste0033/projects/MPNST/scDNA/CHISEL/10X/FIT208A8/rdr.tsv
CAACTAGAGGGATCTG-1	P	10X	15	P_2	tumour	/mnt/iribhm/homes/aste0033/projects/MPNST/scDNA/CHISEL/10X/FIT208A8/rdr.tsv
CAACTAGAGGTGTTAA-1	P	10X	15	P_2	tumour	/mnt/iribhm/homes/aste0033/projects/MPNST/scDNA/CHISEL/10X/FIT208A8/rdr.tsv
CAACTAGAGTGGTAAT-1	P	10X	15	P_2	tumour	/mnt/iribhm/homes/aste0033/projects/MPNST/scDNA/CHISEL/10X/FIT208A8/rdr.tsv
CAAGAAACAAGTAAGT-1	P	10X	15	P_2	tumour	/mnt/iribhm/homes/aste0033/projects/MPNST/scDNA/CHISEL/10X/FIT208A8/rdr.tsv
CAAGAAAGTCTGCCAG-1	P	10X	15	P_2	tumour	/mnt/iribhm/homes/aste0033/projects/MPNST/scDNA/CHISEL/10X/FIT208A8/rdr.tsv
CAAGAAATCGGAGAGT-1	P	10X	15	P_2	tumour	/mnt/iribhm/homes/aste0033/projects/MPNST/scDNA/CHISEL/10X/FIT208A8/rdr.tsv
CAAGATCCAGTGTAGG-1	P	10X	15	P_2	tumour	/mnt/iribhm/homes/aste0033/projects/MPNST/scDNA/CHISEL/10X/FIT208A8/rdr.tsv
CAAGTTGGTAACACTC-1	P	10X	15	P_2	tumour	/mnt/iribhm/homes/aste0033/projects/MPNST/scDNA/CHISEL/10X/FIT208A8/rdr.tsv
CAAGTTGTCCACTAAG-1	P	10X	15	P_2	tumour	/mnt/iribhm/homes/aste0033/projects/MPNST/scDNA/CHISEL/10X/FIT208A8/rdr.tsv
CACAAACAGGCCCGTT-1	P	10X	15	P_2	tumour	/mnt/iribhm/homes/aste0033/projects/MPNST/scDNA/CHISEL/10X/FIT208A8/rdr.tsv
CACACCTTCGTGTCAA-1	P	10X	15	P_2	tumour	/mnt/iribhm/homes/aste0033/projects/MPNST/scDNA/CHISEL/10X/FIT208A8/rdr.tsv
CACAGTAAGGATCGCA-1	P	10X	15	P_2	tumour	/mnt/iribhm/homes/aste0033/projects/MPNST/scDNA/CHISEL/10X/FIT208A8/rdr.tsv
CACAGTATCCTGATTT-1	P	10X	15	P_2	tumour	/mnt/iribhm/homes/aste0033/projects/MPNST/scDNA/CHISEL/10X/FIT208A8/rdr.tsv
CACATTTTCAAGTTGC-1	P	10X	15	P_2	tumour	/mnt/iribhm/homes/aste0033/projects/MPNST/scDNA/CHISEL/10X/FIT208A8/rdr.tsv
CACCACTCATGTTTCT-1	P	10X	15	P_2	tumour	/mnt/iribhm/homes/aste0033/projects/MPNST/scDNA/CHISEL/10X/FIT208A8/rdr.tsv
CACTCCAAGGCATTGG-1	P	10X	15	P_2	tumour	/mnt/iribhm/homes/aste0033/projects/MPNST/scDNA/CHISEL/10X/FIT208A8/rdr.tsv
CAGAATCGTGAAAGAG-1	P	10X	15	P_2	tumour	/mnt/iribhm/homes/aste0033/projects/MPNST/scDNA/CHISEL/10X/FIT208A8/rdr.tsv
CAGCAGCAGCAGTAGC-1	P	10X	15	P_2	tumour	/mnt/iribhm/homes/aste0033/projects/MPNST/scDNA/CHISEL/10X/FIT208A8/rdr.tsv
CAGCATAGTTAGAGCG-1	P	10X	15	P_2	tumour	/mnt/iribhm/homes/aste0033/projects/MPNST/scDNA/CHISEL/10X/FIT208A8/rdr.tsv
CAGCCGATCTGCTGAA-1	P	10X	15	P_2	tumour	/mnt/iribhm/homes/aste0033/projects/MPNST/scDNA/CHISEL/10X/FIT208A8/rdr.tsv
CAGCTAAAGGGTAGGG-1	P	10X	15	P_2	tumour	/mnt/iribhm/homes/aste0033/projects/MPNST/scDNA/CHISEL/10X/FIT208A8/rdr.tsv
CAGGTGCCAAGTAAGT-1	P	10X	15	P_2	tumour	/mnt/iribhm/homes/aste0033/projects/MPNST/scDNA/CHISEL/10X/FIT208A8/rdr.tsv
CAGTAACAGTCGAGTG-1	P	10X	15	P_2	tumour	/mnt/iribhm/homes/aste0033/projects/MPNST/scDNA/CHISEL/10X/FIT208A8/rdr.tsv
CAGTAACGTTTCCATT-1	P	10X	15	P_2	tumour	/mnt/iribhm/homes/aste0033/projects/MPNST/scDNA/CHISEL/10X/FIT208A8/rdr.tsv
CAGTCCTTCTCTAGTT-1	P	10X	15	P_2	tumour	/mnt/iribhm/homes/aste0033/projects/MPNST/scDNA/CHISEL/10X/FIT208A8/rdr.tsv
CATATGGCATGCCGCA-1	P	10X	15	P_2	tumour	/mnt/iribhm/homes/aste0033/projects/MPNST/scDNA/CHISEL/10X/FIT208A8/rdr.tsv
CATATTCGTCGCTGTG-1	P	10X	15	P_2	tumour	/mnt/iribhm/homes/aste0033/projects/MPNST/scDNA/CHISEL/10X/FIT208A8/rdr.tsv
CATCCACCAGTGAATA-1	P	10X	15	P_2	tumour	/mnt/iribhm/homes/aste0033/projects/MPNST/scDNA/CHISEL/10X/FIT208A8/rdr.tsv
CATCCACGTATCTCTT-1	P	10X	15	P_2	tumour	/mnt/iribhm/homes/aste0033/projects/MPNST/scDNA/CHISEL/10X/FIT208A8/rdr.tsv
CATCCACTCCAACCGG-1	P	10X	15	P_2	tumour	/mnt/iribhm/homes/aste0033/projects/MPNST/scDNA/CHISEL/10X/FIT208A8/rdr.tsv
CATCCACTCGTTAGGT-1	P	10X	15	P_2	tumour	/mnt/iribhm/homes/aste0033/projects/MPNST/scDNA/CHISEL/10X/FIT208A8/rdr.tsv
CATCGAAAGGATATAC-1	P	10X	15	P_2	tumour	/mnt/iribhm/homes/aste0033/projects/MPNST/scDNA/CHISEL/10X/FIT208A8/rdr.tsv
CATCGGGTCCCGCATT-1	P	10X	15	P_2	tumour	/mnt/iribhm/homes/aste0033/projects/MPNST/scDNA/CHISEL/10X/FIT208A8/rdr.tsv
CATGACAGTAGGTCGA-1	P	10X	15	P_2	tumour	/mnt/iribhm/homes/aste0033/projects/MPNST/scDNA/CHISEL/10X/FIT208A8/rdr.tsv
CATGACAGTGTTCGAT-1	P	10X	15	P_2	tumour	/mnt/iribhm/homes/aste0033/projects/MPNST/scDNA/CHISEL/10X/FIT208A8/rdr.tsv
CATGCCTAGCGTGAAC-1	P	10X	15	P_2	tumour	/mnt/iribhm/homes/aste0033/projects/MPNST/scDNA/CHISEL/10X/FIT208A8/rdr.tsv
CATGCCTAGGCGTTGA-1	P	10X	15	P_2	tumour	/mnt/iribhm/homes/aste0033/projects/MPNST/scDNA/CHISEL/10X/FIT208A8/rdr.tsv
CATGCCTGTGCAAACG-1	P	10X	15	P_2	tumour	/mnt/iribhm/homes/aste0033/projects/MPNST/scDNA/CHISEL/10X/FIT208A8/rdr.tsv
CCAATCCCAATGGCAG-1	P	10X	15	P_2	tumour	/mnt/iribhm/homes/aste0033/projects/MPNST/scDNA/CHISEL/10X/FIT208A8/rdr.tsv
CCACGGAGTTCCCACT-1	P	10X	15	P_2	tumour	/mnt/iribhm/homes/aste0033/projects/MPNST/scDNA/CHISEL/10X/FIT208A8/rdr.tsv
CCACTACAGACAGACC-1	P	10X	15	P_2	tumour	/mnt/iribhm/homes/aste0033/projects/MPNST/scDNA/CHISEL/10X/FIT208A8/rdr.tsv
CCATGTCAGTCATCCA-1	P	10X	15	P_2	tumour	/mnt/iribhm/homes/aste0033/projects/MPNST/scDNA/CHISEL/10X/FIT208A8/rdr.tsv
CCATTCGGTACCAACT-1	P	10X	15	P_2	tumour	/mnt/iribhm/homes/aste0033/projects/MPNST/scDNA/CHISEL/10X/FIT208A8/rdr.tsv
CCCAATCTCACTACAG-1	P	10X	15	P_2	tumour	/mnt/iribhm/homes/aste0033/projects/MPNST/scDNA/CHISEL/10X/FIT208A8/rdr.tsv
CCCAGTTAGTCCGTAT-1	P	10X	15	P_2	tumour	/mnt/iribhm/homes/aste0033/projects/MPNST/scDNA/CHISEL/10X/FIT208A8/rdr.tsv
CCCAGTTCAGTTTGCA-1	P	10X	15	P_2	tumour	/mnt/iribhm/homes/aste0033/projects/MPNST/scDNA/CHISEL/10X/FIT208A8/rdr.tsv
CCCATACGTTTCCATT-1	P	10X	15	P_2	tumour	/mnt/iribhm/homes/aste0033/projects/MPNST/scDNA/CHISEL/10X/FIT208A8/rdr.tsv
CCCATACTCCGCGGAT-1	P	10X	15	P_2	tumour	/mnt/iribhm/homes/aste0033/projects/MPNST/scDNA/CHISEL/10X/FIT208A8/rdr.tsv
CCGTACTGTACTACAC-1	P	10X	15	P_2	tumour	/mnt/iribhm/homes/aste0033/projects/MPNST/scDNA/CHISEL/10X/FIT208A8/rdr.tsv
CCGTTCAAGCCTGATT-1	P	10X	15	P_2	tumour	/mnt/iribhm/homes/aste0033/projects/MPNST/scDNA/CHISEL/10X/FIT208A8/rdr.tsv
CCTAAAGAGGTACTCT-1	P	10X	15	P_2	tumour	/mnt/iribhm/homes/aste0033/projects/MPNST/scDNA/CHISEL/10X/FIT208A8/rdr.tsv
CCTAAAGGTGCGAACA-1	P	10X	15	P_2	tumour	/mnt/iribhm/homes/aste0033/projects/MPNST/scDNA/CHISEL/10X/FIT208A8/rdr.tsv
CCTACCATCATCGCGG-1	P	10X	15	P_2	tumour	/mnt/iribhm/homes/aste0033/projects/MPNST/scDNA/CHISEL/10X/FIT208A8/rdr.tsv
CCTAGCTAGTCAAGGC-1	P	10X	15	P_2	tumour	/mnt/iribhm/homes/aste0033/projects/MPNST/scDNA/CHISEL/10X/FIT208A8/rdr.tsv
CCTATTAAGGAGTAGA-1	P	10X	15	P_2	tumour	/mnt/iribhm/homes/aste0033/projects/MPNST/scDNA/CHISEL/10X/FIT208A8/rdr.tsv
CCTCAGTCACGTAGGA-1	P	10X	15	P_2	tumour	/mnt/iribhm/homes/aste0033/projects/MPNST/scDNA/CHISEL/10X/FIT208A8/rdr.tsv
CCTCTGACACTAGGCC-1	P	10X	15	P_2	tumour	/mnt/iribhm/homes/aste0033/projects/MPNST/scDNA/CHISEL/10X/FIT208A8/rdr.tsv
CCTCTGAGTACCAACT-1	P	10X	15	P_2	tumour	/mnt/iribhm/homes/aste0033/projects/MPNST/scDNA/CHISEL/10X/FIT208A8/rdr.tsv
CCTTACGCACTCACCT-1	P	10X	15	P_2	tumour	/mnt/iribhm/homes/aste0033/projects/MPNST/scDNA/CHISEL/10X/FIT208A8/rdr.tsv
CGAACATAGCTAGTTC-1	P	10X	15	P_2	tumour	/mnt/iribhm/homes/aste0033/projects/MPNST/scDNA/CHISEL/10X/FIT208A8/rdr.tsv
CGAACATCAAGGCCCT-1	P	10X	15	P_2	tumour	/mnt/iribhm/homes/aste0033/projects/MPNST/scDNA/CHISEL/10X/FIT208A8/rdr.tsv
CGAGAAGCATCAAGAA-1	P	10X	15	P_2	tumour	/mnt/iribhm/homes/aste0033/projects/MPNST/scDNA/CHISEL/10X/FIT208A8/rdr.tsv
CGAGAAGGTTTACGGT-1	P	10X	15	P_2	tumour	/mnt/iribhm/homes/aste0033/projects/MPNST/scDNA/CHISEL/10X/FIT208A8/rdr.tsv
CGAGAAGTCTTCACAT-1	P	10X	15	P_2	tumour	/mnt/iribhm/homes/aste0033/projects/MPNST/scDNA/CHISEL/10X/FIT208A8/rdr.tsv
CGAGCACGTACAACGG-1	P	10X	15	P_2	tumour	/mnt/iribhm/homes/aste0033/projects/MPNST/scDNA/CHISEL/10X/FIT208A8/rdr.tsv
CGAGCCAGTTTGCCTC-1	P	10X	15	P_2	tumour	/mnt/iribhm/homes/aste0033/projects/MPNST/scDNA/CHISEL/10X/FIT208A8/rdr.tsv
CGATGTACATGAAAGT-1	P	10X	15	P_2	tumour	/mnt/iribhm/homes/aste0033/projects/MPNST/scDNA/CHISEL/10X/FIT208A8/rdr.tsv
CGCCAAGCAAATCAGA-1	P	10X	15	P_2	tumour	/mnt/iribhm/homes/aste0033/projects/MPNST/scDNA/CHISEL/10X/FIT208A8/rdr.tsv
CGCCAAGGTAAGTGTA-1	P	10X	15	P_2	tumour	/mnt/iribhm/homes/aste0033/projects/MPNST/scDNA/CHISEL/10X/FIT208A8/rdr.tsv
CGCCAAGTCTTGCTTA-1	P	10X	15	P_2	tumour	/mnt/iribhm/homes/aste0033/projects/MPNST/scDNA/CHISEL/10X/FIT208A8/rdr.tsv
CGCGTTTAGTCCGGTC-1	P	10X	15	P_2	tumour	/mnt/iribhm/homes/aste0033/projects/MPNST/scDNA/CHISEL/10X/FIT208A8/rdr.tsv
CGCGTTTCATGAGACG-1	P	10X	15	P_2	tumour	/mnt/iribhm/homes/aste0033/projects/MPNST/scDNA/CHISEL/10X/FIT208A8/rdr.tsv
CGCGTTTGTCGCCAAC-1	P	10X	15	P_2	tumour	/mnt/iribhm/homes/aste0033/projects/MPNST/scDNA/CHISEL/10X/FIT208A8/rdr.tsv
CGCTTCAAGGCTAGCA-1	P	10X	15	P_2	tumour	/mnt/iribhm/homes/aste0033/projects/MPNST/scDNA/CHISEL/10X/FIT208A8/rdr.tsv
CGCTTCATCTGGTGGC-1	P	10X	15	P_2	tumour	/mnt/iribhm/homes/aste0033/projects/MPNST/scDNA/CHISEL/10X/FIT208A8/rdr.tsv
CGGACACAGCTTTCAG-1	P	10X	15	P_2	tumour	/mnt/iribhm/homes/aste0033/projects/MPNST/scDNA/CHISEL/10X/FIT208A8/rdr.tsv
CGGACACCATTCATCT-1	P	10X	15	P_2	tumour	/mnt/iribhm/homes/aste0033/projects/MPNST/scDNA/CHISEL/10X/FIT208A8/rdr.tsv
CGGACTGCAGCGCTTG-1	P	10X	15	P_2	tumour	/mnt/iribhm/homes/aste0033/projects/MPNST/scDNA/CHISEL/10X/FIT208A8/rdr.tsv
CGGAGTCCAAGAGACC-1	P	10X	15	P_2	tumour	/mnt/iribhm/homes/aste0033/projects/MPNST/scDNA/CHISEL/10X/FIT208A8/rdr.tsv
CGGCTAGCATCCACGG-1	P	10X	15	P_2	tumour	/mnt/iribhm/homes/aste0033/projects/MPNST/scDNA/CHISEL/10X/FIT208A8/rdr.tsv
CGGCTAGTCAAGAAAC-1	P	10X	15	P_2	tumour	/mnt/iribhm/homes/aste0033/projects/MPNST/scDNA/CHISEL/10X/FIT208A8/rdr.tsv
CGGTTAAAGCGTCTAT-1	P	10X	15	P_2	tumour	/mnt/iribhm/homes/aste0033/projects/MPNST/scDNA/CHISEL/10X/FIT208A8/rdr.tsv
CGGTTAAAGGGTCGAT-1	P	10X	15	P_2	tumour	/mnt/iribhm/homes/aste0033/projects/MPNST/scDNA/CHISEL/10X/FIT208A8/rdr.tsv
CGTAGCGAGATACACA-1	P	10X	15	P_2	tumour	/mnt/iribhm/homes/aste0033/projects/MPNST/scDNA/CHISEL/10X/FIT208A8/rdr.tsv
CGTCCATAGACCGATG-1	P	10X	15	P_2	tumour	/mnt/iribhm/homes/aste0033/projects/MPNST/scDNA/CHISEL/10X/FIT208A8/rdr.tsv
CGTGAGCTCCTACTCG-1	P	10X	15	P_2	tumour	/mnt/iribhm/homes/aste0033/projects/MPNST/scDNA/CHISEL/10X/FIT208A8/rdr.tsv
CGTGTCTGTATGACTC-1	P	10X	15	P_2	tumour	/mnt/iribhm/homes/aste0033/projects/MPNST/scDNA/CHISEL/10X/FIT208A8/rdr.tsv
CGTTCTGCAAGACGCA-1	P	10X	15	P_2	tumour	/mnt/iribhm/homes/aste0033/projects/MPNST/scDNA/CHISEL/10X/FIT208A8/rdr.tsv
CGTTGGGCAGATACCT-1	P	10X	15	P_2	tumour	/mnt/iribhm/homes/aste0033/projects/MPNST/scDNA/CHISEL/10X/FIT208A8/rdr.tsv
CTAACTTTCTGCCGTT-1	P	10X	15	P_2	tumour	/mnt/iribhm/homes/aste0033/projects/MPNST/scDNA/CHISEL/10X/FIT208A8/rdr.tsv
CTAAGACCAAACGGGT-1	P	10X	15	P_2	tumour	/mnt/iribhm/homes/aste0033/projects/MPNST/scDNA/CHISEL/10X/FIT208A8/rdr.tsv
CTAATGGGTTCTAGTG-1	P	10X	15	P_2	tumour	/mnt/iribhm/homes/aste0033/projects/MPNST/scDNA/CHISEL/10X/FIT208A8/rdr.tsv
CTACACCTCTATGGTG-1	P	10X	15	P_2	tumour	/mnt/iribhm/homes/aste0033/projects/MPNST/scDNA/CHISEL/10X/FIT208A8/rdr.tsv
CTCACACGTGGTAAGC-1	P	10X	15	P_2	tumour	/mnt/iribhm/homes/aste0033/projects/MPNST/scDNA/CHISEL/10X/FIT208A8/rdr.tsv
CTCAGAACATCTCACC-1	P	10X	15	P_2	tumour	/mnt/iribhm/homes/aste0033/projects/MPNST/scDNA/CHISEL/10X/FIT208A8/rdr.tsv
CTCGAAAGTTTGGCGC-1	P	10X	15	P_2	tumour	/mnt/iribhm/homes/aste0033/projects/MPNST/scDNA/CHISEL/10X/FIT208A8/rdr.tsv
CTCGGAGTCATTGCTT-1	P	10X	15	P_2	tumour	/mnt/iribhm/homes/aste0033/projects/MPNST/scDNA/CHISEL/10X/FIT208A8/rdr.tsv
CTCGGGAAGTGACATA-1	P	10X	15	P_2	tumour	/mnt/iribhm/homes/aste0033/projects/MPNST/scDNA/CHISEL/10X/FIT208A8/rdr.tsv
CTCGTACCACAGCTAT-1	P	10X	15	P_2	tumour	/mnt/iribhm/homes/aste0033/projects/MPNST/scDNA/CHISEL/10X/FIT208A8/rdr.tsv
CTCGTACTCGTTCGAA-1	P	10X	15	P_2	tumour	/mnt/iribhm/homes/aste0033/projects/MPNST/scDNA/CHISEL/10X/FIT208A8/rdr.tsv
CTCGTCATCTGTCGAA-1	P	10X	15	P_2	tumour	/mnt/iribhm/homes/aste0033/projects/MPNST/scDNA/CHISEL/10X/FIT208A8/rdr.tsv
CTCTACGTCAGAAACA-1	P	10X	15	P_2	tumour	/mnt/iribhm/homes/aste0033/projects/MPNST/scDNA/CHISEL/10X/FIT208A8/rdr.tsv
CTCTGGTCAACTTTCT-1	P	10X	15	P_2	tumour	/mnt/iribhm/homes/aste0033/projects/MPNST/scDNA/CHISEL/10X/FIT208A8/rdr.tsv
CTGAAGTCAGGTCAAG-1	P	10X	15	P_2	tumour	/mnt/iribhm/homes/aste0033/projects/MPNST/scDNA/CHISEL/10X/FIT208A8/rdr.tsv
CTGAAGTCATCCTGGG-1	P	10X	15	P_2	tumour	/mnt/iribhm/homes/aste0033/projects/MPNST/scDNA/CHISEL/10X/FIT208A8/rdr.tsv
CTGAAGTCATCTCGAA-1	P	10X	15	P_2	tumour	/mnt/iribhm/homes/aste0033/projects/MPNST/scDNA/CHISEL/10X/FIT208A8/rdr.tsv
CTGATAGAGCGACGTA-1	P	10X	15	P_2	tumour	/mnt/iribhm/homes/aste0033/projects/MPNST/scDNA/CHISEL/10X/FIT208A8/rdr.tsv
CTGATAGCATTTGTGG-1	P	10X	15	P_2	tumour	/mnt/iribhm/homes/aste0033/projects/MPNST/scDNA/CHISEL/10X/FIT208A8/rdr.tsv
CTGATCCTCCAACAAC-1	P	10X	15	P_2	tumour	/mnt/iribhm/homes/aste0033/projects/MPNST/scDNA/CHISEL/10X/FIT208A8/rdr.tsv
CTGGTCTGTGGCAACA-1	P	10X	15	P_2	tumour	/mnt/iribhm/homes/aste0033/projects/MPNST/scDNA/CHISEL/10X/FIT208A8/rdr.tsv
CTGGTCTTCAGAGCGA-1	P	10X	15	P_2	tumour	/mnt/iribhm/homes/aste0033/projects/MPNST/scDNA/CHISEL/10X/FIT208A8/rdr.tsv
CTGTGCTTCAATAGGA-1	P	10X	15	P_2	tumour	/mnt/iribhm/homes/aste0033/projects/MPNST/scDNA/CHISEL/10X/FIT208A8/rdr.tsv
CTGTTTATCAGTGTGT-1	P	10X	15	P_2	tumour	/mnt/iribhm/homes/aste0033/projects/MPNST/scDNA/CHISEL/10X/FIT208A8/rdr.tsv
CTTACCGGTAAGTGTA-1	P	10X	15	P_2	tumour	/mnt/iribhm/homes/aste0033/projects/MPNST/scDNA/CHISEL/10X/FIT208A8/rdr.tsv
CTTTGCGCAACTCACA-1	P	10X	15	P_2	tumour	/mnt/iribhm/homes/aste0033/projects/MPNST/scDNA/CHISEL/10X/FIT208A8/rdr.tsv
GAACATCAGACTGGGT-1	P	10X	15	P_2	tumour	/mnt/iribhm/homes/aste0033/projects/MPNST/scDNA/CHISEL/10X/FIT208A8/rdr.tsv
GAACCTATCGTTAAGC-1	P	10X	15	P_2	tumour	/mnt/iribhm/homes/aste0033/projects/MPNST/scDNA/CHISEL/10X/FIT208A8/rdr.tsv
GAAGCAGAGTCAAGGC-1	P	10X	15	P_2	tumour	/mnt/iribhm/homes/aste0033/projects/MPNST/scDNA/CHISEL/10X/FIT208A8/rdr.tsv
GAATAAGCAGTGTGGA-1	P	10X	15	P_2	tumour	/mnt/iribhm/homes/aste0033/projects/MPNST/scDNA/CHISEL/10X/FIT208A8/rdr.tsv
GAATAAGTCTTAGCTT-1	P	10X	15	P_2	tumour	/mnt/iribhm/homes/aste0033/projects/MPNST/scDNA/CHISEL/10X/FIT208A8/rdr.tsv
GACAGAGTCATGACCA-1	P	10X	15	P_2	tumour	/mnt/iribhm/homes/aste0033/projects/MPNST/scDNA/CHISEL/10X/FIT208A8/rdr.tsv
GACGCGTAGACCTTTG-1	P	10X	15	P_2	tumour	/mnt/iribhm/homes/aste0033/projects/MPNST/scDNA/CHISEL/10X/FIT208A8/rdr.tsv
GACGCGTAGTTTCTGG-1	P	10X	15	P_2	tumour	/mnt/iribhm/homes/aste0033/projects/MPNST/scDNA/CHISEL/10X/FIT208A8/rdr.tsv
GACGGCTAGCTAGGCA-1	P	10X	15	P_2	tumour	/mnt/iribhm/homes/aste0033/projects/MPNST/scDNA/CHISEL/10X/FIT208A8/rdr.tsv
GACGGCTTCGACAACT-1	P	10X	15	P_2	tumour	/mnt/iribhm/homes/aste0033/projects/MPNST/scDNA/CHISEL/10X/FIT208A8/rdr.tsv
GACGTTAAGCCACGTC-1	P	10X	15	P_2	tumour	/mnt/iribhm/homes/aste0033/projects/MPNST/scDNA/CHISEL/10X/FIT208A8/rdr.tsv
GACTAACAGCAGTACG-1	P	10X	15	P_2	tumour	/mnt/iribhm/homes/aste0033/projects/MPNST/scDNA/CHISEL/10X/FIT208A8/rdr.tsv
GACTACATCGAGCGTC-1	P	10X	15	P_2	tumour	/mnt/iribhm/homes/aste0033/projects/MPNST/scDNA/CHISEL/10X/FIT208A8/rdr.tsv
GAGCAGATCTTCACGC-1	P	10X	15	P_2	tumour	/mnt/iribhm/homes/aste0033/projects/MPNST/scDNA/CHISEL/10X/FIT208A8/rdr.tsv
GAGGTGACACTGGCCA-1	P	10X	15	P_2	tumour	/mnt/iribhm/homes/aste0033/projects/MPNST/scDNA/CHISEL/10X/FIT208A8/rdr.tsv
GAGTCCGAGCAATCTC-1	P	10X	15	P_2	tumour	/mnt/iribhm/homes/aste0033/projects/MPNST/scDNA/CHISEL/10X/FIT208A8/rdr.tsv
GAGTCCGGTGCGAAAC-1	P	10X	15	P_2	tumour	/mnt/iribhm/homes/aste0033/projects/MPNST/scDNA/CHISEL/10X/FIT208A8/rdr.tsv
GAGTCCGTCTTTCGTA-1	P	10X	15	P_2	tumour	/mnt/iribhm/homes/aste0033/projects/MPNST/scDNA/CHISEL/10X/FIT208A8/rdr.tsv
GATCGATGTTATGTGC-1	P	10X	15	P_2	tumour	/mnt/iribhm/homes/aste0033/projects/MPNST/scDNA/CHISEL/10X/FIT208A8/rdr.tsv
GATCGCGGTGCTTCGG-1	P	10X	15	P_2	tumour	/mnt/iribhm/homes/aste0033/projects/MPNST/scDNA/CHISEL/10X/FIT208A8/rdr.tsv
GATCGTACAATACTGC-1	P	10X	15	P_2	tumour	/mnt/iribhm/homes/aste0033/projects/MPNST/scDNA/CHISEL/10X/FIT208A8/rdr.tsv
GATGAAAGTTTCCATT-1	P	10X	15	P_2	tumour	/mnt/iribhm/homes/aste0033/projects/MPNST/scDNA/CHISEL/10X/FIT208A8/rdr.tsv
GATGAAATCTCACCTG-1	P	10X	15	P_2	tumour	/mnt/iribhm/homes/aste0033/projects/MPNST/scDNA/CHISEL/10X/FIT208A8/rdr.tsv
GATGAGGAGTGAAGTT-1	P	10X	15	P_2	tumour	/mnt/iribhm/homes/aste0033/projects/MPNST/scDNA/CHISEL/10X/FIT208A8/rdr.tsv
GATGAGGGTAAGCGCA-1	P	10X	15	P_2	tumour	/mnt/iribhm/homes/aste0033/projects/MPNST/scDNA/CHISEL/10X/FIT208A8/rdr.tsv
GATTCAGTCGGTAAGG-1	P	10X	15	P_2	tumour	/mnt/iribhm/homes/aste0033/projects/MPNST/scDNA/CHISEL/10X/FIT208A8/rdr.tsv
GCAAACTGTACTAGGG-1	P	10X	15	P_2	tumour	/mnt/iribhm/homes/aste0033/projects/MPNST/scDNA/CHISEL/10X/FIT208A8/rdr.tsv
GCAAACTTCTAGCCTC-1	P	10X	15	P_2	tumour	/mnt/iribhm/homes/aste0033/projects/MPNST/scDNA/CHISEL/10X/FIT208A8/rdr.tsv
GCACATAAGGGATTTA-1	P	10X	15	P_2	tumour	/mnt/iribhm/homes/aste0033/projects/MPNST/scDNA/CHISEL/10X/FIT208A8/rdr.tsv
GCACATATCCTTCGTG-1	P	10X	15	P_2	tumour	/mnt/iribhm/homes/aste0033/projects/MPNST/scDNA/CHISEL/10X/FIT208A8/rdr.tsv
GCATACAAGAGAACAG-1	P	10X	15	P_2	tumour	/mnt/iribhm/homes/aste0033/projects/MPNST/scDNA/CHISEL/10X/FIT208A8/rdr.tsv
GCATACAAGGCCATAG-1	P	10X	15	P_2	tumour	/mnt/iribhm/homes/aste0033/projects/MPNST/scDNA/CHISEL/10X/FIT208A8/rdr.tsv
GCATACACACTCATGA-1	P	10X	15	P_2	tumour	/mnt/iribhm/homes/aste0033/projects/MPNST/scDNA/CHISEL/10X/FIT208A8/rdr.tsv
GCATGATAGAAGGTTT-1	P	10X	15	P_2	tumour	/mnt/iribhm/homes/aste0033/projects/MPNST/scDNA/CHISEL/10X/FIT208A8/rdr.tsv
GCATGATAGATATGCA-1	P	10X	15	P_2	tumour	/mnt/iribhm/homes/aste0033/projects/MPNST/scDNA/CHISEL/10X/FIT208A8/rdr.tsv
GCATGCGTCTAGACAC-1	P	10X	15	P_2	tumour	/mnt/iribhm/homes/aste0033/projects/MPNST/scDNA/CHISEL/10X/FIT208A8/rdr.tsv
GCCAAATTCACACGTA-1	P	10X	15	P_2	tumour	/mnt/iribhm/homes/aste0033/projects/MPNST/scDNA/CHISEL/10X/FIT208A8/rdr.tsv
GCGACCATCAGATTCG-1	P	10X	15	P_2	tumour	/mnt/iribhm/homes/aste0033/projects/MPNST/scDNA/CHISEL/10X/FIT208A8/rdr.tsv
GCGACCATCAGTGAAA-1	P	10X	15	P_2	tumour	/mnt/iribhm/homes/aste0033/projects/MPNST/scDNA/CHISEL/10X/FIT208A8/rdr.tsv
GCGAGAACAACTTTCT-1	P	10X	15	P_2	tumour	/mnt/iribhm/homes/aste0033/projects/MPNST/scDNA/CHISEL/10X/FIT208A8/rdr.tsv
GCGAGAATCATGTCAG-1	P	10X	15	P_2	tumour	/mnt/iribhm/homes/aste0033/projects/MPNST/scDNA/CHISEL/10X/FIT208A8/rdr.tsv
GCGCAGTTCACTTTAC-1	P	10X	15	P_2	tumour	/mnt/iribhm/homes/aste0033/projects/MPNST/scDNA/CHISEL/10X/FIT208A8/rdr.tsv
GCGCAGTTCGAGCCGT-1	P	10X	15	P_2	tumour	/mnt/iribhm/homes/aste0033/projects/MPNST/scDNA/CHISEL/10X/FIT208A8/rdr.tsv
GCGCCAATCACACTAG-1	P	10X	15	P_2	tumour	/mnt/iribhm/homes/aste0033/projects/MPNST/scDNA/CHISEL/10X/FIT208A8/rdr.tsv
GCTCCTAGTCGCTGTG-1	P	10X	15	P_2	tumour	/mnt/iribhm/homes/aste0033/projects/MPNST/scDNA/CHISEL/10X/FIT208A8/rdr.tsv
GCTCCTATCCAGTCTC-1	P	10X	15	P_2	tumour	/mnt/iribhm/homes/aste0033/projects/MPNST/scDNA/CHISEL/10X/FIT208A8/rdr.tsv
GCTCTGTAGTTCCACA-1	P	10X	15	P_2	tumour	/mnt/iribhm/homes/aste0033/projects/MPNST/scDNA/CHISEL/10X/FIT208A8/rdr.tsv
GCTGCTTGTATTCGTG-1	P	10X	15	P_2	tumour	/mnt/iribhm/homes/aste0033/projects/MPNST/scDNA/CHISEL/10X/FIT208A8/rdr.tsv
GCTGGGTGTTTGCCTC-1	P	10X	15	P_2	tumour	/mnt/iribhm/homes/aste0033/projects/MPNST/scDNA/CHISEL/10X/FIT208A8/rdr.tsv
GCTTCCAAGGTAAACT-1	P	10X	15	P_2	tumour	/mnt/iribhm/homes/aste0033/projects/MPNST/scDNA/CHISEL/10X/FIT208A8/rdr.tsv
GCTTGAAGTGGCGTCT-1	P	10X	15	P_2	tumour	/mnt/iribhm/homes/aste0033/projects/MPNST/scDNA/CHISEL/10X/FIT208A8/rdr.tsv
GCTTGAATCCGACCAG-1	P	10X	15	P_2	tumour	/mnt/iribhm/homes/aste0033/projects/MPNST/scDNA/CHISEL/10X/FIT208A8/rdr.tsv
GGAAAGCCAGACTCCG-1	P	10X	15	P_2	tumour	/mnt/iribhm/homes/aste0033/projects/MPNST/scDNA/CHISEL/10X/FIT208A8/rdr.tsv
GGAATAACATCAGCAT-1	P	10X	15	P_2	tumour	/mnt/iribhm/homes/aste0033/projects/MPNST/scDNA/CHISEL/10X/FIT208A8/rdr.tsv
GGACAAGGTCGCTCAG-1	P	10X	15	P_2	tumour	/mnt/iribhm/homes/aste0033/projects/MPNST/scDNA/CHISEL/10X/FIT208A8/rdr.tsv
GGACAGAGTTCTTTGT-1	P	10X	15	P_2	tumour	/mnt/iribhm/homes/aste0033/projects/MPNST/scDNA/CHISEL/10X/FIT208A8/rdr.tsv
GGACATTAGATTGAGT-1	P	10X	15	P_2	tumour	/mnt/iribhm/homes/aste0033/projects/MPNST/scDNA/CHISEL/10X/FIT208A8/rdr.tsv
GGACATTTCGTAGGGA-1	P	10X	15	P_2	tumour	/mnt/iribhm/homes/aste0033/projects/MPNST/scDNA/CHISEL/10X/FIT208A8/rdr.tsv
GGACATTTCTTAAGGC-1	P	10X	15	P_2	tumour	/mnt/iribhm/homes/aste0033/projects/MPNST/scDNA/CHISEL/10X/FIT208A8/rdr.tsv
GGACGTCGTAGATGTA-1	P	10X	15	P_2	tumour	/mnt/iribhm/homes/aste0033/projects/MPNST/scDNA/CHISEL/10X/FIT208A8/rdr.tsv
GGATGTTTCTGTCGAA-1	P	10X	15	P_2	tumour	/mnt/iribhm/homes/aste0033/projects/MPNST/scDNA/CHISEL/10X/FIT208A8/rdr.tsv
GGCAATTGTTCGATAC-1	P	10X	15	P_2	tumour	/mnt/iribhm/homes/aste0033/projects/MPNST/scDNA/CHISEL/10X/FIT208A8/rdr.tsv
GGCGTGTCATAGTGAA-1	P	10X	15	P_2	tumour	/mnt/iribhm/homes/aste0033/projects/MPNST/scDNA/CHISEL/10X/FIT208A8/rdr.tsv
GGCTGGTAGCGCCTTG-1	P	10X	15	P_2	tumour	/mnt/iribhm/homes/aste0033/projects/MPNST/scDNA/CHISEL/10X/FIT208A8/rdr.tsv
GGGAATGAGCTTTCAG-1	P	10X	15	P_2	tumour	/mnt/iribhm/homes/aste0033/projects/MPNST/scDNA/CHISEL/10X/FIT208A8/rdr.tsv
GGGACCTCAAGTGTTC-1	P	10X	15	P_2	tumour	/mnt/iribhm/homes/aste0033/projects/MPNST/scDNA/CHISEL/10X/FIT208A8/rdr.tsv
GGGATGAAGGACGAAA-1	P	10X	15	P_2	tumour	/mnt/iribhm/homes/aste0033/projects/MPNST/scDNA/CHISEL/10X/FIT208A8/rdr.tsv
GGGCACTTCCTGAAAC-1	P	10X	15	P_2	tumour	/mnt/iribhm/homes/aste0033/projects/MPNST/scDNA/CHISEL/10X/FIT208A8/rdr.tsv
GGGCATCCAACATAGA-1	P	10X	15	P_2	tumour	/mnt/iribhm/homes/aste0033/projects/MPNST/scDNA/CHISEL/10X/FIT208A8/rdr.tsv
GGGCATCTCCCTAAGA-1	P	10X	15	P_2	tumour	/mnt/iribhm/homes/aste0033/projects/MPNST/scDNA/CHISEL/10X/FIT208A8/rdr.tsv
GGGCATCTCGGCACCA-1	P	10X	15	P_2	tumour	/mnt/iribhm/homes/aste0033/projects/MPNST/scDNA/CHISEL/10X/FIT208A8/rdr.tsv
GGGTCTGAGAACAATC-1	P	10X	15	P_2	tumour	/mnt/iribhm/homes/aste0033/projects/MPNST/scDNA/CHISEL/10X/FIT208A8/rdr.tsv
GGGTCTGAGGGCATGT-1	P	10X	15	P_2	tumour	/mnt/iribhm/homes/aste0033/projects/MPNST/scDNA/CHISEL/10X/FIT208A8/rdr.tsv
GGGTTGCTCCGACGTG-1	P	10X	15	P_2	tumour	/mnt/iribhm/homes/aste0033/projects/MPNST/scDNA/CHISEL/10X/FIT208A8/rdr.tsv
GGGTTGCTCGAGAATA-1	P	10X	15	P_2	tumour	/mnt/iribhm/homes/aste0033/projects/MPNST/scDNA/CHISEL/10X/FIT208A8/rdr.tsv
GGTATTGTCAGCACGC-1	P	10X	15	P_2	tumour	/mnt/iribhm/homes/aste0033/projects/MPNST/scDNA/CHISEL/10X/FIT208A8/rdr.tsv
GGTGCGTGTAATCAGA-1	P	10X	15	P_2	tumour	/mnt/iribhm/homes/aste0033/projects/MPNST/scDNA/CHISEL/10X/FIT208A8/rdr.tsv
GTAACGTAGCAGACTG-1	P	10X	15	P_2	tumour	/mnt/iribhm/homes/aste0033/projects/MPNST/scDNA/CHISEL/10X/FIT208A8/rdr.tsv
GTAACGTCAAGCATGG-1	P	10X	15	P_2	tumour	/mnt/iribhm/homes/aste0033/projects/MPNST/scDNA/CHISEL/10X/FIT208A8/rdr.tsv
GTAACGTTCCTGAAGT-1	P	10X	15	P_2	tumour	/mnt/iribhm/homes/aste0033/projects/MPNST/scDNA/CHISEL/10X/FIT208A8/rdr.tsv
GTAACTGTCTAGCTAG-1	P	10X	15	P_2	tumour	/mnt/iribhm/homes/aste0033/projects/MPNST/scDNA/CHISEL/10X/FIT208A8/rdr.tsv
GTACTTTAGGCTCTTA-1	P	10X	15	P_2	tumour	/mnt/iribhm/homes/aste0033/projects/MPNST/scDNA/CHISEL/10X/FIT208A8/rdr.tsv
GTAGTCAGTCAACTCA-1	P	10X	15	P_2	tumour	/mnt/iribhm/homes/aste0033/projects/MPNST/scDNA/CHISEL/10X/FIT208A8/rdr.tsv
GTAGTCAGTGACACGA-1	P	10X	15	P_2	tumour	/mnt/iribhm/homes/aste0033/projects/MPNST/scDNA/CHISEL/10X/FIT208A8/rdr.tsv
GTAGTCATCAATAGGA-1	P	10X	15	P_2	tumour	/mnt/iribhm/homes/aste0033/projects/MPNST/scDNA/CHISEL/10X/FIT208A8/rdr.tsv
GTATTCTGTTAAACGA-1	P	10X	15	P_2	tumour	/mnt/iribhm/homes/aste0033/projects/MPNST/scDNA/CHISEL/10X/FIT208A8/rdr.tsv
GTATTCTTCACTATGG-1	P	10X	15	P_2	tumour	/mnt/iribhm/homes/aste0033/projects/MPNST/scDNA/CHISEL/10X/FIT208A8/rdr.tsv
GTCAAGTGTCGGAAGT-1	P	10X	15	P_2	tumour	/mnt/iribhm/homes/aste0033/projects/MPNST/scDNA/CHISEL/10X/FIT208A8/rdr.tsv
GTCACAATCAAGTGCT-1	P	10X	15	P_2	tumour	/mnt/iribhm/homes/aste0033/projects/MPNST/scDNA/CHISEL/10X/FIT208A8/rdr.tsv
GTCACGGCACTTGCTC-1	P	10X	15	P_2	tumour	/mnt/iribhm/homes/aste0033/projects/MPNST/scDNA/CHISEL/10X/FIT208A8/rdr.tsv
GTCACGGCATGACTCA-1	P	10X	15	P_2	tumour	/mnt/iribhm/homes/aste0033/projects/MPNST/scDNA/CHISEL/10X/FIT208A8/rdr.tsv
GTCACGGGTAGGATAT-1	P	10X	15	P_2	tumour	/mnt/iribhm/homes/aste0033/projects/MPNST/scDNA/CHISEL/10X/FIT208A8/rdr.tsv
GTCCTCACAACCTCAA-1	P	10X	15	P_2	tumour	/mnt/iribhm/homes/aste0033/projects/MPNST/scDNA/CHISEL/10X/FIT208A8/rdr.tsv
GTCTCGTCAGCATGTT-1	P	10X	15	P_2	tumour	/mnt/iribhm/homes/aste0033/projects/MPNST/scDNA/CHISEL/10X/FIT208A8/rdr.tsv
GTCTCGTTCACCGCGA-1	P	10X	15	P_2	tumour	/mnt/iribhm/homes/aste0033/projects/MPNST/scDNA/CHISEL/10X/FIT208A8/rdr.tsv
GTGCAGCAGAATTCCC-1	P	10X	15	P_2	tumour	/mnt/iribhm/homes/aste0033/projects/MPNST/scDNA/CHISEL/10X/FIT208A8/rdr.tsv
GTGCGGTCACTAGGCC-1	P	10X	15	P_2	tumour	/mnt/iribhm/homes/aste0033/projects/MPNST/scDNA/CHISEL/10X/FIT208A8/rdr.tsv
GTGCTTCAGACTGGGT-1	P	10X	15	P_2	tumour	/mnt/iribhm/homes/aste0033/projects/MPNST/scDNA/CHISEL/10X/FIT208A8/rdr.tsv
GTGTTAGAGAAGGTGA-1	P	10X	15	P_2	tumour	/mnt/iribhm/homes/aste0033/projects/MPNST/scDNA/CHISEL/10X/FIT208A8/rdr.tsv
GTGTTAGAGGACAGAA-1	P	10X	15	P_2	tumour	/mnt/iribhm/homes/aste0033/projects/MPNST/scDNA/CHISEL/10X/FIT208A8/rdr.tsv
GTGTTAGCATAGAGCG-1	P	10X	15	P_2	tumour	/mnt/iribhm/homes/aste0033/projects/MPNST/scDNA/CHISEL/10X/FIT208A8/rdr.tsv
GTGTTAGGTACGTCAT-1	P	10X	15	P_2	tumour	/mnt/iribhm/homes/aste0033/projects/MPNST/scDNA/CHISEL/10X/FIT208A8/rdr.tsv
GTGTTAGGTGCTTCCT-1	P	10X	15	P_2	tumour	/mnt/iribhm/homes/aste0033/projects/MPNST/scDNA/CHISEL/10X/FIT208A8/rdr.tsv
GTTACAGTCATGGGCC-1	P	10X	15	P_2	tumour	/mnt/iribhm/homes/aste0033/projects/MPNST/scDNA/CHISEL/10X/FIT208A8/rdr.tsv
GTTCATTTCACTCATT-1	P	10X	15	P_2	tumour	/mnt/iribhm/homes/aste0033/projects/MPNST/scDNA/CHISEL/10X/FIT208A8/rdr.tsv
GTTCGGGCATACGTTG-1	P	10X	15	P_2	tumour	/mnt/iribhm/homes/aste0033/projects/MPNST/scDNA/CHISEL/10X/FIT208A8/rdr.tsv
GTTTCTATCCTATGAG-1	P	10X	15	P_2	tumour	/mnt/iribhm/homes/aste0033/projects/MPNST/scDNA/CHISEL/10X/FIT208A8/rdr.tsv
TAAGTGCAGGCTGCTC-1	P	10X	15	P_2	tumour	/mnt/iribhm/homes/aste0033/projects/MPNST/scDNA/CHISEL/10X/FIT208A8/rdr.tsv
TACACGATCATGGTGT-1	P	10X	15	P_2	tumour	/mnt/iribhm/homes/aste0033/projects/MPNST/scDNA/CHISEL/10X/FIT208A8/rdr.tsv
TACCTATAGGACCAGT-1	P	10X	15	P_2	tumour	/mnt/iribhm/homes/aste0033/projects/MPNST/scDNA/CHISEL/10X/FIT208A8/rdr.tsv
TACCTTACAATTAAGG-1	P	10X	15	P_2	tumour	/mnt/iribhm/homes/aste0033/projects/MPNST/scDNA/CHISEL/10X/FIT208A8/rdr.tsv
TACGGATTCATGACCA-1	P	10X	15	P_2	tumour	/mnt/iribhm/homes/aste0033/projects/MPNST/scDNA/CHISEL/10X/FIT208A8/rdr.tsv
TACTCGCCACCGGCAT-1	P	10X	15	P_2	tumour	/mnt/iribhm/homes/aste0033/projects/MPNST/scDNA/CHISEL/10X/FIT208A8/rdr.tsv
TAGACCATCTAGCAGT-1	P	10X	15	P_2	tumour	/mnt/iribhm/homes/aste0033/projects/MPNST/scDNA/CHISEL/10X/FIT208A8/rdr.tsv
TAGACCATCTAGCCTC-1	P	10X	15	P_2	tumour	/mnt/iribhm/homes/aste0033/projects/MPNST/scDNA/CHISEL/10X/FIT208A8/rdr.tsv
TAGAGCTAGGACAGAA-1	P	10X	15	P_2	tumour	/mnt/iribhm/homes/aste0033/projects/MPNST/scDNA/CHISEL/10X/FIT208A8/rdr.tsv
TAGAGCTGTACCAGTT-1	P	10X	15	P_2	tumour	/mnt/iribhm/homes/aste0033/projects/MPNST/scDNA/CHISEL/10X/FIT208A8/rdr.tsv
TAGCCGGAGGACACCA-1	P	10X	15	P_2	tumour	/mnt/iribhm/homes/aste0033/projects/MPNST/scDNA/CHISEL/10X/FIT208A8/rdr.tsv
TAGGCATAGAACTTCC-1	P	10X	15	P_2	tumour	/mnt/iribhm/homes/aste0033/projects/MPNST/scDNA/CHISEL/10X/FIT208A8/rdr.tsv
TATCAGGAGTAGCGGT-1	P	10X	15	P_2	tumour	/mnt/iribhm/homes/aste0033/projects/MPNST/scDNA/CHISEL/10X/FIT208A8/rdr.tsv
TATCAGGCATCCAGCG-1	P	10X	15	P_2	tumour	/mnt/iribhm/homes/aste0033/projects/MPNST/scDNA/CHISEL/10X/FIT208A8/rdr.tsv
TATGCCCAGTCATCCA-1	P	10X	15	P_2	tumour	/mnt/iribhm/homes/aste0033/projects/MPNST/scDNA/CHISEL/10X/FIT208A8/rdr.tsv
TCAACGAGTCCTAGTA-1	P	10X	15	P_2	tumour	/mnt/iribhm/homes/aste0033/projects/MPNST/scDNA/CHISEL/10X/FIT208A8/rdr.tsv
TCAATCTCAACGTTTG-1	P	10X	15	P_2	tumour	/mnt/iribhm/homes/aste0033/projects/MPNST/scDNA/CHISEL/10X/FIT208A8/rdr.tsv
TCACAAGAGTCAAGCG-1	P	10X	15	P_2	tumour	/mnt/iribhm/homes/aste0033/projects/MPNST/scDNA/CHISEL/10X/FIT208A8/rdr.tsv
TCACAAGCAGAGGCTA-1	P	10X	15	P_2	tumour	/mnt/iribhm/homes/aste0033/projects/MPNST/scDNA/CHISEL/10X/FIT208A8/rdr.tsv
TCACAAGGTGTCGCTG-1	P	10X	15	P_2	tumour	/mnt/iribhm/homes/aste0033/projects/MPNST/scDNA/CHISEL/10X/FIT208A8/rdr.tsv
TCAGATGCAAAGTGGC-1	P	10X	15	P_2	tumour	/mnt/iribhm/homes/aste0033/projects/MPNST/scDNA/CHISEL/10X/FIT208A8/rdr.tsv
TCAGCAACAAGTAAGT-1	P	10X	15	P_2	tumour	/mnt/iribhm/homes/aste0033/projects/MPNST/scDNA/CHISEL/10X/FIT208A8/rdr.tsv
TCAGCAACACAAGCTT-1	P	10X	15	P_2	tumour	/mnt/iribhm/homes/aste0033/projects/MPNST/scDNA/CHISEL/10X/FIT208A8/rdr.tsv
TCAGCTCCATAGGGCA-1	P	10X	15	P_2	tumour	/mnt/iribhm/homes/aste0033/projects/MPNST/scDNA/CHISEL/10X/FIT208A8/rdr.tsv
TCATTACAGGTGATTA-1	P	10X	15	P_2	tumour	/mnt/iribhm/homes/aste0033/projects/MPNST/scDNA/CHISEL/10X/FIT208A8/rdr.tsv
TCCACACCACCGGCAT-1	P	10X	15	P_2	tumour	/mnt/iribhm/homes/aste0033/projects/MPNST/scDNA/CHISEL/10X/FIT208A8/rdr.tsv
TCCACACTCATCGCAA-1	P	10X	15	P_2	tumour	/mnt/iribhm/homes/aste0033/projects/MPNST/scDNA/CHISEL/10X/FIT208A8/rdr.tsv
TCGAGGCGTACCAAGG-1	P	10X	15	P_2	tumour	/mnt/iribhm/homes/aste0033/projects/MPNST/scDNA/CHISEL/10X/FIT208A8/rdr.tsv
TCGAGGCGTGACTGAG-1	P	10X	15	P_2	tumour	/mnt/iribhm/homes/aste0033/projects/MPNST/scDNA/CHISEL/10X/FIT208A8/rdr.tsv
TCGAGGCTCACGCTCT-1	P	10X	15	P_2	tumour	/mnt/iribhm/homes/aste0033/projects/MPNST/scDNA/CHISEL/10X/FIT208A8/rdr.tsv
TCGCGAGAGAATGTTG-1	P	10X	15	P_2	tumour	/mnt/iribhm/homes/aste0033/projects/MPNST/scDNA/CHISEL/10X/FIT208A8/rdr.tsv
TCGCGTTAGCGTGAGT-1	P	10X	15	P_2	tumour	/mnt/iribhm/homes/aste0033/projects/MPNST/scDNA/CHISEL/10X/FIT208A8/rdr.tsv
TCGCGTTGTACCGTCG-1	P	10X	15	P_2	tumour	/mnt/iribhm/homes/aste0033/projects/MPNST/scDNA/CHISEL/10X/FIT208A8/rdr.tsv
TCGCGTTGTCAGAAGC-1	P	10X	15	P_2	tumour	/mnt/iribhm/homes/aste0033/projects/MPNST/scDNA/CHISEL/10X/FIT208A8/rdr.tsv
TCGGGACGTGGACGTA-1	P	10X	15	P_2	tumour	/mnt/iribhm/homes/aste0033/projects/MPNST/scDNA/CHISEL/10X/FIT208A8/rdr.tsv
TCTCATAAGCAGCCTC-1	P	10X	15	P_2	tumour	/mnt/iribhm/homes/aste0033/projects/MPNST/scDNA/CHISEL/10X/FIT208A8/rdr.tsv
TCTCATACAAGTCGGA-1	P	10X	15	P_2	tumour	/mnt/iribhm/homes/aste0033/projects/MPNST/scDNA/CHISEL/10X/FIT208A8/rdr.tsv
TCTCATAGTGCATCTA-1	P	10X	15	P_2	tumour	/mnt/iribhm/homes/aste0033/projects/MPNST/scDNA/CHISEL/10X/FIT208A8/rdr.tsv
TCTGGAAGTGACACGA-1	P	10X	15	P_2	tumour	/mnt/iribhm/homes/aste0033/projects/MPNST/scDNA/CHISEL/10X/FIT208A8/rdr.tsv
TCTGGAAGTTATGCGT-1	P	10X	15	P_2	tumour	/mnt/iribhm/homes/aste0033/projects/MPNST/scDNA/CHISEL/10X/FIT208A8/rdr.tsv
TCTTTCCAGCGTCAAG-1	P	10X	15	P_2	tumour	/mnt/iribhm/homes/aste0033/projects/MPNST/scDNA/CHISEL/10X/FIT208A8/rdr.tsv
TGACTTTAGGGTCGAT-1	P	10X	15	P_2	tumour	/mnt/iribhm/homes/aste0033/projects/MPNST/scDNA/CHISEL/10X/FIT208A8/rdr.tsv
TGAGAGGAGAAACCTA-1	P	10X	15	P_2	tumour	/mnt/iribhm/homes/aste0033/projects/MPNST/scDNA/CHISEL/10X/FIT208A8/rdr.tsv
TGAGCCGAGATATACG-1	P	10X	15	P_2	tumour	/mnt/iribhm/homes/aste0033/projects/MPNST/scDNA/CHISEL/10X/FIT208A8/rdr.tsv
TGAGGGAAGTGCGTGA-1	P	10X	15	P_2	tumour	/mnt/iribhm/homes/aste0033/projects/MPNST/scDNA/CHISEL/10X/FIT208A8/rdr.tsv
TGAGGGATCTAAGACC-1	P	10X	15	P_2	tumour	/mnt/iribhm/homes/aste0033/projects/MPNST/scDNA/CHISEL/10X/FIT208A8/rdr.tsv
TGATTTCTCCGCCTAT-1	P	10X	15	P_2	tumour	/mnt/iribhm/homes/aste0033/projects/MPNST/scDNA/CHISEL/10X/FIT208A8/rdr.tsv
TGCACCTAGGCGCTCT-1	P	10X	15	P_2	tumour	/mnt/iribhm/homes/aste0033/projects/MPNST/scDNA/CHISEL/10X/FIT208A8/rdr.tsv
TGCACCTTCACCATCC-1	P	10X	15	P_2	tumour	/mnt/iribhm/homes/aste0033/projects/MPNST/scDNA/CHISEL/10X/FIT208A8/rdr.tsv
TGCCAAACACAAACTC-1	P	10X	15	P_2	tumour	/mnt/iribhm/homes/aste0033/projects/MPNST/scDNA/CHISEL/10X/FIT208A8/rdr.tsv
TGCCCATCATCCGGCA-1	P	10X	15	P_2	tumour	/mnt/iribhm/homes/aste0033/projects/MPNST/scDNA/CHISEL/10X/FIT208A8/rdr.tsv
TGCCCTATCCACTTAT-1	P	10X	15	P_2	tumour	/mnt/iribhm/homes/aste0033/projects/MPNST/scDNA/CHISEL/10X/FIT208A8/rdr.tsv
TGCCCTATCGGGTCAC-1	P	10X	15	P_2	tumour	/mnt/iribhm/homes/aste0033/projects/MPNST/scDNA/CHISEL/10X/FIT208A8/rdr.tsv
TGCGCAGAGACAGGCT-1	P	10X	15	P_2	tumour	/mnt/iribhm/homes/aste0033/projects/MPNST/scDNA/CHISEL/10X/FIT208A8/rdr.tsv
TGCGTGGAGGACACCA-1	P	10X	15	P_2	tumour	/mnt/iribhm/homes/aste0033/projects/MPNST/scDNA/CHISEL/10X/FIT208A8/rdr.tsv
TGCTGCTGTCCAGTGC-1	P	10X	15	P_2	tumour	/mnt/iribhm/homes/aste0033/projects/MPNST/scDNA/CHISEL/10X/FIT208A8/rdr.tsv
TGGCCAGGTTGCCTCT-1	P	10X	15	P_2	tumour	/mnt/iribhm/homes/aste0033/projects/MPNST/scDNA/CHISEL/10X/FIT208A8/rdr.tsv
TGGCCAGTCACACTAG-1	P	10X	15	P_2	tumour	/mnt/iribhm/homes/aste0033/projects/MPNST/scDNA/CHISEL/10X/FIT208A8/rdr.tsv
TGGCCAGTCGTATCCC-1	P	10X	15	P_2	tumour	/mnt/iribhm/homes/aste0033/projects/MPNST/scDNA/CHISEL/10X/FIT208A8/rdr.tsv
TGGGAAGCAGTAGGGT-1	P	10X	15	P_2	tumour	/mnt/iribhm/homes/aste0033/projects/MPNST/scDNA/CHISEL/10X/FIT208A8/rdr.tsv
TGGGAAGTCGAGCACC-1	P	10X	15	P_2	tumour	/mnt/iribhm/homes/aste0033/projects/MPNST/scDNA/CHISEL/10X/FIT208A8/rdr.tsv
TGGGCGTAGAGCTATA-1	P	10X	15	P_2	tumour	/mnt/iribhm/homes/aste0033/projects/MPNST/scDNA/CHISEL/10X/FIT208A8/rdr.tsv
TGGTTCCTCAGACACT-1	P	10X	15	P_2	tumour	/mnt/iribhm/homes/aste0033/projects/MPNST/scDNA/CHISEL/10X/FIT208A8/rdr.tsv
TGTATTCAGAATGTGT-1	P	10X	15	P_2	tumour	/mnt/iribhm/homes/aste0033/projects/MPNST/scDNA/CHISEL/10X/FIT208A8/rdr.tsv
TGTATTCCAGTTATGC-1	P	10X	15	P_2	tumour	/mnt/iribhm/homes/aste0033/projects/MPNST/scDNA/CHISEL/10X/FIT208A8/rdr.tsv
TGTATTCTCAGCGGCT-1	P	10X	15	P_2	tumour	/mnt/iribhm/homes/aste0033/projects/MPNST/scDNA/CHISEL/10X/FIT208A8/rdr.tsv
TGTATTCTCGAGCGTC-1	P	10X	15	P_2	tumour	/mnt/iribhm/homes/aste0033/projects/MPNST/scDNA/CHISEL/10X/FIT208A8/rdr.tsv
TGTCCCAAGAGACTTA-1	P	10X	15	P_2	tumour	/mnt/iribhm/homes/aste0033/projects/MPNST/scDNA/CHISEL/10X/FIT208A8/rdr.tsv
TGTCCCATCGGAGTTT-1	P	10X	15	P_2	tumour	/mnt/iribhm/homes/aste0033/projects/MPNST/scDNA/CHISEL/10X/FIT208A8/rdr.tsv
TGTGGTAAGGCGACAT-1	P	10X	15	P_2	tumour	/mnt/iribhm/homes/aste0033/projects/MPNST/scDNA/CHISEL/10X/FIT208A8/rdr.tsv
TGTGTTTCACAAACTC-1	P	10X	15	P_2	tumour	/mnt/iribhm/homes/aste0033/projects/MPNST/scDNA/CHISEL/10X/FIT208A8/rdr.tsv
TGTGTTTGTCCTACCT-1	P	10X	15	P_2	tumour	/mnt/iribhm/homes/aste0033/projects/MPNST/scDNA/CHISEL/10X/FIT208A8/rdr.tsv
TGTTCCGAGAGCTTCT-1	P	10X	15	P_2	tumour	/mnt/iribhm/homes/aste0033/projects/MPNST/scDNA/CHISEL/10X/FIT208A8/rdr.tsv
TGTTCCGGTGCATGAG-1	P	10X	15	P_2	tumour	/mnt/iribhm/homes/aste0033/projects/MPNST/scDNA/CHISEL/10X/FIT208A8/rdr.tsv
TGTTCCGTCCGTTCAC-1	P	10X	15	P_2	tumour	/mnt/iribhm/homes/aste0033/projects/MPNST/scDNA/CHISEL/10X/FIT208A8/rdr.tsv
TTAACTCTCAGTGCCG-1	P	10X	15	P_2	tumour	/mnt/iribhm/homes/aste0033/projects/MPNST/scDNA/CHISEL/10X/FIT208A8/rdr.tsv
TTAGGACCATTTCCAT-1	P	10X	15	P_2	tumour	/mnt/iribhm/homes/aste0033/projects/MPNST/scDNA/CHISEL/10X/FIT208A8/rdr.tsv
TTATGCTCATAGACAA-1	P	10X	15	P_2	tumour	/mnt/iribhm/homes/aste0033/projects/MPNST/scDNA/CHISEL/10X/FIT208A8/rdr.tsv
TTCGAAGTCTAGACAC-1	P	10X	15	P_2	tumour	/mnt/iribhm/homes/aste0033/projects/MPNST/scDNA/CHISEL/10X/FIT208A8/rdr.tsv
TTCTCAAAGAAAGCTT-1	P	10X	15	P_2	tumour	/mnt/iribhm/homes/aste0033/projects/MPNST/scDNA/CHISEL/10X/FIT208A8/rdr.tsv
TTCTTAGCACGGGATA-1	P	10X	15	P_2	tumour	/mnt/iribhm/homes/aste0033/projects/MPNST/scDNA/CHISEL/10X/FIT208A8/rdr.tsv
TTCTTAGCATCTCACC-1	P	10X	15	P_2	tumour	/mnt/iribhm/homes/aste0033/projects/MPNST/scDNA/CHISEL/10X/FIT208A8/rdr.tsv
TTGAACGAGGCGATAC-1	P	10X	15	P_2	tumour	/mnt/iribhm/homes/aste0033/projects/MPNST/scDNA/CHISEL/10X/FIT208A8/rdr.tsv
TTGGAACGTACTCGTA-1	P	10X	15	P_2	tumour	/mnt/iribhm/homes/aste0033/projects/MPNST/scDNA/CHISEL/10X/FIT208A8/rdr.tsv
TTGGAACGTTAACCAC-1	P	10X	15	P_2	tumour	/mnt/iribhm/homes/aste0033/projects/MPNST/scDNA/CHISEL/10X/FIT208A8/rdr.tsv
TTGGAACGTTCGCGTG-1	P	10X	15	P_2	tumour	/mnt/iribhm/homes/aste0033/projects/MPNST/scDNA/CHISEL/10X/FIT208A8/rdr.tsv
TTTACTGCACAAGCGA-1	P	10X	15	P_2	tumour	/mnt/iribhm/homes/aste0033/projects/MPNST/scDNA/CHISEL/10X/FIT208A8/rdr.tsv
TTTACTGGTTGGGACA-1	P	10X	15	P_2	tumour	/mnt/iribhm/homes/aste0033/projects/MPNST/scDNA/CHISEL/10X/FIT208A8/rdr.tsv
TTTATGCCAACTTTCT-1	P	10X	15	P_2	tumour	/mnt/iribhm/homes/aste0033/projects/MPNST/scDNA/CHISEL/10X/FIT208A8/rdr.tsv
TTTATGCCAAGCTACT-1	P	10X	15	P_2	tumour	/mnt/iribhm/homes/aste0033/projects/MPNST/scDNA/CHISEL/10X/FIT208A8/rdr.tsv
TTTATGCTCCACTTCG-1	P	10X	15	P_2	tumour	/mnt/iribhm/homes/aste0033/projects/MPNST/scDNA/CHISEL/10X/FIT208A8/rdr.tsv
TTTATGCTCTTCCGAC-1	P	10X	15	P_2	tumour	/mnt/iribhm/homes/aste0033/projects/MPNST/scDNA/CHISEL/10X/FIT208A8/rdr.tsv
TTTCCTCCAGATCGAG-1	P	10X	15	P_2	tumour	/mnt/iribhm/homes/aste0033/projects/MPNST/scDNA/CHISEL/10X/FIT208A8/rdr.tsv
TTTCCTCTCGGAGTTT-1	P	10X	15	P_2	tumour	/mnt/iribhm/homes/aste0033/projects/MPNST/scDNA/CHISEL/10X/FIT208A8/rdr.tsv
TTTGTCAAGTAGGCCA-1	P	10X	15	P_2	tumour	/mnt/iribhm/homes/aste0033/projects/MPNST/scDNA/CHISEL/10X/FIT208A8/rdr.tsv
LES4677A1_124574_28x_14y	R1	DLP	15	P_2	tumour	/srv/home/aste0033/projects/MPNST/scDNA/CHISEL/DLPp/R1/rdr.tsv
LES4677A1_124574_46x_23y	R1	DLP	15	P_2	tumour	/srv/home/aste0033/projects/MPNST/scDNA/CHISEL/DLPp/R1/rdr.tsv
LES4677A4_124668_34x_24y	P	DLP	15	P_2	tumour	/srv/home/aste0033/projects/MPNST/scDNA/CHISEL/DLPp/P/rdr.tsv
LES4677A4_124668_43x_42y	R5	DLP	15	P_2	tumour	/srv/home/aste0033/projects/MPNST/scDNA/CHISEL/DLPp/R5/rdr.tsv
LES4677A4_124668_56x_16y	P	DLP	15	P_2	tumour	/srv/home/aste0033/projects/MPNST/scDNA/CHISEL/DLPp/P/rdr.tsv
AGGGATGCAGTAGAAT-1	P	10X	22	P_3	tumour	/mnt/iribhm/homes/aste0033/projects/MPNST/scDNA/CHISEL/10X/FIT208A8/rdr.tsv
ATTGGTGCAAGGGTGT-1	P	10X	22	P_3	tumour	/mnt/iribhm/homes/aste0033/projects/MPNST/scDNA/CHISEL/10X/FIT208A8/rdr.tsv
CCTTACGAGGTAACGC-1	P	10X	22	P_3	tumour	/mnt/iribhm/homes/aste0033/projects/MPNST/scDNA/CHISEL/10X/FIT208A8/rdr.tsv
CTCGGGATCTACATGG-1	R3	10X	22	P_3	tumour	/mnt/iribhm/homes/aste0033/projects/MPNST/scDNA/CHISEL/10X/FIT208A5/rdr.tsv
GACAGAGGTTCCGTCT-1	P	10X	22	P_3	tumour	/mnt/iribhm/homes/aste0033/projects/MPNST/scDNA/CHISEL/10X/FIT208A8/rdr.tsv
GCATGATGTCTACATG-1	P	10X	22	P_3	tumour	/mnt/iribhm/homes/aste0033/projects/MPNST/scDNA/CHISEL/10X/FIT208A8/rdr.tsv
GTACTTTTCTACAGCA-1	P	10X	22	P_3	tumour	/mnt/iribhm/homes/aste0033/projects/MPNST/scDNA/CHISEL/10X/FIT208A8/rdr.tsv
TAGGCATAGAGTAGCC-1	P	10X	22	P_3	tumour	/mnt/iribhm/homes/aste0033/projects/MPNST/scDNA/CHISEL/10X/FIT208A8/rdr.tsv
LES4677A1_124574_22x_31y	R1	DLP	22	P_3	tumour	/srv/home/aste0033/projects/MPNST/scDNA/CHISEL/DLPp/R1/rdr.tsv
LES4677A1_124574_27x_17y	R1	DLP	22	P_3	tumour	/srv/home/aste0033/projects/MPNST/scDNA/CHISEL/DLPp/R1/rdr.tsv
LES4677A4_124668_14x_34y	P	DLP	22	P_3	tumour	/srv/home/aste0033/projects/MPNST/scDNA/CHISEL/DLPp/P/rdr.tsv
LES4677A4_124668_14x_57y	R5	DLP	22	P_3	tumour	/srv/home/aste0033/projects/MPNST/scDNA/CHISEL/DLPp/R5/rdr.tsv
LES4677A4_124668_15x_17y	P	DLP	22	P_3	tumour	/srv/home/aste0033/projects/MPNST/scDNA/CHISEL/DLPp/P/rdr.tsv
LES4677A4_124668_16x_27y	P	DLP	22	P_3	tumour	/srv/home/aste0033/projects/MPNST/scDNA/CHISEL/DLPp/P/rdr.tsv
LES4677A4_124668_17x_14y	P	DLP	22	P_3	tumour	/srv/home/aste0033/projects/MPNST/scDNA/CHISEL/DLPp/P/rdr.tsv
LES4677A4_124668_17x_15y	P	DLP	22	P_3	tumour	/srv/home/aste0033/projects/MPNST/scDNA/CHISEL/DLPp/P/rdr.tsv
LES4677A4_124668_17x_25y	P	DLP	22	P_3	tumour	/srv/home/aste0033/projects/MPNST/scDNA/CHISEL/DLPp/P/rdr.tsv
LES4677A4_124668_17x_35y	P	DLP	22	P_3	tumour	/srv/home/aste0033/projects/MPNST/scDNA/CHISEL/DLPp/P/rdr.tsv
LES4677A4_124668_17x_62y	R5	DLP	22	P_3	tumour	/srv/home/aste0033/projects/MPNST/scDNA/CHISEL/DLPp/R5/rdr.tsv
LES4677A4_124668_18x_41y	R5	DLP	22	P_3	tumour	/srv/home/aste0033/projects/MPNST/scDNA/CHISEL/DLPp/R5/rdr.tsv
LES4677A4_124668_18x_43y	R5	DLP	22	P_3	tumour	/srv/home/aste0033/projects/MPNST/scDNA/CHISEL/DLPp/R5/rdr.tsv
LES4677A4_124668_19x_14y	P	DLP	22	P_3	tumour	/srv/home/aste0033/projects/MPNST/scDNA/CHISEL/DLPp/P/rdr.tsv
LES4677A4_124668_19x_19y	P	DLP	22	P_3	tumour	/srv/home/aste0033/projects/MPNST/scDNA/CHISEL/DLPp/P/rdr.tsv
LES4677A4_124668_19x_20y	P	DLP	22	P_3	tumour	/srv/home/aste0033/projects/MPNST/scDNA/CHISEL/DLPp/P/rdr.tsv
LES4677A4_124668_19x_28y	P	DLP	22	P_3	tumour	/srv/home/aste0033/projects/MPNST/scDNA/CHISEL/DLPp/P/rdr.tsv
LES4677A4_124668_19x_32y	P	DLP	22	P_3	tumour	/srv/home/aste0033/projects/MPNST/scDNA/CHISEL/DLPp/P/rdr.tsv
LES4677A4_124668_19x_42y	R5	DLP	22	P_3	tumour	/srv/home/aste0033/projects/MPNST/scDNA/CHISEL/DLPp/R5/rdr.tsv
LES4677A4_124668_20x_29y	P	DLP	22	P_3	tumour	/srv/home/aste0033/projects/MPNST/scDNA/CHISEL/DLPp/P/rdr.tsv
LES4677A4_124668_20x_31y	P	DLP	22	P_3	tumour	/srv/home/aste0033/projects/MPNST/scDNA/CHISEL/DLPp/P/rdr.tsv
LES4677A4_124668_21x_16y	P	DLP	22	P_3	tumour	/srv/home/aste0033/projects/MPNST/scDNA/CHISEL/DLPp/P/rdr.tsv
LES4677A4_124668_21x_28y	P	DLP	22	P_3	tumour	/srv/home/aste0033/projects/MPNST/scDNA/CHISEL/DLPp/P/rdr.tsv
LES4677A4_124668_21x_57y	R5	DLP	22	P_3	tumour	/srv/home/aste0033/projects/MPNST/scDNA/CHISEL/DLPp/R5/rdr.tsv
LES4677A4_124668_22x_12y	P	DLP	22	P_3	tumour	/srv/home/aste0033/projects/MPNST/scDNA/CHISEL/DLPp/P/rdr.tsv
LES4677A4_124668_22x_26y	P	DLP	22	P_3	tumour	/srv/home/aste0033/projects/MPNST/scDNA/CHISEL/DLPp/P/rdr.tsv
LES4677A4_124668_22x_32y	P	DLP	22	P_3	tumour	/srv/home/aste0033/projects/MPNST/scDNA/CHISEL/DLPp/P/rdr.tsv
LES4677A4_124668_22x_43y	R5	DLP	22	P_3	tumour	/srv/home/aste0033/projects/MPNST/scDNA/CHISEL/DLPp/R5/rdr.tsv
LES4677A4_124668_22x_62y	R5	DLP	22	P_3	tumour	/srv/home/aste0033/projects/MPNST/scDNA/CHISEL/DLPp/R5/rdr.tsv
LES4677A4_124668_23x_13y	P	DLP	22	P_3	tumour	/srv/home/aste0033/projects/MPNST/scDNA/CHISEL/DLPp/P/rdr.tsv
LES4677A4_124668_23x_17y	P	DLP	22	P_3	tumour	/srv/home/aste0033/projects/MPNST/scDNA/CHISEL/DLPp/P/rdr.tsv
LES4677A4_124668_23x_26y	P	DLP	22	P_3	tumour	/srv/home/aste0033/projects/MPNST/scDNA/CHISEL/DLPp/P/rdr.tsv
LES4677A4_124668_23x_30y	P	DLP	22	P_3	tumour	/srv/home/aste0033/projects/MPNST/scDNA/CHISEL/DLPp/P/rdr.tsv
LES4677A4_124668_23x_47y	R5	DLP	22	P_3	tumour	/srv/home/aste0033/projects/MPNST/scDNA/CHISEL/DLPp/R5/rdr.tsv
LES4677A4_124668_23x_57y	R5	DLP	22	P_3	tumour	/srv/home/aste0033/projects/MPNST/scDNA/CHISEL/DLPp/R5/rdr.tsv
LES4677A4_124668_24x_14y	P	DLP	22	P_3	tumour	/srv/home/aste0033/projects/MPNST/scDNA/CHISEL/DLPp/P/rdr.tsv
LES4677A4_124668_24x_17y	P	DLP	22	P_3	tumour	/srv/home/aste0033/projects/MPNST/scDNA/CHISEL/DLPp/P/rdr.tsv
LES4677A4_124668_24x_29y	P	DLP	22	P_3	tumour	/srv/home/aste0033/projects/MPNST/scDNA/CHISEL/DLPp/P/rdr.tsv
LES4677A4_124668_24x_35y	P	DLP	22	P_3	tumour	/srv/home/aste0033/projects/MPNST/scDNA/CHISEL/DLPp/P/rdr.tsv
LES4677A4_124668_24x_38y	R5	DLP	22	P_3	tumour	/srv/home/aste0033/projects/MPNST/scDNA/CHISEL/DLPp/R5/rdr.tsv
LES4677A4_124668_24x_43y	R5	DLP	22	P_3	tumour	/srv/home/aste0033/projects/MPNST/scDNA/CHISEL/DLPp/R5/rdr.tsv
LES4677A4_124668_24x_59y	R5	DLP	22	P_3	tumour	/srv/home/aste0033/projects/MPNST/scDNA/CHISEL/DLPp/R5/rdr.tsv
LES4677A4_124668_24x_60y	R5	DLP	22	P_3	tumour	/srv/home/aste0033/projects/MPNST/scDNA/CHISEL/DLPp/R5/rdr.tsv
LES4677A4_124668_25x_26y	P	DLP	22	P_3	tumour	/srv/home/aste0033/projects/MPNST/scDNA/CHISEL/DLPp/P/rdr.tsv
LES4677A4_124668_25x_38y	R5	DLP	22	P_3	tumour	/srv/home/aste0033/projects/MPNST/scDNA/CHISEL/DLPp/R5/rdr.tsv
LES4677A4_124668_25x_49y	R5	DLP	22	P_3	tumour	/srv/home/aste0033/projects/MPNST/scDNA/CHISEL/DLPp/R5/rdr.tsv
LES4677A4_124668_25x_62y	R5	DLP	22	P_3	tumour	/srv/home/aste0033/projects/MPNST/scDNA/CHISEL/DLPp/R5/rdr.tsv
LES4677A4_124668_26x_25y	P	DLP	22	P_3	tumour	/srv/home/aste0033/projects/MPNST/scDNA/CHISEL/DLPp/P/rdr.tsv
LES4677A4_124668_26x_26y	P	DLP	22	P_3	tumour	/srv/home/aste0033/projects/MPNST/scDNA/CHISEL/DLPp/P/rdr.tsv
LES4677A4_124668_27x_17y	P	DLP	22	P_3	tumour	/srv/home/aste0033/projects/MPNST/scDNA/CHISEL/DLPp/P/rdr.tsv
LES4677A4_124668_27x_20y	P	DLP	22	P_3	tumour	/srv/home/aste0033/projects/MPNST/scDNA/CHISEL/DLPp/P/rdr.tsv
LES4677A4_124668_27x_28y	P	DLP	22	P_3	tumour	/srv/home/aste0033/projects/MPNST/scDNA/CHISEL/DLPp/P/rdr.tsv
LES4677A4_124668_27x_36y	P	DLP	22	P_3	tumour	/srv/home/aste0033/projects/MPNST/scDNA/CHISEL/DLPp/P/rdr.tsv
LES4677A4_124668_27x_42y	R5	DLP	22	P_3	tumour	/srv/home/aste0033/projects/MPNST/scDNA/CHISEL/DLPp/R5/rdr.tsv
LES4677A4_124668_27x_62y	R5	DLP	22	P_3	tumour	/srv/home/aste0033/projects/MPNST/scDNA/CHISEL/DLPp/R5/rdr.tsv
LES4677A4_124668_28x_15y	P	DLP	22	P_3	tumour	/srv/home/aste0033/projects/MPNST/scDNA/CHISEL/DLPp/P/rdr.tsv
LES4677A4_124668_28x_30y	P	DLP	22	P_3	tumour	/srv/home/aste0033/projects/MPNST/scDNA/CHISEL/DLPp/P/rdr.tsv
LES4677A4_124668_28x_43y	R5	DLP	22	P_3	tumour	/srv/home/aste0033/projects/MPNST/scDNA/CHISEL/DLPp/R5/rdr.tsv
LES4677A4_124668_29x_44y	R5	DLP	22	P_3	tumour	/srv/home/aste0033/projects/MPNST/scDNA/CHISEL/DLPp/R5/rdr.tsv
LES4677A4_124668_29x_45y	R5	DLP	22	P_3	tumour	/srv/home/aste0033/projects/MPNST/scDNA/CHISEL/DLPp/R5/rdr.tsv
LES4677A4_124668_30x_18y	P	DLP	22	P_3	tumour	/srv/home/aste0033/projects/MPNST/scDNA/CHISEL/DLPp/P/rdr.tsv
LES4677A4_124668_30x_19y	P	DLP	22	P_3	tumour	/srv/home/aste0033/projects/MPNST/scDNA/CHISEL/DLPp/P/rdr.tsv
LES4677A4_124668_30x_21y	P	DLP	22	P_3	tumour	/srv/home/aste0033/projects/MPNST/scDNA/CHISEL/DLPp/P/rdr.tsv
LES4677A4_124668_30x_25y	P	DLP	22	P_3	tumour	/srv/home/aste0033/projects/MPNST/scDNA/CHISEL/DLPp/P/rdr.tsv
LES4677A4_124668_30x_32y	P	DLP	22	P_3	tumour	/srv/home/aste0033/projects/MPNST/scDNA/CHISEL/DLPp/P/rdr.tsv
LES4677A4_124668_30x_36y	P	DLP	22	P_3	tumour	/srv/home/aste0033/projects/MPNST/scDNA/CHISEL/DLPp/P/rdr.tsv
LES4677A4_124668_30x_40y	R5	DLP	22	P_3	tumour	/srv/home/aste0033/projects/MPNST/scDNA/CHISEL/DLPp/R5/rdr.tsv
LES4677A4_124668_30x_44y	R5	DLP	22	P_3	tumour	/srv/home/aste0033/projects/MPNST/scDNA/CHISEL/DLPp/R5/rdr.tsv
LES4677A4_124668_30x_49y	R5	DLP	22	P_3	tumour	/srv/home/aste0033/projects/MPNST/scDNA/CHISEL/DLPp/R5/rdr.tsv
LES4677A4_124668_30x_58y	R5	DLP	22	P_3	tumour	/srv/home/aste0033/projects/MPNST/scDNA/CHISEL/DLPp/R5/rdr.tsv
LES4677A4_124668_30x_59y	R5	DLP	22	P_3	tumour	/srv/home/aste0033/projects/MPNST/scDNA/CHISEL/DLPp/R5/rdr.tsv
LES4677A4_124668_31x_35y	P	DLP	22	P_3	tumour	/srv/home/aste0033/projects/MPNST/scDNA/CHISEL/DLPp/P/rdr.tsv
LES4677A4_124668_31x_42y	R5	DLP	22	P_3	tumour	/srv/home/aste0033/projects/MPNST/scDNA/CHISEL/DLPp/R5/rdr.tsv
LES4677A4_124668_31x_44y	R5	DLP	22	P_3	tumour	/srv/home/aste0033/projects/MPNST/scDNA/CHISEL/DLPp/R5/rdr.tsv
LES4677A4_124668_31x_55y	R5	DLP	22	P_3	tumour	/srv/home/aste0033/projects/MPNST/scDNA/CHISEL/DLPp/R5/rdr.tsv
LES4677A4_124668_31x_61y	R5	DLP	22	P_3	tumour	/srv/home/aste0033/projects/MPNST/scDNA/CHISEL/DLPp/R5/rdr.tsv
LES4677A4_124668_32x_18y	P	DLP	22	P_3	tumour	/srv/home/aste0033/projects/MPNST/scDNA/CHISEL/DLPp/P/rdr.tsv
LES4677A4_124668_32x_29y	P	DLP	22	P_3	tumour	/srv/home/aste0033/projects/MPNST/scDNA/CHISEL/DLPp/P/rdr.tsv
LES4677A4_124668_32x_55y	R5	DLP	22	P_3	tumour	/srv/home/aste0033/projects/MPNST/scDNA/CHISEL/DLPp/R5/rdr.tsv
LES4677A4_124668_33x_26y	P	DLP	22	P_3	tumour	/srv/home/aste0033/projects/MPNST/scDNA/CHISEL/DLPp/P/rdr.tsv
LES4677A4_124668_35x_38y	R5	DLP	22	P_3	tumour	/srv/home/aste0033/projects/MPNST/scDNA/CHISEL/DLPp/R5/rdr.tsv
LES4677A4_124668_36x_28y	P	DLP	22	P_3	tumour	/srv/home/aste0033/projects/MPNST/scDNA/CHISEL/DLPp/P/rdr.tsv
LES4677A4_124668_36x_29y	P	DLP	22	P_3	tumour	/srv/home/aste0033/projects/MPNST/scDNA/CHISEL/DLPp/P/rdr.tsv
LES4677A4_124668_36x_32y	P	DLP	22	P_3	tumour	/srv/home/aste0033/projects/MPNST/scDNA/CHISEL/DLPp/P/rdr.tsv
LES4677A4_124668_36x_62y	R5	DLP	22	P_3	tumour	/srv/home/aste0033/projects/MPNST/scDNA/CHISEL/DLPp/R5/rdr.tsv
LES4677A4_124668_37x_15y	P	DLP	22	P_3	tumour	/srv/home/aste0033/projects/MPNST/scDNA/CHISEL/DLPp/P/rdr.tsv
LES4677A4_124668_37x_18y	P	DLP	22	P_3	tumour	/srv/home/aste0033/projects/MPNST/scDNA/CHISEL/DLPp/P/rdr.tsv
LES4677A4_124668_37x_26y	P	DLP	22	P_3	tumour	/srv/home/aste0033/projects/MPNST/scDNA/CHISEL/DLPp/P/rdr.tsv
LES4677A4_124668_37x_27y	P	DLP	22	P_3	tumour	/srv/home/aste0033/projects/MPNST/scDNA/CHISEL/DLPp/P/rdr.tsv
LES4677A4_124668_37x_42y	R5	DLP	22	P_3	tumour	/srv/home/aste0033/projects/MPNST/scDNA/CHISEL/DLPp/R5/rdr.tsv
LES4677A4_124668_38x_25y	P	DLP	22	P_3	tumour	/srv/home/aste0033/projects/MPNST/scDNA/CHISEL/DLPp/P/rdr.tsv
LES4677A4_124668_38x_29y	P	DLP	22	P_3	tumour	/srv/home/aste0033/projects/MPNST/scDNA/CHISEL/DLPp/P/rdr.tsv
LES4677A4_124668_38x_49y	R5	DLP	22	P_3	tumour	/srv/home/aste0033/projects/MPNST/scDNA/CHISEL/DLPp/R5/rdr.tsv
LES4677A4_124668_38x_53y	R5	DLP	22	P_3	tumour	/srv/home/aste0033/projects/MPNST/scDNA/CHISEL/DLPp/R5/rdr.tsv
LES4677A4_124668_39x_14y	P	DLP	22	P_3	tumour	/srv/home/aste0033/projects/MPNST/scDNA/CHISEL/DLPp/P/rdr.tsv
LES4677A4_124668_39x_20y	P	DLP	22	P_3	tumour	/srv/home/aste0033/projects/MPNST/scDNA/CHISEL/DLPp/P/rdr.tsv
LES4677A4_124668_39x_30y	P	DLP	22	P_3	tumour	/srv/home/aste0033/projects/MPNST/scDNA/CHISEL/DLPp/P/rdr.tsv
LES4677A4_124668_39x_34y	P	DLP	22	P_3	tumour	/srv/home/aste0033/projects/MPNST/scDNA/CHISEL/DLPp/P/rdr.tsv
LES4677A4_124668_39x_40y	R5	DLP	22	P_3	tumour	/srv/home/aste0033/projects/MPNST/scDNA/CHISEL/DLPp/R5/rdr.tsv
LES4677A4_124668_39x_41y	R5	DLP	22	P_3	tumour	/srv/home/aste0033/projects/MPNST/scDNA/CHISEL/DLPp/R5/rdr.tsv
LES4677A4_124668_39x_52y	R5	DLP	22	P_3	tumour	/srv/home/aste0033/projects/MPNST/scDNA/CHISEL/DLPp/R5/rdr.tsv
LES4677A4_124668_40x_28y	P	DLP	22	P_3	tumour	/srv/home/aste0033/projects/MPNST/scDNA/CHISEL/DLPp/P/rdr.tsv
LES4677A4_124668_40x_43y	R5	DLP	22	P_3	tumour	/srv/home/aste0033/projects/MPNST/scDNA/CHISEL/DLPp/R5/rdr.tsv
LES4677A4_124668_40x_48y	R5	DLP	22	P_3	tumour	/srv/home/aste0033/projects/MPNST/scDNA/CHISEL/DLPp/R5/rdr.tsv
LES4677A4_124668_40x_53y	R5	DLP	22	P_3	tumour	/srv/home/aste0033/projects/MPNST/scDNA/CHISEL/DLPp/R5/rdr.tsv
LES4677A4_124668_41x_16y	P	DLP	22	P_3	tumour	/srv/home/aste0033/projects/MPNST/scDNA/CHISEL/DLPp/P/rdr.tsv
LES4677A4_124668_41x_27y	P	DLP	22	P_3	tumour	/srv/home/aste0033/projects/MPNST/scDNA/CHISEL/DLPp/P/rdr.tsv
LES4677A4_124668_41x_36y	P	DLP	22	P_3	tumour	/srv/home/aste0033/projects/MPNST/scDNA/CHISEL/DLPp/P/rdr.tsv
LES4677A4_124668_41x_39y	R5	DLP	22	P_3	tumour	/srv/home/aste0033/projects/MPNST/scDNA/CHISEL/DLPp/R5/rdr.tsv
LES4677A4_124668_41x_52y	R5	DLP	22	P_3	tumour	/srv/home/aste0033/projects/MPNST/scDNA/CHISEL/DLPp/R5/rdr.tsv
LES4677A4_124668_42x_15y	P	DLP	22	P_3	tumour	/srv/home/aste0033/projects/MPNST/scDNA/CHISEL/DLPp/P/rdr.tsv
LES4677A4_124668_42x_20y	P	DLP	22	P_3	tumour	/srv/home/aste0033/projects/MPNST/scDNA/CHISEL/DLPp/P/rdr.tsv
LES4677A4_124668_42x_25y	P	DLP	22	P_3	tumour	/srv/home/aste0033/projects/MPNST/scDNA/CHISEL/DLPp/P/rdr.tsv
LES4677A4_124668_42x_27y	P	DLP	22	P_3	tumour	/srv/home/aste0033/projects/MPNST/scDNA/CHISEL/DLPp/P/rdr.tsv
LES4677A4_124668_42x_29y	P	DLP	22	P_3	tumour	/srv/home/aste0033/projects/MPNST/scDNA/CHISEL/DLPp/P/rdr.tsv
LES4677A4_124668_42x_40y	R5	DLP	22	P_3	tumour	/srv/home/aste0033/projects/MPNST/scDNA/CHISEL/DLPp/R5/rdr.tsv
LES4677A4_124668_43x_27y	P	DLP	22	P_3	tumour	/srv/home/aste0033/projects/MPNST/scDNA/CHISEL/DLPp/P/rdr.tsv
LES4677A4_124668_43x_39y	R5	DLP	22	P_3	tumour	/srv/home/aste0033/projects/MPNST/scDNA/CHISEL/DLPp/R5/rdr.tsv
LES4677A4_124668_43x_48y	R5	DLP	22	P_3	tumour	/srv/home/aste0033/projects/MPNST/scDNA/CHISEL/DLPp/R5/rdr.tsv
LES4677A4_124668_43x_49y	R5	DLP	22	P_3	tumour	/srv/home/aste0033/projects/MPNST/scDNA/CHISEL/DLPp/R5/rdr.tsv
LES4677A4_124668_43x_62y	R5	DLP	22	P_3	tumour	/srv/home/aste0033/projects/MPNST/scDNA/CHISEL/DLPp/R5/rdr.tsv
LES4677A4_124668_44x_41y	R5	DLP	22	P_3	tumour	/srv/home/aste0033/projects/MPNST/scDNA/CHISEL/DLPp/R5/rdr.tsv
LES4677A4_124668_45x_29y	P	DLP	22	P_3	tumour	/srv/home/aste0033/projects/MPNST/scDNA/CHISEL/DLPp/P/rdr.tsv
LES4677A4_124668_45x_31y	P	DLP	22	P_3	tumour	/srv/home/aste0033/projects/MPNST/scDNA/CHISEL/DLPp/P/rdr.tsv
LES4677A4_124668_45x_39y	R5	DLP	22	P_3	tumour	/srv/home/aste0033/projects/MPNST/scDNA/CHISEL/DLPp/R5/rdr.tsv
LES4677A4_124668_45x_44y	R5	DLP	22	P_3	tumour	/srv/home/aste0033/projects/MPNST/scDNA/CHISEL/DLPp/R5/rdr.tsv
LES4677A4_124668_46x_14y	P	DLP	22	P_3	tumour	/srv/home/aste0033/projects/MPNST/scDNA/CHISEL/DLPp/P/rdr.tsv
LES4677A4_124668_46x_15y	P	DLP	22	P_3	tumour	/srv/home/aste0033/projects/MPNST/scDNA/CHISEL/DLPp/P/rdr.tsv
LES4677A4_124668_46x_20y	P	DLP	22	P_3	tumour	/srv/home/aste0033/projects/MPNST/scDNA/CHISEL/DLPp/P/rdr.tsv
LES4677A4_124668_46x_26y	P	DLP	22	P_3	tumour	/srv/home/aste0033/projects/MPNST/scDNA/CHISEL/DLPp/P/rdr.tsv
LES4677A4_124668_46x_29y	P	DLP	22	P_3	tumour	/srv/home/aste0033/projects/MPNST/scDNA/CHISEL/DLPp/P/rdr.tsv
LES4677A4_124668_46x_32y	P	DLP	22	P_3	tumour	/srv/home/aste0033/projects/MPNST/scDNA/CHISEL/DLPp/P/rdr.tsv
LES4677A4_124668_46x_43y	R5	DLP	22	P_3	tumour	/srv/home/aste0033/projects/MPNST/scDNA/CHISEL/DLPp/R5/rdr.tsv
LES4677A4_124668_46x_48y	R5	DLP	22	P_3	tumour	/srv/home/aste0033/projects/MPNST/scDNA/CHISEL/DLPp/R5/rdr.tsv
LES4677A4_124668_46x_49y	R5	DLP	22	P_3	tumour	/srv/home/aste0033/projects/MPNST/scDNA/CHISEL/DLPp/R5/rdr.tsv
LES4677A4_124668_46x_59y	R5	DLP	22	P_3	tumour	/srv/home/aste0033/projects/MPNST/scDNA/CHISEL/DLPp/R5/rdr.tsv
LES4677A4_124668_47x_27y	P	DLP	22	P_3	tumour	/srv/home/aste0033/projects/MPNST/scDNA/CHISEL/DLPp/P/rdr.tsv
LES4677A4_124668_47x_30y	P	DLP	22	P_3	tumour	/srv/home/aste0033/projects/MPNST/scDNA/CHISEL/DLPp/P/rdr.tsv
LES4677A4_124668_47x_47y	R5	DLP	22	P_3	tumour	/srv/home/aste0033/projects/MPNST/scDNA/CHISEL/DLPp/R5/rdr.tsv
LES4677A4_124668_48x_14y	P	DLP	22	P_3	tumour	/srv/home/aste0033/projects/MPNST/scDNA/CHISEL/DLPp/P/rdr.tsv
LES4677A4_124668_48x_20y	P	DLP	22	P_3	tumour	/srv/home/aste0033/projects/MPNST/scDNA/CHISEL/DLPp/P/rdr.tsv
LES4677A4_124668_48x_25y	P	DLP	22	P_3	tumour	/srv/home/aste0033/projects/MPNST/scDNA/CHISEL/DLPp/P/rdr.tsv
LES4677A4_124668_48x_47y	R5	DLP	22	P_3	tumour	/srv/home/aste0033/projects/MPNST/scDNA/CHISEL/DLPp/R5/rdr.tsv
LES4677A4_124668_48x_49y	R5	DLP	22	P_3	tumour	/srv/home/aste0033/projects/MPNST/scDNA/CHISEL/DLPp/R5/rdr.tsv
LES4677A4_124668_48x_57y	R5	DLP	22	P_3	tumour	/srv/home/aste0033/projects/MPNST/scDNA/CHISEL/DLPp/R5/rdr.tsv
LES4677A4_124668_48x_59y	R5	DLP	22	P_3	tumour	/srv/home/aste0033/projects/MPNST/scDNA/CHISEL/DLPp/R5/rdr.tsv
LES4677A4_124668_49x_17y	P	DLP	22	P_3	tumour	/srv/home/aste0033/projects/MPNST/scDNA/CHISEL/DLPp/P/rdr.tsv
LES4677A4_124668_49x_44y	R5	DLP	22	P_3	tumour	/srv/home/aste0033/projects/MPNST/scDNA/CHISEL/DLPp/R5/rdr.tsv
LES4677A4_124668_50x_17y	P	DLP	22	P_3	tumour	/srv/home/aste0033/projects/MPNST/scDNA/CHISEL/DLPp/P/rdr.tsv
LES4677A4_124668_50x_24y	P	DLP	22	P_3	tumour	/srv/home/aste0033/projects/MPNST/scDNA/CHISEL/DLPp/P/rdr.tsv
LES4677A4_124668_50x_28y	P	DLP	22	P_3	tumour	/srv/home/aste0033/projects/MPNST/scDNA/CHISEL/DLPp/P/rdr.tsv
LES4677A4_124668_50x_29y	P	DLP	22	P_3	tumour	/srv/home/aste0033/projects/MPNST/scDNA/CHISEL/DLPp/P/rdr.tsv
LES4677A4_124668_50x_30y	P	DLP	22	P_3	tumour	/srv/home/aste0033/projects/MPNST/scDNA/CHISEL/DLPp/P/rdr.tsv
LES4677A4_124668_50x_35y	P	DLP	22	P_3	tumour	/srv/home/aste0033/projects/MPNST/scDNA/CHISEL/DLPp/P/rdr.tsv
LES4677A4_124668_50x_39y	R5	DLP	22	P_3	tumour	/srv/home/aste0033/projects/MPNST/scDNA/CHISEL/DLPp/R5/rdr.tsv
LES4677A4_124668_50x_53y	R5	DLP	22	P_3	tumour	/srv/home/aste0033/projects/MPNST/scDNA/CHISEL/DLPp/R5/rdr.tsv
LES4677A4_124668_51x_13y	P	DLP	22	P_3	tumour	/srv/home/aste0033/projects/MPNST/scDNA/CHISEL/DLPp/P/rdr.tsv
LES4677A4_124668_51x_16y	P	DLP	22	P_3	tumour	/srv/home/aste0033/projects/MPNST/scDNA/CHISEL/DLPp/P/rdr.tsv
LES4677A4_124668_51x_20y	P	DLP	22	P_3	tumour	/srv/home/aste0033/projects/MPNST/scDNA/CHISEL/DLPp/P/rdr.tsv
LES4677A4_124668_51x_28y	P	DLP	22	P_3	tumour	/srv/home/aste0033/projects/MPNST/scDNA/CHISEL/DLPp/P/rdr.tsv
LES4677A4_124668_51x_32y	P	DLP	22	P_3	tumour	/srv/home/aste0033/projects/MPNST/scDNA/CHISEL/DLPp/P/rdr.tsv
LES4677A4_124668_51x_35y	P	DLP	22	P_3	tumour	/srv/home/aste0033/projects/MPNST/scDNA/CHISEL/DLPp/P/rdr.tsv
LES4677A4_124668_51x_52y	R5	DLP	22	P_3	tumour	/srv/home/aste0033/projects/MPNST/scDNA/CHISEL/DLPp/R5/rdr.tsv
LES4677A4_124668_51x_53y	R5	DLP	22	P_3	tumour	/srv/home/aste0033/projects/MPNST/scDNA/CHISEL/DLPp/R5/rdr.tsv
LES4677A4_124668_52x_25y	P	DLP	22	P_3	tumour	/srv/home/aste0033/projects/MPNST/scDNA/CHISEL/DLPp/P/rdr.tsv
LES4677A4_124668_52x_28y	P	DLP	22	P_3	tumour	/srv/home/aste0033/projects/MPNST/scDNA/CHISEL/DLPp/P/rdr.tsv
LES4677A4_124668_52x_34y	P	DLP	22	P_3	tumour	/srv/home/aste0033/projects/MPNST/scDNA/CHISEL/DLPp/P/rdr.tsv
LES4677A4_124668_53x_14y	P	DLP	22	P_3	tumour	/srv/home/aste0033/projects/MPNST/scDNA/CHISEL/DLPp/P/rdr.tsv
LES4677A4_124668_53x_20y	P	DLP	22	P_3	tumour	/srv/home/aste0033/projects/MPNST/scDNA/CHISEL/DLPp/P/rdr.tsv
LES4677A4_124668_53x_21y	P	DLP	22	P_3	tumour	/srv/home/aste0033/projects/MPNST/scDNA/CHISEL/DLPp/P/rdr.tsv
LES4677A4_124668_53x_29y	P	DLP	22	P_3	tumour	/srv/home/aste0033/projects/MPNST/scDNA/CHISEL/DLPp/P/rdr.tsv
LES4677A4_124668_54x_13y	P	DLP	22	P_3	tumour	/srv/home/aste0033/projects/MPNST/scDNA/CHISEL/DLPp/P/rdr.tsv
LES4677A4_124668_54x_21y	P	DLP	22	P_3	tumour	/srv/home/aste0033/projects/MPNST/scDNA/CHISEL/DLPp/P/rdr.tsv
LES4677A4_124668_54x_27y	P	DLP	22	P_3	tumour	/srv/home/aste0033/projects/MPNST/scDNA/CHISEL/DLPp/P/rdr.tsv
LES4677A4_124668_54x_30y	P	DLP	22	P_3	tumour	/srv/home/aste0033/projects/MPNST/scDNA/CHISEL/DLPp/P/rdr.tsv
LES4677A4_124668_54x_35y	P	DLP	22	P_3	tumour	/srv/home/aste0033/projects/MPNST/scDNA/CHISEL/DLPp/P/rdr.tsv
LES4677A4_124668_54x_55y	R5	DLP	22	P_3	tumour	/srv/home/aste0033/projects/MPNST/scDNA/CHISEL/DLPp/R5/rdr.tsv
LES4677A4_124668_55x_12y	P	DLP	22	P_3	tumour	/srv/home/aste0033/projects/MPNST/scDNA/CHISEL/DLPp/P/rdr.tsv
LES4677A4_124668_55x_26y	P	DLP	22	P_3	tumour	/srv/home/aste0033/projects/MPNST/scDNA/CHISEL/DLPp/P/rdr.tsv
LES4677A4_124668_55x_38y	R5	DLP	22	P_3	tumour	/srv/home/aste0033/projects/MPNST/scDNA/CHISEL/DLPp/R5/rdr.tsv
LES4677A4_124668_55x_49y	R5	DLP	22	P_3	tumour	/srv/home/aste0033/projects/MPNST/scDNA/CHISEL/DLPp/R5/rdr.tsv
LES4677A4_124668_57x_17y	P	DLP	22	P_3	tumour	/srv/home/aste0033/projects/MPNST/scDNA/CHISEL/DLPp/P/rdr.tsv
LES4677A4_124668_57x_49y	R5	DLP	22	P_3	tumour	/srv/home/aste0033/projects/MPNST/scDNA/CHISEL/DLPp/R5/rdr.tsv
LES4677A4_124668_57x_55y	R5	DLP	22	P_3	tumour	/srv/home/aste0033/projects/MPNST/scDNA/CHISEL/DLPp/R5/rdr.tsv
LES4677A4_124668_58x_27y	P	DLP	22	P_3	tumour	/srv/home/aste0033/projects/MPNST/scDNA/CHISEL/DLPp/P/rdr.tsv
LES4677A4_124668_58x_28y	P	DLP	22	P_3	tumour	/srv/home/aste0033/projects/MPNST/scDNA/CHISEL/DLPp/P/rdr.tsv
LES4677A4_124668_58x_46y	R5	DLP	22	P_3	tumour	/srv/home/aste0033/projects/MPNST/scDNA/CHISEL/DLPp/R5/rdr.tsv
LES4677A4_124668_59x_19y	P	DLP	22	P_3	tumour	/srv/home/aste0033/projects/MPNST/scDNA/CHISEL/DLPp/P/rdr.tsv
LES4677A4_124668_59x_20y	P	DLP	22	P_3	tumour	/srv/home/aste0033/projects/MPNST/scDNA/CHISEL/DLPp/P/rdr.tsv
LES4677A4_124668_59x_30y	P	DLP	22	P_3	tumour	/srv/home/aste0033/projects/MPNST/scDNA/CHISEL/DLPp/P/rdr.tsv
LES4677A4_124668_59x_31y	P	DLP	22	P_3	tumour	/srv/home/aste0033/projects/MPNST/scDNA/CHISEL/DLPp/P/rdr.tsv
LES4677A4_124668_59x_45y	R5	DLP	22	P_3	tumour	/srv/home/aste0033/projects/MPNST/scDNA/CHISEL/DLPp/R5/rdr.tsv
LES4677A4_124668_60x_25y	P	DLP	22	P_3	tumour	/srv/home/aste0033/projects/MPNST/scDNA/CHISEL/DLPp/P/rdr.tsv
LES4677A4_124668_60x_41y	R5	DLP	22	P_3	tumour	/srv/home/aste0033/projects/MPNST/scDNA/CHISEL/DLPp/R5/rdr.tsv
LES4677A4_124668_61x_18y	P	DLP	22	P_3	tumour	/srv/home/aste0033/projects/MPNST/scDNA/CHISEL/DLPp/P/rdr.tsv
LES4677A4_124668_61x_28y	P	DLP	22	P_3	tumour	/srv/home/aste0033/projects/MPNST/scDNA/CHISEL/DLPp/P/rdr.tsv
LES4677A4_124668_61x_31y	P	DLP	22	P_3	tumour	/srv/home/aste0033/projects/MPNST/scDNA/CHISEL/DLPp/P/rdr.tsv
LES4677A4_124668_61x_33y	P	DLP	22	P_3	tumour	/srv/home/aste0033/projects/MPNST/scDNA/CHISEL/DLPp/P/rdr.tsv
LES4677A4_124668_62x_14y	P	DLP	22	P_3	tumour	/srv/home/aste0033/projects/MPNST/scDNA/CHISEL/DLPp/P/rdr.tsv
LES4677A4_124668_62x_52y	R5	DLP	22	P_3	tumour	/srv/home/aste0033/projects/MPNST/scDNA/CHISEL/DLPp/R5/rdr.tsv
AAAGATGAGAGGTACC-1	R1	10X	6	R1_1	tumour	/mnt/iribhm/homes/aste0033/projects/MPNST/scDNA/CHISEL/10X/FIT208A3/rdr.tsv
AACCATGCACATTCAG-1	R1	10X	6	R1_1	tumour	/mnt/iribhm/homes/aste0033/projects/MPNST/scDNA/CHISEL/10X/FIT208A3/rdr.tsv
AACCATGTCATGCGCG-1	R1	10X	6	R1_1	tumour	/mnt/iribhm/homes/aste0033/projects/MPNST/scDNA/CHISEL/10X/FIT208A3/rdr.tsv
AACCGCGCAAACTCAC-1	R1	10X	6	R1_1	tumour	/mnt/iribhm/homes/aste0033/projects/MPNST/scDNA/CHISEL/10X/FIT208A3/rdr.tsv
AACGTTGCAGGTCCCA-1	R1	10X	6	R1_1	tumour	/mnt/iribhm/homes/aste0033/projects/MPNST/scDNA/CHISEL/10X/FIT208A3/rdr.tsv
AACGTTGTCTGATCAG-1	R1	10X	6	R1_1	tumour	/mnt/iribhm/homes/aste0033/projects/MPNST/scDNA/CHISEL/10X/FIT208A3/rdr.tsv
AACTCAGCATTGCCGG-1	R1	10X	6	R1_1	tumour	/mnt/iribhm/homes/aste0033/projects/MPNST/scDNA/CHISEL/10X/FIT208A3/rdr.tsv
AACTCAGGTGCGGTAA-1	R1	10X	6	R1_1	tumour	/mnt/iribhm/homes/aste0033/projects/MPNST/scDNA/CHISEL/10X/FIT208A3/rdr.tsv
AACTCTTTCTGTCGAA-1	R1	10X	6	R1_1	tumour	/mnt/iribhm/homes/aste0033/projects/MPNST/scDNA/CHISEL/10X/FIT208A3/rdr.tsv
AACTTTCAGAGGTTAT-1	R1	10X	6	R1_1	tumour	/mnt/iribhm/homes/aste0033/projects/MPNST/scDNA/CHISEL/10X/FIT208A3/rdr.tsv
AACTTTCAGATATGGT-1	R1	10X	6	R1_1	tumour	/mnt/iribhm/homes/aste0033/projects/MPNST/scDNA/CHISEL/10X/FIT208A3/rdr.tsv
AAGACCTTCACACGTA-1	R1	10X	6	R1_1	tumour	/mnt/iribhm/homes/aste0033/projects/MPNST/scDNA/CHISEL/10X/FIT208A3/rdr.tsv
AAGCCGCAGCTGCCCA-1	R1	10X	6	R1_1	tumour	/mnt/iribhm/homes/aste0033/projects/MPNST/scDNA/CHISEL/10X/FIT208A3/rdr.tsv
AAGGCAGAGACGCTTT-1	R1	10X	6	R1_1	tumour	/mnt/iribhm/homes/aste0033/projects/MPNST/scDNA/CHISEL/10X/FIT208A3/rdr.tsv
AATCCAGAGTTACCCA-1	R1	10X	6	R1_1	tumour	/mnt/iribhm/homes/aste0033/projects/MPNST/scDNA/CHISEL/10X/FIT208A3/rdr.tsv
AATCCAGGTACCGCTG-1	R1	10X	6	R1_1	tumour	/mnt/iribhm/homes/aste0033/projects/MPNST/scDNA/CHISEL/10X/FIT208A3/rdr.tsv
AATCCAGGTTAGAGCG-1	R1	10X	6	R1_1	tumour	/mnt/iribhm/homes/aste0033/projects/MPNST/scDNA/CHISEL/10X/FIT208A3/rdr.tsv
AATCGGTCATGGCACC-1	R1	10X	6	R1_1	tumour	/mnt/iribhm/homes/aste0033/projects/MPNST/scDNA/CHISEL/10X/FIT208A3/rdr.tsv
AATCGGTGTCTCTCGT-1	R1	10X	6	R1_1	tumour	/mnt/iribhm/homes/aste0033/projects/MPNST/scDNA/CHISEL/10X/FIT208A3/rdr.tsv
ACACCAAAGTATGACA-1	R1	10X	6	R1_1	tumour	/mnt/iribhm/homes/aste0033/projects/MPNST/scDNA/CHISEL/10X/FIT208A3/rdr.tsv
ACACCAACACGACGCT-1	R1	10X	6	R1_1	tumour	/mnt/iribhm/homes/aste0033/projects/MPNST/scDNA/CHISEL/10X/FIT208A3/rdr.tsv
ACACCGGGTTGGTATC-1	R1	10X	6	R1_1	tumour	/mnt/iribhm/homes/aste0033/projects/MPNST/scDNA/CHISEL/10X/FIT208A3/rdr.tsv
ACACTGACAGAATTCC-1	R1	10X	6	R1_1	tumour	/mnt/iribhm/homes/aste0033/projects/MPNST/scDNA/CHISEL/10X/FIT208A3/rdr.tsv
ACATACGTCCTACCTG-1	R1	10X	6	R1_1	tumour	/mnt/iribhm/homes/aste0033/projects/MPNST/scDNA/CHISEL/10X/FIT208A3/rdr.tsv
ACATCAGAGATTGAGT-1	R1	10X	6	R1_1	tumour	/mnt/iribhm/homes/aste0033/projects/MPNST/scDNA/CHISEL/10X/FIT208A3/rdr.tsv
ACATCAGCACCCTCTA-1	R1	10X	6	R1_1	tumour	/mnt/iribhm/homes/aste0033/projects/MPNST/scDNA/CHISEL/10X/FIT208A3/rdr.tsv
ACATCAGTCACGACGC-1	R1	10X	6	R1_1	tumour	/mnt/iribhm/homes/aste0033/projects/MPNST/scDNA/CHISEL/10X/FIT208A3/rdr.tsv
ACATGGTAGGGATACC-1	R1	10X	6	R1_1	tumour	/mnt/iribhm/homes/aste0033/projects/MPNST/scDNA/CHISEL/10X/FIT208A3/rdr.tsv
ACCAGTAAGAAACCCG-1	R1	10X	6	R1_1	tumour	/mnt/iribhm/homes/aste0033/projects/MPNST/scDNA/CHISEL/10X/FIT208A3/rdr.tsv
ACCAGTAGTTGGTGAG-1	R1	10X	6	R1_1	tumour	/mnt/iribhm/homes/aste0033/projects/MPNST/scDNA/CHISEL/10X/FIT208A3/rdr.tsv
ACCAGTAGTTTCCGAA-1	R1	10X	6	R1_1	tumour	/mnt/iribhm/homes/aste0033/projects/MPNST/scDNA/CHISEL/10X/FIT208A3/rdr.tsv
ACCAGTATCGCCAACG-1	R1	10X	6	R1_1	tumour	/mnt/iribhm/homes/aste0033/projects/MPNST/scDNA/CHISEL/10X/FIT208A3/rdr.tsv
ACCGTAAAGACAAGCC-1	R1	10X	6	R1_1	tumour	/mnt/iribhm/homes/aste0033/projects/MPNST/scDNA/CHISEL/10X/FIT208A3/rdr.tsv
ACCGTAAAGCACAGGT-1	R1	10X	6	R1_1	tumour	/mnt/iribhm/homes/aste0033/projects/MPNST/scDNA/CHISEL/10X/FIT208A3/rdr.tsv
ACGAGCCAGTAGCGGT-1	R1	10X	6	R1_1	tumour	/mnt/iribhm/homes/aste0033/projects/MPNST/scDNA/CHISEL/10X/FIT208A3/rdr.tsv
ACGATACAGACTAGAT-1	R1	10X	6	R1_1	tumour	/mnt/iribhm/homes/aste0033/projects/MPNST/scDNA/CHISEL/10X/FIT208A3/rdr.tsv
ACGATGTCAACGCGTC-1	R1	10X	6	R1_1	tumour	/mnt/iribhm/homes/aste0033/projects/MPNST/scDNA/CHISEL/10X/FIT208A3/rdr.tsv
ACGATGTGTCGGCATC-1	R1	10X	6	R1_1	tumour	/mnt/iribhm/homes/aste0033/projects/MPNST/scDNA/CHISEL/10X/FIT208A3/rdr.tsv
ACGCAGCCAAGTCGGA-1	R1	10X	6	R1_1	tumour	/mnt/iribhm/homes/aste0033/projects/MPNST/scDNA/CHISEL/10X/FIT208A3/rdr.tsv
ACGCAGCGTAAGATGT-1	R1	10X	6	R1_1	tumour	/mnt/iribhm/homes/aste0033/projects/MPNST/scDNA/CHISEL/10X/FIT208A3/rdr.tsv
ACGGAGACAATCCATG-1	R1	10X	6	R1_1	tumour	/mnt/iribhm/homes/aste0033/projects/MPNST/scDNA/CHISEL/10X/FIT208A3/rdr.tsv
ACGGAGATCGTGCTAA-1	R1	10X	6	R1_1	tumour	/mnt/iribhm/homes/aste0033/projects/MPNST/scDNA/CHISEL/10X/FIT208A3/rdr.tsv
ACGGCCATCCTGAAGT-1	R1	10X	6	R1_1	tumour	/mnt/iribhm/homes/aste0033/projects/MPNST/scDNA/CHISEL/10X/FIT208A3/rdr.tsv
ACGGCCATCTGATGGT-1	R1	10X	6	R1_1	tumour	/mnt/iribhm/homes/aste0033/projects/MPNST/scDNA/CHISEL/10X/FIT208A3/rdr.tsv
ACGGGCTAGGTGTGGT-1	R1	10X	6	R1_1	tumour	/mnt/iribhm/homes/aste0033/projects/MPNST/scDNA/CHISEL/10X/FIT208A3/rdr.tsv
ACGGGCTCAGTAGGGT-1	R1	10X	6	R1_1	tumour	/mnt/iribhm/homes/aste0033/projects/MPNST/scDNA/CHISEL/10X/FIT208A3/rdr.tsv
ACGTCAAAGTCCATAC-1	R1	10X	6	R1_1	tumour	/mnt/iribhm/homes/aste0033/projects/MPNST/scDNA/CHISEL/10X/FIT208A3/rdr.tsv
ACGTCAAGTACCTTGA-1	R1	10X	6	R1_1	tumour	/mnt/iribhm/homes/aste0033/projects/MPNST/scDNA/CHISEL/10X/FIT208A3/rdr.tsv
ACTATCTAGGCCGAAT-1	R1	10X	6	R1_1	tumour	/mnt/iribhm/homes/aste0033/projects/MPNST/scDNA/CHISEL/10X/FIT208A3/rdr.tsv
ACTGAGTCAACCTGGC-1	R1	10X	6	R1_1	tumour	/mnt/iribhm/homes/aste0033/projects/MPNST/scDNA/CHISEL/10X/FIT208A3/rdr.tsv
ACTGATGCAACTAGTC-1	R1	10X	6	R1_1	tumour	/mnt/iribhm/homes/aste0033/projects/MPNST/scDNA/CHISEL/10X/FIT208A3/rdr.tsv
ACTGCTCAGCGCGTCT-1	R1	10X	6	R1_1	tumour	/mnt/iribhm/homes/aste0033/projects/MPNST/scDNA/CHISEL/10X/FIT208A3/rdr.tsv
ACTGTCCAGACCTTTG-1	R1	10X	6	R1_1	tumour	/mnt/iribhm/homes/aste0033/projects/MPNST/scDNA/CHISEL/10X/FIT208A3/rdr.tsv
ACTTGTTAGCTAAGAT-1	R1	10X	6	R1_1	tumour	/mnt/iribhm/homes/aste0033/projects/MPNST/scDNA/CHISEL/10X/FIT208A3/rdr.tsv
ACTTTCACAGCCCATG-1	R1	10X	6	R1_1	tumour	/mnt/iribhm/homes/aste0033/projects/MPNST/scDNA/CHISEL/10X/FIT208A3/rdr.tsv
AGACGTTGTGCTCGAC-1	R1	10X	6	R1_1	tumour	/mnt/iribhm/homes/aste0033/projects/MPNST/scDNA/CHISEL/10X/FIT208A3/rdr.tsv
AGAGCTTGTCCATTGA-1	R1	10X	6	R1_1	tumour	/mnt/iribhm/homes/aste0033/projects/MPNST/scDNA/CHISEL/10X/FIT208A3/rdr.tsv
AGCATACCAACGTTTG-1	R1	10X	6	R1_1	tumour	/mnt/iribhm/homes/aste0033/projects/MPNST/scDNA/CHISEL/10X/FIT208A3/rdr.tsv
AGCTCCTCAACTCACA-1	R1	10X	6	R1_1	tumour	/mnt/iribhm/homes/aste0033/projects/MPNST/scDNA/CHISEL/10X/FIT208A3/rdr.tsv
AGCTCCTCACGTACAT-1	R1	10X	6	R1_1	tumour	/mnt/iribhm/homes/aste0033/projects/MPNST/scDNA/CHISEL/10X/FIT208A3/rdr.tsv
AGCTCCTTCAAAGTGA-1	R1	10X	6	R1_1	tumour	/mnt/iribhm/homes/aste0033/projects/MPNST/scDNA/CHISEL/10X/FIT208A3/rdr.tsv
AGCTCTCAGTGATGGC-1	R1	10X	6	R1_1	tumour	/mnt/iribhm/homes/aste0033/projects/MPNST/scDNA/CHISEL/10X/FIT208A3/rdr.tsv
AGCTCTCCAGGTGCAA-1	R1	10X	6	R1_1	tumour	/mnt/iribhm/homes/aste0033/projects/MPNST/scDNA/CHISEL/10X/FIT208A3/rdr.tsv
AGCTCTCGTACTGTTG-1	R1	10X	6	R1_1	tumour	/mnt/iribhm/homes/aste0033/projects/MPNST/scDNA/CHISEL/10X/FIT208A3/rdr.tsv
AGCTCTCGTGCATCTA-1	R1	10X	6	R1_1	tumour	/mnt/iribhm/homes/aste0033/projects/MPNST/scDNA/CHISEL/10X/FIT208A3/rdr.tsv
AGCTTGACACCGGCAT-1	R1	10X	6	R1_1	tumour	/mnt/iribhm/homes/aste0033/projects/MPNST/scDNA/CHISEL/10X/FIT208A3/rdr.tsv
AGGCCGTGTAACGAGC-1	R1	10X	6	R1_1	tumour	/mnt/iribhm/homes/aste0033/projects/MPNST/scDNA/CHISEL/10X/FIT208A3/rdr.tsv
AGGGAGTCACATCGAT-1	R1	10X	6	R1_1	tumour	/mnt/iribhm/homes/aste0033/projects/MPNST/scDNA/CHISEL/10X/FIT208A3/rdr.tsv
AGGGAGTGTACTTGCA-1	R1	10X	6	R1_1	tumour	/mnt/iribhm/homes/aste0033/projects/MPNST/scDNA/CHISEL/10X/FIT208A3/rdr.tsv
AGGGATGGTCGCTTCT-1	R1	10X	6	R1_1	tumour	/mnt/iribhm/homes/aste0033/projects/MPNST/scDNA/CHISEL/10X/FIT208A3/rdr.tsv
AGTAGTCAGTAGCCGA-1	R1	10X	6	R1_1	tumour	/mnt/iribhm/homes/aste0033/projects/MPNST/scDNA/CHISEL/10X/FIT208A3/rdr.tsv
AGTCTTTCAACCGGAA-1	R1	10X	6	R1_1	tumour	/mnt/iribhm/homes/aste0033/projects/MPNST/scDNA/CHISEL/10X/FIT208A3/rdr.tsv
AGTGAGGAGGCCCGTT-1	R1	10X	6	R1_1	tumour	/mnt/iribhm/homes/aste0033/projects/MPNST/scDNA/CHISEL/10X/FIT208A3/rdr.tsv
AGTGAGGGTTTAGCAC-1	R1	10X	6	R1_1	tumour	/mnt/iribhm/homes/aste0033/projects/MPNST/scDNA/CHISEL/10X/FIT208A3/rdr.tsv
AGTGGGAGTGGCGTCT-1	R1	10X	6	R1_1	tumour	/mnt/iribhm/homes/aste0033/projects/MPNST/scDNA/CHISEL/10X/FIT208A3/rdr.tsv
AGTGTCAGTGGCAACA-1	R1	10X	6	R1_1	tumour	/mnt/iribhm/homes/aste0033/projects/MPNST/scDNA/CHISEL/10X/FIT208A3/rdr.tsv
ATCACGAAGCCAGGAT-1	R1	10X	6	R1_1	tumour	/mnt/iribhm/homes/aste0033/projects/MPNST/scDNA/CHISEL/10X/FIT208A3/rdr.tsv
ATCCACCAGCAAAGCC-1	R1	10X	6	R1_1	tumour	/mnt/iribhm/homes/aste0033/projects/MPNST/scDNA/CHISEL/10X/FIT208A3/rdr.tsv
ATCTACTTCTTCACGC-1	R1	10X	6	R1_1	tumour	/mnt/iribhm/homes/aste0033/projects/MPNST/scDNA/CHISEL/10X/FIT208A3/rdr.tsv
ATCTGCCTCCGTAATG-1	R1	10X	6	R1_1	tumour	/mnt/iribhm/homes/aste0033/projects/MPNST/scDNA/CHISEL/10X/FIT208A3/rdr.tsv
ATGGGAGCACATTGGT-1	R1	10X	6	R1_1	tumour	/mnt/iribhm/homes/aste0033/projects/MPNST/scDNA/CHISEL/10X/FIT208A3/rdr.tsv
ATGGGAGGTCCTTGGG-1	R1	10X	6	R1_1	tumour	/mnt/iribhm/homes/aste0033/projects/MPNST/scDNA/CHISEL/10X/FIT208A3/rdr.tsv
ATGTGTGCATCTTTCA-1	R1	10X	6	R1_1	tumour	/mnt/iribhm/homes/aste0033/projects/MPNST/scDNA/CHISEL/10X/FIT208A3/rdr.tsv
ATTACTCAGCGTTGCC-1	R1	10X	6	R1_1	tumour	/mnt/iribhm/homes/aste0033/projects/MPNST/scDNA/CHISEL/10X/FIT208A3/rdr.tsv
ATTACTCGTAACTAAG-1	R1	10X	6	R1_1	tumour	/mnt/iribhm/homes/aste0033/projects/MPNST/scDNA/CHISEL/10X/FIT208A3/rdr.tsv
ATTACTCTCCTACCCA-1	R1	10X	6	R1_1	tumour	/mnt/iribhm/homes/aste0033/projects/MPNST/scDNA/CHISEL/10X/FIT208A3/rdr.tsv
ATTATCCAGTGGCACA-1	R1	10X	6	R1_1	tumour	/mnt/iribhm/homes/aste0033/projects/MPNST/scDNA/CHISEL/10X/FIT208A3/rdr.tsv
ATTCTACGTGCTTAGT-1	R1	10X	6	R1_1	tumour	/mnt/iribhm/homes/aste0033/projects/MPNST/scDNA/CHISEL/10X/FIT208A3/rdr.tsv
ATTCTACTCTCCACAC-1	R1	10X	6	R1_1	tumour	/mnt/iribhm/homes/aste0033/projects/MPNST/scDNA/CHISEL/10X/FIT208A3/rdr.tsv
ATTGGACTCGGGTCCA-1	R1	10X	6	R1_1	tumour	/mnt/iribhm/homes/aste0033/projects/MPNST/scDNA/CHISEL/10X/FIT208A3/rdr.tsv
ATTGGTGCATTACGCA-1	R1	10X	6	R1_1	tumour	/mnt/iribhm/homes/aste0033/projects/MPNST/scDNA/CHISEL/10X/FIT208A3/rdr.tsv
CAACCAACAACTACTG-1	R1	10X	6	R1_1	tumour	/mnt/iribhm/homes/aste0033/projects/MPNST/scDNA/CHISEL/10X/FIT208A3/rdr.tsv
CAACCAATCACCACGG-1	R1	10X	6	R1_1	tumour	/mnt/iribhm/homes/aste0033/projects/MPNST/scDNA/CHISEL/10X/FIT208A3/rdr.tsv
CAACCTCAGTCAAGGC-1	R1	10X	6	R1_1	tumour	/mnt/iribhm/homes/aste0033/projects/MPNST/scDNA/CHISEL/10X/FIT208A3/rdr.tsv
CAAGAAACAATGGTAA-1	R1	10X	6	R1_1	tumour	/mnt/iribhm/homes/aste0033/projects/MPNST/scDNA/CHISEL/10X/FIT208A3/rdr.tsv
CAAGAAAGTACGTGCC-1	R1	10X	6	R1_1	tumour	/mnt/iribhm/homes/aste0033/projects/MPNST/scDNA/CHISEL/10X/FIT208A3/rdr.tsv
CAAGATCAGCGAACTG-1	R1	10X	6	R1_1	tumour	/mnt/iribhm/homes/aste0033/projects/MPNST/scDNA/CHISEL/10X/FIT208A3/rdr.tsv
CAAGATCAGGCAAAGA-1	R1	10X	6	R1_1	tumour	/mnt/iribhm/homes/aste0033/projects/MPNST/scDNA/CHISEL/10X/FIT208A3/rdr.tsv
CAAGGCCTCGCAGCAC-1	R1	10X	6	R1_1	tumour	/mnt/iribhm/homes/aste0033/projects/MPNST/scDNA/CHISEL/10X/FIT208A3/rdr.tsv
CAAGTTGCATCACTGA-1	R1	10X	6	R1_1	tumour	/mnt/iribhm/homes/aste0033/projects/MPNST/scDNA/CHISEL/10X/FIT208A3/rdr.tsv
CACACCTAGTTGGCTT-1	R1	10X	6	R1_1	tumour	/mnt/iribhm/homes/aste0033/projects/MPNST/scDNA/CHISEL/10X/FIT208A3/rdr.tsv
CACACTCCAATACTGC-1	R1	10X	6	R1_1	tumour	/mnt/iribhm/homes/aste0033/projects/MPNST/scDNA/CHISEL/10X/FIT208A3/rdr.tsv
CACAGTACACTATGCA-1	R1	10X	6	R1_1	tumour	/mnt/iribhm/homes/aste0033/projects/MPNST/scDNA/CHISEL/10X/FIT208A3/rdr.tsv
CACATAGAGACTGGGT-1	R1	10X	6	R1_1	tumour	/mnt/iribhm/homes/aste0033/projects/MPNST/scDNA/CHISEL/10X/FIT208A3/rdr.tsv
CACATAGCATACAGAA-1	R1	10X	6	R1_1	tumour	/mnt/iribhm/homes/aste0033/projects/MPNST/scDNA/CHISEL/10X/FIT208A3/rdr.tsv
CACATAGCATCCCTTG-1	R1	10X	6	R1_1	tumour	/mnt/iribhm/homes/aste0033/projects/MPNST/scDNA/CHISEL/10X/FIT208A3/rdr.tsv
CACATTTAGTACGTTC-1	R1	10X	6	R1_1	tumour	/mnt/iribhm/homes/aste0033/projects/MPNST/scDNA/CHISEL/10X/FIT208A3/rdr.tsv
CACCACTCAGGTGCAA-1	R1	10X	6	R1_1	tumour	/mnt/iribhm/homes/aste0033/projects/MPNST/scDNA/CHISEL/10X/FIT208A3/rdr.tsv
CACCACTCAGTGCTTA-1	R1	10X	6	R1_1	tumour	/mnt/iribhm/homes/aste0033/projects/MPNST/scDNA/CHISEL/10X/FIT208A3/rdr.tsv
CACCAGGAGCCCAATT-1	R1	10X	6	R1_1	tumour	/mnt/iribhm/homes/aste0033/projects/MPNST/scDNA/CHISEL/10X/FIT208A3/rdr.tsv
CACTCCACAGCCCATG-1	R1	10X	6	R1_1	tumour	/mnt/iribhm/homes/aste0033/projects/MPNST/scDNA/CHISEL/10X/FIT208A3/rdr.tsv
CACTCCAGTCGCGAAA-1	R1	10X	6	R1_1	tumour	/mnt/iribhm/homes/aste0033/projects/MPNST/scDNA/CHISEL/10X/FIT208A3/rdr.tsv
CAGAGAGAGGGAACGG-1	R1	10X	6	R1_1	tumour	/mnt/iribhm/homes/aste0033/projects/MPNST/scDNA/CHISEL/10X/FIT208A3/rdr.tsv
CAGAGAGGTGTGATCT-1	R1	10X	6	R1_1	tumour	/mnt/iribhm/homes/aste0033/projects/MPNST/scDNA/CHISEL/10X/FIT208A3/rdr.tsv
CAGCATAAGAGGGCTT-1	R1	10X	6	R1_1	tumour	/mnt/iribhm/homes/aste0033/projects/MPNST/scDNA/CHISEL/10X/FIT208A3/rdr.tsv
CAGCATACAATGGCTT-1	R1	10X	6	R1_1	tumour	/mnt/iribhm/homes/aste0033/projects/MPNST/scDNA/CHISEL/10X/FIT208A3/rdr.tsv
CAGCATAGTTTCGCAA-1	R1	10X	6	R1_1	tumour	/mnt/iribhm/homes/aste0033/projects/MPNST/scDNA/CHISEL/10X/FIT208A3/rdr.tsv
CAGCGACGTCTGCGCA-1	R1	10X	6	R1_1	tumour	/mnt/iribhm/homes/aste0033/projects/MPNST/scDNA/CHISEL/10X/FIT208A3/rdr.tsv
CAGCTAACAACACCGC-1	R1	10X	6	R1_1	tumour	/mnt/iribhm/homes/aste0033/projects/MPNST/scDNA/CHISEL/10X/FIT208A3/rdr.tsv
CAGGTGCCAAATGATG-1	R1	10X	6	R1_1	tumour	/mnt/iribhm/homes/aste0033/projects/MPNST/scDNA/CHISEL/10X/FIT208A3/rdr.tsv
CAGGTGCGTTACGCGC-1	R1	10X	6	R1_1	tumour	/mnt/iribhm/homes/aste0033/projects/MPNST/scDNA/CHISEL/10X/FIT208A3/rdr.tsv
CAGTCCTTCGAACCCG-1	R1	10X	6	R1_1	tumour	/mnt/iribhm/homes/aste0033/projects/MPNST/scDNA/CHISEL/10X/FIT208A3/rdr.tsv
CATATGGAGACCTTTG-1	R1	10X	6	R1_1	tumour	/mnt/iribhm/homes/aste0033/projects/MPNST/scDNA/CHISEL/10X/FIT208A3/rdr.tsv
CATATGGAGCTTTGGT-1	R1	10X	6	R1_1	tumour	/mnt/iribhm/homes/aste0033/projects/MPNST/scDNA/CHISEL/10X/FIT208A3/rdr.tsv
CATATGGAGGATGTCG-1	R1	10X	6	R1_1	tumour	/mnt/iribhm/homes/aste0033/projects/MPNST/scDNA/CHISEL/10X/FIT208A3/rdr.tsv
CATCAAGGTGCTTAGT-1	R1	10X	6	R1_1	tumour	/mnt/iribhm/homes/aste0033/projects/MPNST/scDNA/CHISEL/10X/FIT208A3/rdr.tsv
CATCAGAAGGCCCTTG-1	R1	10X	6	R1_1	tumour	/mnt/iribhm/homes/aste0033/projects/MPNST/scDNA/CHISEL/10X/FIT208A3/rdr.tsv
CATCAGACACCTGGCA-1	R1	10X	6	R1_1	tumour	/mnt/iribhm/homes/aste0033/projects/MPNST/scDNA/CHISEL/10X/FIT208A3/rdr.tsv
CATCGAAAGCCAGGAT-1	R1	10X	6	R1_1	tumour	/mnt/iribhm/homes/aste0033/projects/MPNST/scDNA/CHISEL/10X/FIT208A3/rdr.tsv
CATCGGGTCCTTGAAG-1	R1	10X	6	R1_1	tumour	/mnt/iribhm/homes/aste0033/projects/MPNST/scDNA/CHISEL/10X/FIT208A3/rdr.tsv
CATGACAAGCGCCTCA-1	R1	10X	6	R1_1	tumour	/mnt/iribhm/homes/aste0033/projects/MPNST/scDNA/CHISEL/10X/FIT208A3/rdr.tsv
CATGCCTGTCATTACG-1	R1	10X	6	R1_1	tumour	/mnt/iribhm/homes/aste0033/projects/MPNST/scDNA/CHISEL/10X/FIT208A3/rdr.tsv
CATGGCGCAAGTGACG-1	R1	10X	6	R1_1	tumour	/mnt/iribhm/homes/aste0033/projects/MPNST/scDNA/CHISEL/10X/FIT208A3/rdr.tsv
CATTCGCTCATTCGCC-1	R1	10X	6	R1_1	tumour	/mnt/iribhm/homes/aste0033/projects/MPNST/scDNA/CHISEL/10X/FIT208A3/rdr.tsv
CCACCTATCTACAAGC-1	R1	10X	6	R1_1	tumour	/mnt/iribhm/homes/aste0033/projects/MPNST/scDNA/CHISEL/10X/FIT208A3/rdr.tsv
CCACCTATCTGATCAG-1	R1	10X	6	R1_1	tumour	/mnt/iribhm/homes/aste0033/projects/MPNST/scDNA/CHISEL/10X/FIT208A3/rdr.tsv
CCACGGATCCTACGAA-1	R1	10X	6	R1_1	tumour	/mnt/iribhm/homes/aste0033/projects/MPNST/scDNA/CHISEL/10X/FIT208A3/rdr.tsv
CCACTACGTACCAACT-1	R1	10X	6	R1_1	tumour	/mnt/iribhm/homes/aste0033/projects/MPNST/scDNA/CHISEL/10X/FIT208A3/rdr.tsv
CCACTACGTGACATGG-1	R1	10X	6	R1_1	tumour	/mnt/iribhm/homes/aste0033/projects/MPNST/scDNA/CHISEL/10X/FIT208A3/rdr.tsv
CCCAGTTTCCTATGAG-1	R1	10X	6	R1_1	tumour	/mnt/iribhm/homes/aste0033/projects/MPNST/scDNA/CHISEL/10X/FIT208A3/rdr.tsv
CCCTCCTTCGAGGAGT-1	R1	10X	6	R1_1	tumour	/mnt/iribhm/homes/aste0033/projects/MPNST/scDNA/CHISEL/10X/FIT208A3/rdr.tsv
CCCTCCTTCTGGTAGT-1	R1	10X	6	R1_1	tumour	/mnt/iribhm/homes/aste0033/projects/MPNST/scDNA/CHISEL/10X/FIT208A3/rdr.tsv
CCGGGATCACAGCTGC-1	R1	10X	6	R1_1	tumour	/mnt/iribhm/homes/aste0033/projects/MPNST/scDNA/CHISEL/10X/FIT208A3/rdr.tsv
CCGGTAGAGACAGAGA-1	R1	10X	6	R1_1	tumour	/mnt/iribhm/homes/aste0033/projects/MPNST/scDNA/CHISEL/10X/FIT208A3/rdr.tsv
CCGGTAGAGGAAACTT-1	R1	10X	6	R1_1	tumour	/mnt/iribhm/homes/aste0033/projects/MPNST/scDNA/CHISEL/10X/FIT208A3/rdr.tsv
CCGTACTAGGTAAACT-1	R1	10X	6	R1_1	tumour	/mnt/iribhm/homes/aste0033/projects/MPNST/scDNA/CHISEL/10X/FIT208A3/rdr.tsv
CCGTACTCATCTGTAG-1	R1	10X	6	R1_1	tumour	/mnt/iribhm/homes/aste0033/projects/MPNST/scDNA/CHISEL/10X/FIT208A3/rdr.tsv
CCGTACTGTTCTCTCG-1	R1	10X	6	R1_1	tumour	/mnt/iribhm/homes/aste0033/projects/MPNST/scDNA/CHISEL/10X/FIT208A3/rdr.tsv
CCGTACTTCTCGTCTG-1	R1	10X	6	R1_1	tumour	/mnt/iribhm/homes/aste0033/projects/MPNST/scDNA/CHISEL/10X/FIT208A3/rdr.tsv
CCGTGGAAGAGAACAG-1	R1	10X	6	R1_1	tumour	/mnt/iribhm/homes/aste0033/projects/MPNST/scDNA/CHISEL/10X/FIT208A3/rdr.tsv
CCGTGGACATCAGGGA-1	R1	10X	6	R1_1	tumour	/mnt/iribhm/homes/aste0033/projects/MPNST/scDNA/CHISEL/10X/FIT208A3/rdr.tsv
CCGTTCAAGAAGCCCA-1	R1	10X	6	R1_1	tumour	/mnt/iribhm/homes/aste0033/projects/MPNST/scDNA/CHISEL/10X/FIT208A3/rdr.tsv
CCGTTCACACGTGGCT-1	R1	10X	6	R1_1	tumour	/mnt/iribhm/homes/aste0033/projects/MPNST/scDNA/CHISEL/10X/FIT208A3/rdr.tsv
CCGTTCATCATCGACA-1	R1	10X	6	R1_1	tumour	/mnt/iribhm/homes/aste0033/projects/MPNST/scDNA/CHISEL/10X/FIT208A3/rdr.tsv
CCTACACAGAGTAGCC-1	R1	10X	6	R1_1	tumour	/mnt/iribhm/homes/aste0033/projects/MPNST/scDNA/CHISEL/10X/FIT208A3/rdr.tsv
CCTACACGTACGCGAA-1	R1	10X	6	R1_1	tumour	/mnt/iribhm/homes/aste0033/projects/MPNST/scDNA/CHISEL/10X/FIT208A3/rdr.tsv
CCTACACTCAAAGCGG-1	R1	10X	6	R1_1	tumour	/mnt/iribhm/homes/aste0033/projects/MPNST/scDNA/CHISEL/10X/FIT208A3/rdr.tsv
CCTACCATCTGCCGTT-1	R1	10X	6	R1_1	tumour	/mnt/iribhm/homes/aste0033/projects/MPNST/scDNA/CHISEL/10X/FIT208A3/rdr.tsv
CCTAGCTAGCCAGTAG-1	R1	10X	6	R1_1	tumour	/mnt/iribhm/homes/aste0033/projects/MPNST/scDNA/CHISEL/10X/FIT208A3/rdr.tsv
CCTAGCTCATCTAAGC-1	R1	10X	6	R1_1	tumour	/mnt/iribhm/homes/aste0033/projects/MPNST/scDNA/CHISEL/10X/FIT208A3/rdr.tsv
CCTAGCTGTGGCCTGT-1	R1	10X	6	R1_1	tumour	/mnt/iribhm/homes/aste0033/projects/MPNST/scDNA/CHISEL/10X/FIT208A3/rdr.tsv
CCTATTAAGAGCCCAA-1	R1	10X	6	R1_1	tumour	/mnt/iribhm/homes/aste0033/projects/MPNST/scDNA/CHISEL/10X/FIT208A3/rdr.tsv
CCTATTAGTACCAGCC-1	R1	10X	6	R1_1	tumour	/mnt/iribhm/homes/aste0033/projects/MPNST/scDNA/CHISEL/10X/FIT208A3/rdr.tsv
CCTATTAGTATGACTC-1	R1	10X	6	R1_1	tumour	/mnt/iribhm/homes/aste0033/projects/MPNST/scDNA/CHISEL/10X/FIT208A3/rdr.tsv
CCTCAGTAGCTTTCAG-1	R1	10X	6	R1_1	tumour	/mnt/iribhm/homes/aste0033/projects/MPNST/scDNA/CHISEL/10X/FIT208A3/rdr.tsv
CCTTCCCCATCCTGGG-1	R1	10X	6	R1_1	tumour	/mnt/iribhm/homes/aste0033/projects/MPNST/scDNA/CHISEL/10X/FIT208A3/rdr.tsv
CCTTCCCGTAGGTCGA-1	R1	10X	6	R1_1	tumour	/mnt/iribhm/homes/aste0033/projects/MPNST/scDNA/CHISEL/10X/FIT208A3/rdr.tsv
CCTTCCCTCTGCACAA-1	R1	10X	6	R1_1	tumour	/mnt/iribhm/homes/aste0033/projects/MPNST/scDNA/CHISEL/10X/FIT208A3/rdr.tsv
CCTTTCTGTCTGCCAG-1	R1	10X	6	R1_1	tumour	/mnt/iribhm/homes/aste0033/projects/MPNST/scDNA/CHISEL/10X/FIT208A3/rdr.tsv
CGAACATGTGACTGAG-1	R1	10X	6	R1_1	tumour	/mnt/iribhm/homes/aste0033/projects/MPNST/scDNA/CHISEL/10X/FIT208A3/rdr.tsv
CGAACATGTGCAACCC-1	R1	10X	6	R1_1	tumour	/mnt/iribhm/homes/aste0033/projects/MPNST/scDNA/CHISEL/10X/FIT208A3/rdr.tsv
CGAACATTCCCGCATT-1	R1	10X	6	R1_1	tumour	/mnt/iribhm/homes/aste0033/projects/MPNST/scDNA/CHISEL/10X/FIT208A3/rdr.tsv
CGAATGTTCCAGGTTA-1	R1	10X	6	R1_1	tumour	/mnt/iribhm/homes/aste0033/projects/MPNST/scDNA/CHISEL/10X/FIT208A3/rdr.tsv
CGACCTTAGTGTCTCA-1	R1	10X	6	R1_1	tumour	/mnt/iribhm/homes/aste0033/projects/MPNST/scDNA/CHISEL/10X/FIT208A3/rdr.tsv
CGACCTTCACATTGGT-1	R1	10X	6	R1_1	tumour	/mnt/iribhm/homes/aste0033/projects/MPNST/scDNA/CHISEL/10X/FIT208A3/rdr.tsv
CGACCTTCACTCTCTG-1	R1	10X	6	R1_1	tumour	/mnt/iribhm/homes/aste0033/projects/MPNST/scDNA/CHISEL/10X/FIT208A3/rdr.tsv
CGACCTTCAGACAGTG-1	R1	10X	6	R1_1	tumour	/mnt/iribhm/homes/aste0033/projects/MPNST/scDNA/CHISEL/10X/FIT208A3/rdr.tsv
CGACTTCAGAAGCCCA-1	R1	10X	6	R1_1	tumour	/mnt/iribhm/homes/aste0033/projects/MPNST/scDNA/CHISEL/10X/FIT208A3/rdr.tsv
CGAGAAGAGATGTAAC-1	R1	10X	6	R1_1	tumour	/mnt/iribhm/homes/aste0033/projects/MPNST/scDNA/CHISEL/10X/FIT208A3/rdr.tsv
CGAGAAGTCACACTAG-1	R1	10X	6	R1_1	tumour	/mnt/iribhm/homes/aste0033/projects/MPNST/scDNA/CHISEL/10X/FIT208A3/rdr.tsv
CGAGAAGTCTGAAGGG-1	R1	10X	6	R1_1	tumour	/mnt/iribhm/homes/aste0033/projects/MPNST/scDNA/CHISEL/10X/FIT208A3/rdr.tsv
CGAGCACAGAAGGACA-1	R1	10X	6	R1_1	tumour	/mnt/iribhm/homes/aste0033/projects/MPNST/scDNA/CHISEL/10X/FIT208A3/rdr.tsv
CGAGCCAGTCAGTGGA-1	R1	10X	6	R1_1	tumour	/mnt/iribhm/homes/aste0033/projects/MPNST/scDNA/CHISEL/10X/FIT208A3/rdr.tsv
CGATTGACACGGCTGT-1	R1	10X	6	R1_1	tumour	/mnt/iribhm/homes/aste0033/projects/MPNST/scDNA/CHISEL/10X/FIT208A3/rdr.tsv
CGATTGACATAGGGCA-1	R1	10X	6	R1_1	tumour	/mnt/iribhm/homes/aste0033/projects/MPNST/scDNA/CHISEL/10X/FIT208A3/rdr.tsv
CGCCAAGCATGGCTAT-1	R1	10X	6	R1_1	tumour	/mnt/iribhm/homes/aste0033/projects/MPNST/scDNA/CHISEL/10X/FIT208A3/rdr.tsv
CGCGGTACAGTGTGGA-1	R1	10X	6	R1_1	tumour	/mnt/iribhm/homes/aste0033/projects/MPNST/scDNA/CHISEL/10X/FIT208A3/rdr.tsv
CGCGTTTAGCAATCTC-1	R1	10X	6	R1_1	tumour	/mnt/iribhm/homes/aste0033/projects/MPNST/scDNA/CHISEL/10X/FIT208A3/rdr.tsv
CGCGTTTAGTCTCGTA-1	R1	10X	6	R1_1	tumour	/mnt/iribhm/homes/aste0033/projects/MPNST/scDNA/CHISEL/10X/FIT208A3/rdr.tsv
CGCGTTTCAAGTCGGA-1	R1	10X	6	R1_1	tumour	/mnt/iribhm/homes/aste0033/projects/MPNST/scDNA/CHISEL/10X/FIT208A3/rdr.tsv
CGCTATCAGGAATCGC-1	R1	10X	6	R1_1	tumour	/mnt/iribhm/homes/aste0033/projects/MPNST/scDNA/CHISEL/10X/FIT208A3/rdr.tsv
CGCTATCCACTTGTTT-1	R1	10X	6	R1_1	tumour	/mnt/iribhm/homes/aste0033/projects/MPNST/scDNA/CHISEL/10X/FIT208A3/rdr.tsv
CGGACACCATGACCGC-1	R1	10X	6	R1_1	tumour	/mnt/iribhm/homes/aste0033/projects/MPNST/scDNA/CHISEL/10X/FIT208A3/rdr.tsv
CGGACGTTCTAGACAC-1	R1	10X	6	R1_1	tumour	/mnt/iribhm/homes/aste0033/projects/MPNST/scDNA/CHISEL/10X/FIT208A3/rdr.tsv
CGGACTGCATCCAGGC-1	R1	10X	6	R1_1	tumour	/mnt/iribhm/homes/aste0033/projects/MPNST/scDNA/CHISEL/10X/FIT208A3/rdr.tsv
CGGACTGGTCCAGCCA-1	R1	10X	6	R1_1	tumour	/mnt/iribhm/homes/aste0033/projects/MPNST/scDNA/CHISEL/10X/FIT208A3/rdr.tsv
CGGAGCTAGGCAGTCA-1	R1	10X	6	R1_1	tumour	/mnt/iribhm/homes/aste0033/projects/MPNST/scDNA/CHISEL/10X/FIT208A3/rdr.tsv
CGGAGCTTCAATAGAG-1	R1	10X	6	R1_1	tumour	/mnt/iribhm/homes/aste0033/projects/MPNST/scDNA/CHISEL/10X/FIT208A3/rdr.tsv
CGGAGTCCATGGAGAC-1	R1	10X	6	R1_1	tumour	/mnt/iribhm/homes/aste0033/projects/MPNST/scDNA/CHISEL/10X/FIT208A3/rdr.tsv
CGGCTAGCACGTCGGT-1	R1	10X	6	R1_1	tumour	/mnt/iribhm/homes/aste0033/projects/MPNST/scDNA/CHISEL/10X/FIT208A3/rdr.tsv
CGGGTCAAGCCACGTC-1	R1	10X	6	R1_1	tumour	/mnt/iribhm/homes/aste0033/projects/MPNST/scDNA/CHISEL/10X/FIT208A3/rdr.tsv
CGGGTCAGTGACCCGT-1	R1	10X	6	R1_1	tumour	/mnt/iribhm/homes/aste0033/projects/MPNST/scDNA/CHISEL/10X/FIT208A3/rdr.tsv
CGGTTAACAAGAGAGA-1	R1	10X	6	R1_1	tumour	/mnt/iribhm/homes/aste0033/projects/MPNST/scDNA/CHISEL/10X/FIT208A3/rdr.tsv
CGTAGGCGTAAGAGAG-1	R1	10X	6	R1_1	tumour	/mnt/iribhm/homes/aste0033/projects/MPNST/scDNA/CHISEL/10X/FIT208A3/rdr.tsv
CGTCACTAGGCCCGTT-1	R1	10X	6	R1_1	tumour	/mnt/iribhm/homes/aste0033/projects/MPNST/scDNA/CHISEL/10X/FIT208A3/rdr.tsv
CGTCACTCATCCCTTG-1	R1	10X	6	R1_1	tumour	/mnt/iribhm/homes/aste0033/projects/MPNST/scDNA/CHISEL/10X/FIT208A3/rdr.tsv
CGTCACTTCTTGCGAA-1	R1	10X	6	R1_1	tumour	/mnt/iribhm/homes/aste0033/projects/MPNST/scDNA/CHISEL/10X/FIT208A3/rdr.tsv
CGTCAGGAGAGTACAT-1	R1	10X	6	R1_1	tumour	/mnt/iribhm/homes/aste0033/projects/MPNST/scDNA/CHISEL/10X/FIT208A3/rdr.tsv
CGTCAGGGTCAAGTTC-1	R1	10X	6	R1_1	tumour	/mnt/iribhm/homes/aste0033/projects/MPNST/scDNA/CHISEL/10X/FIT208A3/rdr.tsv
CGTCCATAGGATCCTT-1	R1	10X	6	R1_1	tumour	/mnt/iribhm/homes/aste0033/projects/MPNST/scDNA/CHISEL/10X/FIT208A3/rdr.tsv
CGTCCATCAGATCGAG-1	R1	10X	6	R1_1	tumour	/mnt/iribhm/homes/aste0033/projects/MPNST/scDNA/CHISEL/10X/FIT208A3/rdr.tsv
CGTCTACTCCAGGCAC-1	R1	10X	6	R1_1	tumour	/mnt/iribhm/homes/aste0033/projects/MPNST/scDNA/CHISEL/10X/FIT208A3/rdr.tsv
CGTTGGGTCGAGGTGA-1	R1	10X	6	R1_1	tumour	/mnt/iribhm/homes/aste0033/projects/MPNST/scDNA/CHISEL/10X/FIT208A3/rdr.tsv
CTAACTTTCTCCACAC-1	R1	10X	6	R1_1	tumour	/mnt/iribhm/homes/aste0033/projects/MPNST/scDNA/CHISEL/10X/FIT208A3/rdr.tsv
CTAAGACCATATCGTG-1	R1	10X	6	R1_1	tumour	/mnt/iribhm/homes/aste0033/projects/MPNST/scDNA/CHISEL/10X/FIT208A3/rdr.tsv
CTAATGGAGCAGACTG-1	R1	10X	6	R1_1	tumour	/mnt/iribhm/homes/aste0033/projects/MPNST/scDNA/CHISEL/10X/FIT208A3/rdr.tsv
CTACACCTCCACCGGA-1	R1	10X	6	R1_1	tumour	/mnt/iribhm/homes/aste0033/projects/MPNST/scDNA/CHISEL/10X/FIT208A3/rdr.tsv
CTACGTCTCTCGAACA-1	R1	10X	6	R1_1	tumour	/mnt/iribhm/homes/aste0033/projects/MPNST/scDNA/CHISEL/10X/FIT208A3/rdr.tsv
CTAGAGTAGACTTTCG-1	R1	10X	6	R1_1	tumour	/mnt/iribhm/homes/aste0033/projects/MPNST/scDNA/CHISEL/10X/FIT208A3/rdr.tsv
CTAGAGTTCAACGATC-1	R1	10X	6	R1_1	tumour	/mnt/iribhm/homes/aste0033/projects/MPNST/scDNA/CHISEL/10X/FIT208A3/rdr.tsv
CTAGAGTTCCGACGTG-1	R1	10X	6	R1_1	tumour	/mnt/iribhm/homes/aste0033/projects/MPNST/scDNA/CHISEL/10X/FIT208A3/rdr.tsv
CTAGAGTTCTACAGCA-1	R1	10X	6	R1_1	tumour	/mnt/iribhm/homes/aste0033/projects/MPNST/scDNA/CHISEL/10X/FIT208A3/rdr.tsv
CTAGCCTGTCCCACAG-1	R1	10X	6	R1_1	tumour	/mnt/iribhm/homes/aste0033/projects/MPNST/scDNA/CHISEL/10X/FIT208A3/rdr.tsv
CTAGCCTTCAACAGTC-1	R1	10X	6	R1_1	tumour	/mnt/iribhm/homes/aste0033/projects/MPNST/scDNA/CHISEL/10X/FIT208A3/rdr.tsv
CTAGTGAGTACTGCTA-1	R1	10X	6	R1_1	tumour	/mnt/iribhm/homes/aste0033/projects/MPNST/scDNA/CHISEL/10X/FIT208A3/rdr.tsv
CTCAGAAGTTCCGTCT-1	R1	10X	6	R1_1	tumour	/mnt/iribhm/homes/aste0033/projects/MPNST/scDNA/CHISEL/10X/FIT208A3/rdr.tsv
CTCCTAGCACGATCTA-1	R1	10X	6	R1_1	tumour	/mnt/iribhm/homes/aste0033/projects/MPNST/scDNA/CHISEL/10X/FIT208A3/rdr.tsv
CTCCTAGCATAGAGGC-1	R1	10X	6	R1_1	tumour	/mnt/iribhm/homes/aste0033/projects/MPNST/scDNA/CHISEL/10X/FIT208A3/rdr.tsv
CTCCTAGTCGCGGACT-1	R1	10X	6	R1_1	tumour	/mnt/iribhm/homes/aste0033/projects/MPNST/scDNA/CHISEL/10X/FIT208A3/rdr.tsv
CTCGAAAAGTAGATGT-1	R1	10X	6	R1_1	tumour	/mnt/iribhm/homes/aste0033/projects/MPNST/scDNA/CHISEL/10X/FIT208A3/rdr.tsv
CTCGAAAAGTGCTGCC-1	R1	10X	6	R1_1	tumour	/mnt/iribhm/homes/aste0033/projects/MPNST/scDNA/CHISEL/10X/FIT208A3/rdr.tsv
CTCGAAACACGTATGT-1	R1	10X	6	R1_1	tumour	/mnt/iribhm/homes/aste0033/projects/MPNST/scDNA/CHISEL/10X/FIT208A3/rdr.tsv
CTCGAGGTCTGGTAGT-1	R1	10X	6	R1_1	tumour	/mnt/iribhm/homes/aste0033/projects/MPNST/scDNA/CHISEL/10X/FIT208A3/rdr.tsv
CTCGGAGAGCAGGCTA-1	R1	10X	6	R1_1	tumour	/mnt/iribhm/homes/aste0033/projects/MPNST/scDNA/CHISEL/10X/FIT208A3/rdr.tsv
CTCGGAGAGGCAGGTT-1	R1	10X	6	R1_1	tumour	/mnt/iribhm/homes/aste0033/projects/MPNST/scDNA/CHISEL/10X/FIT208A3/rdr.tsv
CTCGGAGCATACAGAA-1	R1	10X	6	R1_1	tumour	/mnt/iribhm/homes/aste0033/projects/MPNST/scDNA/CHISEL/10X/FIT208A3/rdr.tsv
CTCGGGAAGCCAGTAG-1	R1	10X	6	R1_1	tumour	/mnt/iribhm/homes/aste0033/projects/MPNST/scDNA/CHISEL/10X/FIT208A3/rdr.tsv
CTCGGGATCATGTCAG-1	R1	10X	6	R1_1	tumour	/mnt/iribhm/homes/aste0033/projects/MPNST/scDNA/CHISEL/10X/FIT208A3/rdr.tsv
CTCGTACAGTCGTACT-1	R1	10X	6	R1_1	tumour	/mnt/iribhm/homes/aste0033/projects/MPNST/scDNA/CHISEL/10X/FIT208A3/rdr.tsv
CTCGTCAAGACCACGA-1	R1	10X	6	R1_1	tumour	/mnt/iribhm/homes/aste0033/projects/MPNST/scDNA/CHISEL/10X/FIT208A3/rdr.tsv
CTCTAATGTCCCTGGA-1	R1	10X	6	R1_1	tumour	/mnt/iribhm/homes/aste0033/projects/MPNST/scDNA/CHISEL/10X/FIT208A3/rdr.tsv
CTCTACGTCGTGCCTT-1	R1	10X	6	R1_1	tumour	/mnt/iribhm/homes/aste0033/projects/MPNST/scDNA/CHISEL/10X/FIT208A3/rdr.tsv
CTGAAACCAGTGCTCG-1	R1	10X	6	R1_1	tumour	/mnt/iribhm/homes/aste0033/projects/MPNST/scDNA/CHISEL/10X/FIT208A3/rdr.tsv
CTGAAGTAGTGCGTGA-1	R1	10X	6	R1_1	tumour	/mnt/iribhm/homes/aste0033/projects/MPNST/scDNA/CHISEL/10X/FIT208A3/rdr.tsv
CTGATCCCAACAGAGC-1	R1	10X	6	R1_1	tumour	/mnt/iribhm/homes/aste0033/projects/MPNST/scDNA/CHISEL/10X/FIT208A3/rdr.tsv
CTGATCCGTATGACTC-1	R1	10X	6	R1_1	tumour	/mnt/iribhm/homes/aste0033/projects/MPNST/scDNA/CHISEL/10X/FIT208A3/rdr.tsv
CTGCGGATCTGCACTC-1	R1	10X	6	R1_1	tumour	/mnt/iribhm/homes/aste0033/projects/MPNST/scDNA/CHISEL/10X/FIT208A3/rdr.tsv
CTGGTCTTCTGGCAGC-1	R1	10X	6	R1_1	tumour	/mnt/iribhm/homes/aste0033/projects/MPNST/scDNA/CHISEL/10X/FIT208A3/rdr.tsv
CTTAACTAGGCATTTC-1	R1	10X	6	R1_1	tumour	/mnt/iribhm/homes/aste0033/projects/MPNST/scDNA/CHISEL/10X/FIT208A3/rdr.tsv
CTTAACTTCGCGTGGT-1	R1	10X	6	R1_1	tumour	/mnt/iribhm/homes/aste0033/projects/MPNST/scDNA/CHISEL/10X/FIT208A3/rdr.tsv
CTTACCGCACAAACTC-1	R1	10X	6	R1_1	tumour	/mnt/iribhm/homes/aste0033/projects/MPNST/scDNA/CHISEL/10X/FIT208A3/rdr.tsv
CTTGGCTCAGACAGTG-1	R1	10X	6	R1_1	tumour	/mnt/iribhm/homes/aste0033/projects/MPNST/scDNA/CHISEL/10X/FIT208A3/rdr.tsv
CTTGGCTTCCGCGGAT-1	R1	10X	6	R1_1	tumour	/mnt/iribhm/homes/aste0033/projects/MPNST/scDNA/CHISEL/10X/FIT208A3/rdr.tsv
CTTTGCGAGTGATCGG-1	R1	10X	6	R1_1	tumour	/mnt/iribhm/homes/aste0033/projects/MPNST/scDNA/CHISEL/10X/FIT208A3/rdr.tsv
GAAACTCAGACTTGAA-1	R1	10X	6	R1_1	tumour	/mnt/iribhm/homes/aste0033/projects/MPNST/scDNA/CHISEL/10X/FIT208A3/rdr.tsv
GAAACTCTCCTTCGTG-1	R1	10X	6	R1_1	tumour	/mnt/iribhm/homes/aste0033/projects/MPNST/scDNA/CHISEL/10X/FIT208A3/rdr.tsv
GAACCTAGTATGAAAC-1	R1	10X	6	R1_1	tumour	/mnt/iribhm/homes/aste0033/projects/MPNST/scDNA/CHISEL/10X/FIT208A3/rdr.tsv
GAACCTAGTTGGGACA-1	R1	10X	6	R1_1	tumour	/mnt/iribhm/homes/aste0033/projects/MPNST/scDNA/CHISEL/10X/FIT208A3/rdr.tsv
GAACGGACACCCAAAT-1	R1	10X	6	R1_1	tumour	/mnt/iribhm/homes/aste0033/projects/MPNST/scDNA/CHISEL/10X/FIT208A3/rdr.tsv
GAACGGAGTAGACCAG-1	R1	10X	6	R1_1	tumour	/mnt/iribhm/homes/aste0033/projects/MPNST/scDNA/CHISEL/10X/FIT208A3/rdr.tsv
GAACGGAGTTCTCTCG-1	R1	10X	6	R1_1	tumour	/mnt/iribhm/homes/aste0033/projects/MPNST/scDNA/CHISEL/10X/FIT208A3/rdr.tsv
GAAGCAGTCGGATGCC-1	R1	10X	6	R1_1	tumour	/mnt/iribhm/homes/aste0033/projects/MPNST/scDNA/CHISEL/10X/FIT208A3/rdr.tsv
GAATAAGGTCGGCATC-1	R1	10X	6	R1_1	tumour	/mnt/iribhm/homes/aste0033/projects/MPNST/scDNA/CHISEL/10X/FIT208A3/rdr.tsv
GAATGAACACGTCATA-1	R1	10X	6	R1_1	tumour	/mnt/iribhm/homes/aste0033/projects/MPNST/scDNA/CHISEL/10X/FIT208A3/rdr.tsv
GAATGAATCGTCCCTA-1	R1	10X	6	R1_1	tumour	/mnt/iribhm/homes/aste0033/projects/MPNST/scDNA/CHISEL/10X/FIT208A3/rdr.tsv
GACACGCAGAGTAGCC-1	R1	10X	6	R1_1	tumour	/mnt/iribhm/homes/aste0033/projects/MPNST/scDNA/CHISEL/10X/FIT208A3/rdr.tsv
GACACGCAGGTGACCA-1	R1	10X	6	R1_1	tumour	/mnt/iribhm/homes/aste0033/projects/MPNST/scDNA/CHISEL/10X/FIT208A3/rdr.tsv
GACACGCGTAAGAAGG-1	R1	10X	6	R1_1	tumour	/mnt/iribhm/homes/aste0033/projects/MPNST/scDNA/CHISEL/10X/FIT208A3/rdr.tsv
GACAGAGTCAGGACTT-1	R1	10X	6	R1_1	tumour	/mnt/iribhm/homes/aste0033/projects/MPNST/scDNA/CHISEL/10X/FIT208A3/rdr.tsv
GACCAATGTAGATAGT-1	R1	10X	6	R1_1	tumour	/mnt/iribhm/homes/aste0033/projects/MPNST/scDNA/CHISEL/10X/FIT208A3/rdr.tsv
GACCTGGCAACCTAGT-1	R1	10X	6	R1_1	tumour	/mnt/iribhm/homes/aste0033/projects/MPNST/scDNA/CHISEL/10X/FIT208A3/rdr.tsv
GACCTGGCACAGAGCA-1	R1	10X	6	R1_1	tumour	/mnt/iribhm/homes/aste0033/projects/MPNST/scDNA/CHISEL/10X/FIT208A3/rdr.tsv
GACCTGGTCACTTTAC-1	R1	10X	6	R1_1	tumour	/mnt/iribhm/homes/aste0033/projects/MPNST/scDNA/CHISEL/10X/FIT208A3/rdr.tsv
GACGGCTAGTTAGGTA-1	R1	10X	6	R1_1	tumour	/mnt/iribhm/homes/aste0033/projects/MPNST/scDNA/CHISEL/10X/FIT208A3/rdr.tsv
GACGGCTGTGGTCAAG-1	R1	10X	6	R1_1	tumour	/mnt/iribhm/homes/aste0033/projects/MPNST/scDNA/CHISEL/10X/FIT208A3/rdr.tsv
GACGTTACACGTCGGT-1	R1	10X	6	R1_1	tumour	/mnt/iribhm/homes/aste0033/projects/MPNST/scDNA/CHISEL/10X/FIT208A3/rdr.tsv
GACTGCGGTATTGAAG-1	R1	10X	6	R1_1	tumour	/mnt/iribhm/homes/aste0033/projects/MPNST/scDNA/CHISEL/10X/FIT208A3/rdr.tsv
GACTGCGGTTATGTGC-1	R1	10X	6	R1_1	tumour	/mnt/iribhm/homes/aste0033/projects/MPNST/scDNA/CHISEL/10X/FIT208A3/rdr.tsv
GACTGCGTCTGGTCCT-1	R1	10X	6	R1_1	tumour	/mnt/iribhm/homes/aste0033/projects/MPNST/scDNA/CHISEL/10X/FIT208A3/rdr.tsv
GAGCAGAGTCAGAAGC-1	R1	10X	6	R1_1	tumour	/mnt/iribhm/homes/aste0033/projects/MPNST/scDNA/CHISEL/10X/FIT208A3/rdr.tsv
GAGGTGATCAGTTCTT-1	R1	10X	6	R1_1	tumour	/mnt/iribhm/homes/aste0033/projects/MPNST/scDNA/CHISEL/10X/FIT208A3/rdr.tsv
GAGTCCGGTGTCCTTC-1	R1	10X	6	R1_1	tumour	/mnt/iribhm/homes/aste0033/projects/MPNST/scDNA/CHISEL/10X/FIT208A3/rdr.tsv
GATCAGTGTTTCCTGC-1	R1	10X	6	R1_1	tumour	/mnt/iribhm/homes/aste0033/projects/MPNST/scDNA/CHISEL/10X/FIT208A3/rdr.tsv
GATCGATGTAGATAGT-1	R1	10X	6	R1_1	tumour	/mnt/iribhm/homes/aste0033/projects/MPNST/scDNA/CHISEL/10X/FIT208A3/rdr.tsv
GATCGATGTGCCTGGT-1	R1	10X	6	R1_1	tumour	/mnt/iribhm/homes/aste0033/projects/MPNST/scDNA/CHISEL/10X/FIT208A3/rdr.tsv
GATCTAGCACAGACCC-1	R1	10X	6	R1_1	tumour	/mnt/iribhm/homes/aste0033/projects/MPNST/scDNA/CHISEL/10X/FIT208A3/rdr.tsv
GATGAAATCAGATGTC-1	R1	10X	6	R1_1	tumour	/mnt/iribhm/homes/aste0033/projects/MPNST/scDNA/CHISEL/10X/FIT208A3/rdr.tsv
GATGAGGGTTGTAGCT-1	R1	10X	6	R1_1	tumour	/mnt/iribhm/homes/aste0033/projects/MPNST/scDNA/CHISEL/10X/FIT208A3/rdr.tsv
GATGAGGTCTCATGTT-1	R1	10X	6	R1_1	tumour	/mnt/iribhm/homes/aste0033/projects/MPNST/scDNA/CHISEL/10X/FIT208A3/rdr.tsv
GATTCAGAGCCGGTAA-1	R1	10X	6	R1_1	tumour	/mnt/iribhm/homes/aste0033/projects/MPNST/scDNA/CHISEL/10X/FIT208A3/rdr.tsv
GATTCAGGTCCATTGA-1	R1	10X	6	R1_1	tumour	/mnt/iribhm/homes/aste0033/projects/MPNST/scDNA/CHISEL/10X/FIT208A3/rdr.tsv
GCAAACTAGCACACAG-1	R1	10X	6	R1_1	tumour	/mnt/iribhm/homes/aste0033/projects/MPNST/scDNA/CHISEL/10X/FIT208A3/rdr.tsv
GCAAACTCAGTGAAAT-1	R1	10X	6	R1_1	tumour	/mnt/iribhm/homes/aste0033/projects/MPNST/scDNA/CHISEL/10X/FIT208A3/rdr.tsv
GCAAACTGTGGTGAGT-1	R1	10X	6	R1_1	tumour	/mnt/iribhm/homes/aste0033/projects/MPNST/scDNA/CHISEL/10X/FIT208A3/rdr.tsv
GCAAACTTCCTTATTG-1	R1	10X	6	R1_1	tumour	/mnt/iribhm/homes/aste0033/projects/MPNST/scDNA/CHISEL/10X/FIT208A3/rdr.tsv
GCAATCACATCCCTTG-1	R1	10X	6	R1_1	tumour	/mnt/iribhm/homes/aste0033/projects/MPNST/scDNA/CHISEL/10X/FIT208A3/rdr.tsv
GCAATCAGTGGGAAGG-1	R1	10X	6	R1_1	tumour	/mnt/iribhm/homes/aste0033/projects/MPNST/scDNA/CHISEL/10X/FIT208A3/rdr.tsv
GCACTCTCACAGACCC-1	R1	10X	6	R1_1	tumour	/mnt/iribhm/homes/aste0033/projects/MPNST/scDNA/CHISEL/10X/FIT208A3/rdr.tsv
GCAGCCAAGGTAACGC-1	R1	10X	6	R1_1	tumour	/mnt/iribhm/homes/aste0033/projects/MPNST/scDNA/CHISEL/10X/FIT208A3/rdr.tsv
GCAGCCAGTAGCAGGT-1	R1	10X	6	R1_1	tumour	/mnt/iribhm/homes/aste0033/projects/MPNST/scDNA/CHISEL/10X/FIT208A3/rdr.tsv
GCAGTTAAGTAGCGGT-1	R1	10X	6	R1_1	tumour	/mnt/iribhm/homes/aste0033/projects/MPNST/scDNA/CHISEL/10X/FIT208A3/rdr.tsv
GCATGATAGCTAGCCC-1	R1	10X	6	R1_1	tumour	/mnt/iribhm/homes/aste0033/projects/MPNST/scDNA/CHISEL/10X/FIT208A3/rdr.tsv
GCATGATCATACTTGG-1	R1	10X	6	R1_1	tumour	/mnt/iribhm/homes/aste0033/projects/MPNST/scDNA/CHISEL/10X/FIT208A3/rdr.tsv
GCATGTACATAGAGGC-1	R1	10X	6	R1_1	tumour	/mnt/iribhm/homes/aste0033/projects/MPNST/scDNA/CHISEL/10X/FIT208A3/rdr.tsv
GCATGTATCTACAAGC-1	R1	10X	6	R1_1	tumour	/mnt/iribhm/homes/aste0033/projects/MPNST/scDNA/CHISEL/10X/FIT208A3/rdr.tsv
GCCTCTATCAGCCCGA-1	R1	10X	6	R1_1	tumour	/mnt/iribhm/homes/aste0033/projects/MPNST/scDNA/CHISEL/10X/FIT208A3/rdr.tsv
GCGACCAGTTCTAGAC-1	R1	10X	6	R1_1	tumour	/mnt/iribhm/homes/aste0033/projects/MPNST/scDNA/CHISEL/10X/FIT208A3/rdr.tsv
GCGACCATCGGAATGG-1	R1	10X	6	R1_1	tumour	/mnt/iribhm/homes/aste0033/projects/MPNST/scDNA/CHISEL/10X/FIT208A3/rdr.tsv
GCGAGAAAGCGTAATA-1	R1	10X	6	R1_1	tumour	/mnt/iribhm/homes/aste0033/projects/MPNST/scDNA/CHISEL/10X/FIT208A3/rdr.tsv
GCGAGAACAAGCTATC-1	R1	10X	6	R1_1	tumour	/mnt/iribhm/homes/aste0033/projects/MPNST/scDNA/CHISEL/10X/FIT208A3/rdr.tsv
GCGGGTTGTGTCGCTG-1	R1	10X	6	R1_1	tumour	/mnt/iribhm/homes/aste0033/projects/MPNST/scDNA/CHISEL/10X/FIT208A3/rdr.tsv
GCGGGTTGTTAGAATG-1	R1	10X	6	R1_1	tumour	/mnt/iribhm/homes/aste0033/projects/MPNST/scDNA/CHISEL/10X/FIT208A3/rdr.tsv
GCGGGTTGTTTACGGT-1	R1	10X	6	R1_1	tumour	/mnt/iribhm/homes/aste0033/projects/MPNST/scDNA/CHISEL/10X/FIT208A3/rdr.tsv
GCTCCTATCAGTAAAG-1	R1	10X	6	R1_1	tumour	/mnt/iribhm/homes/aste0033/projects/MPNST/scDNA/CHISEL/10X/FIT208A3/rdr.tsv
GCTCCTATCTAGCAGT-1	R1	10X	6	R1_1	tumour	/mnt/iribhm/homes/aste0033/projects/MPNST/scDNA/CHISEL/10X/FIT208A3/rdr.tsv
GCTGCGACATAGTGGG-1	R1	10X	6	R1_1	tumour	/mnt/iribhm/homes/aste0033/projects/MPNST/scDNA/CHISEL/10X/FIT208A3/rdr.tsv
GCTGCGATCTATGCAG-1	R1	10X	6	R1_1	tumour	/mnt/iribhm/homes/aste0033/projects/MPNST/scDNA/CHISEL/10X/FIT208A3/rdr.tsv
GCTGGGTAGAAGGACA-1	R1	10X	6	R1_1	tumour	/mnt/iribhm/homes/aste0033/projects/MPNST/scDNA/CHISEL/10X/FIT208A3/rdr.tsv
GCTTCCAGTGTTTCAG-1	R1	10X	6	R1_1	tumour	/mnt/iribhm/homes/aste0033/projects/MPNST/scDNA/CHISEL/10X/FIT208A3/rdr.tsv
GGAACTTAGAGTTGGC-1	R1	10X	6	R1_1	tumour	/mnt/iribhm/homes/aste0033/projects/MPNST/scDNA/CHISEL/10X/FIT208A3/rdr.tsv
GGAACTTGTGGTAAGC-1	R1	10X	6	R1_1	tumour	/mnt/iribhm/homes/aste0033/projects/MPNST/scDNA/CHISEL/10X/FIT208A3/rdr.tsv
GGACAAGCAGGGACTA-1	R1	10X	6	R1_1	tumour	/mnt/iribhm/homes/aste0033/projects/MPNST/scDNA/CHISEL/10X/FIT208A3/rdr.tsv
GGACAAGGTGGTACAG-1	R1	10X	6	R1_1	tumour	/mnt/iribhm/homes/aste0033/projects/MPNST/scDNA/CHISEL/10X/FIT208A3/rdr.tsv
GGACAAGTCCCGGACA-1	R1	10X	6	R1_1	tumour	/mnt/iribhm/homes/aste0033/projects/MPNST/scDNA/CHISEL/10X/FIT208A3/rdr.tsv
GGACAGACACAACTTG-1	R1	10X	6	R1_1	tumour	/mnt/iribhm/homes/aste0033/projects/MPNST/scDNA/CHISEL/10X/FIT208A3/rdr.tsv
GGACAGACATCAGGGA-1	R1	10X	6	R1_1	tumour	/mnt/iribhm/homes/aste0033/projects/MPNST/scDNA/CHISEL/10X/FIT208A3/rdr.tsv
GGACAGAGTCCCACAG-1	R1	10X	6	R1_1	tumour	/mnt/iribhm/homes/aste0033/projects/MPNST/scDNA/CHISEL/10X/FIT208A3/rdr.tsv
GGACGTCCAAGAGACC-1	R1	10X	6	R1_1	tumour	/mnt/iribhm/homes/aste0033/projects/MPNST/scDNA/CHISEL/10X/FIT208A3/rdr.tsv
GGACGTCCACGTGGCT-1	R1	10X	6	R1_1	tumour	/mnt/iribhm/homes/aste0033/projects/MPNST/scDNA/CHISEL/10X/FIT208A3/rdr.tsv
GGAGCAAAGGGATCTG-1	R1	10X	6	R1_1	tumour	/mnt/iribhm/homes/aste0033/projects/MPNST/scDNA/CHISEL/10X/FIT208A3/rdr.tsv
GGAGCAAAGTTCCACA-1	R1	10X	6	R1_1	tumour	/mnt/iribhm/homes/aste0033/projects/MPNST/scDNA/CHISEL/10X/FIT208A3/rdr.tsv
GGATGTTGTTCCATGA-1	R1	10X	6	R1_1	tumour	/mnt/iribhm/homes/aste0033/projects/MPNST/scDNA/CHISEL/10X/FIT208A3/rdr.tsv
GGCCGATAGTCCAGGA-1	R1	10X	6	R1_1	tumour	/mnt/iribhm/homes/aste0033/projects/MPNST/scDNA/CHISEL/10X/FIT208A3/rdr.tsv
GGCGACTCAGTCCCTT-1	R1	10X	6	R1_1	tumour	/mnt/iribhm/homes/aste0033/projects/MPNST/scDNA/CHISEL/10X/FIT208A3/rdr.tsv
GGCGTGTGTCACCGCA-1	R1	10X	6	R1_1	tumour	/mnt/iribhm/homes/aste0033/projects/MPNST/scDNA/CHISEL/10X/FIT208A3/rdr.tsv
GGCTGGTAGTCACGCC-1	R1	10X	6	R1_1	tumour	/mnt/iribhm/homes/aste0033/projects/MPNST/scDNA/CHISEL/10X/FIT208A3/rdr.tsv
GGGAATGCAACTCATG-1	R1	10X	6	R1_1	tumour	/mnt/iribhm/homes/aste0033/projects/MPNST/scDNA/CHISEL/10X/FIT208A3/rdr.tsv
GGGAATGTCCCGCATT-1	R1	10X	6	R1_1	tumour	/mnt/iribhm/homes/aste0033/projects/MPNST/scDNA/CHISEL/10X/FIT208A3/rdr.tsv
GGGACCTGTTATGTGC-1	R1	10X	6	R1_1	tumour	/mnt/iribhm/homes/aste0033/projects/MPNST/scDNA/CHISEL/10X/FIT208A3/rdr.tsv
GGGAGATAGCGCCTCA-1	R1	10X	6	R1_1	tumour	/mnt/iribhm/homes/aste0033/projects/MPNST/scDNA/CHISEL/10X/FIT208A3/rdr.tsv
GGGAGATGTGGAAAGA-1	R1	10X	6	R1_1	tumour	/mnt/iribhm/homes/aste0033/projects/MPNST/scDNA/CHISEL/10X/FIT208A3/rdr.tsv
GGGATGATCCTGAAAC-1	R1	10X	6	R1_1	tumour	/mnt/iribhm/homes/aste0033/projects/MPNST/scDNA/CHISEL/10X/FIT208A3/rdr.tsv
GGGCATCTCCACTTCG-1	R1	10X	6	R1_1	tumour	/mnt/iribhm/homes/aste0033/projects/MPNST/scDNA/CHISEL/10X/FIT208A3/rdr.tsv
GGGTTGCCACAGAGCA-1	R1	10X	6	R1_1	tumour	/mnt/iribhm/homes/aste0033/projects/MPNST/scDNA/CHISEL/10X/FIT208A3/rdr.tsv
GGTGAAGAGACTCGGA-1	R1	10X	6	R1_1	tumour	/mnt/iribhm/homes/aste0033/projects/MPNST/scDNA/CHISEL/10X/FIT208A3/rdr.tsv
GGTGCGTTCAAGACAA-1	R1	10X	6	R1_1	tumour	/mnt/iribhm/homes/aste0033/projects/MPNST/scDNA/CHISEL/10X/FIT208A3/rdr.tsv
GGTGTTATCCAACAAC-1	R1	10X	6	R1_1	tumour	/mnt/iribhm/homes/aste0033/projects/MPNST/scDNA/CHISEL/10X/FIT208A3/rdr.tsv
GGTGTTATCGAGGTGA-1	R1	10X	6	R1_1	tumour	/mnt/iribhm/homes/aste0033/projects/MPNST/scDNA/CHISEL/10X/FIT208A3/rdr.tsv
GTAACGTAGAGGCAAA-1	R1	10X	6	R1_1	tumour	/mnt/iribhm/homes/aste0033/projects/MPNST/scDNA/CHISEL/10X/FIT208A3/rdr.tsv
GTACTCCAGGCAGTCA-1	R1	10X	6	R1_1	tumour	/mnt/iribhm/homes/aste0033/projects/MPNST/scDNA/CHISEL/10X/FIT208A3/rdr.tsv
GTACTCCCAACTCACA-1	R1	10X	6	R1_1	tumour	/mnt/iribhm/homes/aste0033/projects/MPNST/scDNA/CHISEL/10X/FIT208A3/rdr.tsv
GTAGGCCCAACATAAG-1	R1	10X	6	R1_1	tumour	/mnt/iribhm/homes/aste0033/projects/MPNST/scDNA/CHISEL/10X/FIT208A3/rdr.tsv
GTAGTCAAGCGCCTCA-1	R1	10X	6	R1_1	tumour	/mnt/iribhm/homes/aste0033/projects/MPNST/scDNA/CHISEL/10X/FIT208A3/rdr.tsv
GTAGTCATCAGTACAC-1	R1	10X	6	R1_1	tumour	/mnt/iribhm/homes/aste0033/projects/MPNST/scDNA/CHISEL/10X/FIT208A3/rdr.tsv
GTATCTTAGAGACTAT-1	R1	10X	6	R1_1	tumour	/mnt/iribhm/homes/aste0033/projects/MPNST/scDNA/CHISEL/10X/FIT208A3/rdr.tsv
GTATCTTTCGAACCCG-1	R1	10X	6	R1_1	tumour	/mnt/iribhm/homes/aste0033/projects/MPNST/scDNA/CHISEL/10X/FIT208A3/rdr.tsv
GTCACAAGTACTCACA-1	R1	10X	6	R1_1	tumour	/mnt/iribhm/homes/aste0033/projects/MPNST/scDNA/CHISEL/10X/FIT208A3/rdr.tsv
GTCACGGCAACCTGGC-1	R1	10X	6	R1_1	tumour	/mnt/iribhm/homes/aste0033/projects/MPNST/scDNA/CHISEL/10X/FIT208A3/rdr.tsv
GTCACGGCACTTGCAA-1	R1	10X	6	R1_1	tumour	/mnt/iribhm/homes/aste0033/projects/MPNST/scDNA/CHISEL/10X/FIT208A3/rdr.tsv
GTCATTTAGTCCATAC-1	R1	10X	6	R1_1	tumour	/mnt/iribhm/homes/aste0033/projects/MPNST/scDNA/CHISEL/10X/FIT208A3/rdr.tsv
GTCATTTGTTTGGCGC-1	R1	10X	6	R1_1	tumour	/mnt/iribhm/homes/aste0033/projects/MPNST/scDNA/CHISEL/10X/FIT208A3/rdr.tsv
GTCGGGTCACAGAAAT-1	R1	10X	6	R1_1	tumour	/mnt/iribhm/homes/aste0033/projects/MPNST/scDNA/CHISEL/10X/FIT208A3/rdr.tsv
GTCGTAAGTTAGCTCA-1	R1	10X	6	R1_1	tumour	/mnt/iribhm/homes/aste0033/projects/MPNST/scDNA/CHISEL/10X/FIT208A3/rdr.tsv
GTCGTAATCCTCTGCA-1	R1	10X	6	R1_1	tumour	/mnt/iribhm/homes/aste0033/projects/MPNST/scDNA/CHISEL/10X/FIT208A3/rdr.tsv
GTCTCGTCAGTACCTA-1	R1	10X	6	R1_1	tumour	/mnt/iribhm/homes/aste0033/projects/MPNST/scDNA/CHISEL/10X/FIT208A3/rdr.tsv
GTCTCGTTCCACAGCG-1	R1	10X	6	R1_1	tumour	/mnt/iribhm/homes/aste0033/projects/MPNST/scDNA/CHISEL/10X/FIT208A3/rdr.tsv
GTCTTCGAGGGATACC-1	R1	10X	6	R1_1	tumour	/mnt/iribhm/homes/aste0033/projects/MPNST/scDNA/CHISEL/10X/FIT208A3/rdr.tsv
GTGAAGGAGATCGGGT-1	R1	10X	6	R1_1	tumour	/mnt/iribhm/homes/aste0033/projects/MPNST/scDNA/CHISEL/10X/FIT208A3/rdr.tsv
GTGAAGGCATGACCGC-1	R1	10X	6	R1_1	tumour	/mnt/iribhm/homes/aste0033/projects/MPNST/scDNA/CHISEL/10X/FIT208A3/rdr.tsv
GTGCAGCAGTATGACA-1	R1	10X	6	R1_1	tumour	/mnt/iribhm/homes/aste0033/projects/MPNST/scDNA/CHISEL/10X/FIT208A3/rdr.tsv
GTGCATAAGCCCTAAT-1	R1	10X	6	R1_1	tumour	/mnt/iribhm/homes/aste0033/projects/MPNST/scDNA/CHISEL/10X/FIT208A3/rdr.tsv
GTGCATAAGGAGCGTT-1	R1	10X	6	R1_1	tumour	/mnt/iribhm/homes/aste0033/projects/MPNST/scDNA/CHISEL/10X/FIT208A3/rdr.tsv
GTGCGGTGTAAAGTCA-1	R1	10X	6	R1_1	tumour	/mnt/iribhm/homes/aste0033/projects/MPNST/scDNA/CHISEL/10X/FIT208A3/rdr.tsv
GTGCTTCCACTTGCAA-1	R1	10X	6	R1_1	tumour	/mnt/iribhm/homes/aste0033/projects/MPNST/scDNA/CHISEL/10X/FIT208A3/rdr.tsv
GTGCTTCCATTGGTCA-1	R1	10X	6	R1_1	tumour	/mnt/iribhm/homes/aste0033/projects/MPNST/scDNA/CHISEL/10X/FIT208A3/rdr.tsv
GTGGGTCAGGTACTCT-1	R1	10X	6	R1_1	tumour	/mnt/iribhm/homes/aste0033/projects/MPNST/scDNA/CHISEL/10X/FIT208A3/rdr.tsv
GTGTGCGAGCGGCTTC-1	R1	10X	6	R1_1	tumour	/mnt/iribhm/homes/aste0033/projects/MPNST/scDNA/CHISEL/10X/FIT208A3/rdr.tsv
GTGTTAGCAGAAGAAG-1	R1	10X	6	R1_1	tumour	/mnt/iribhm/homes/aste0033/projects/MPNST/scDNA/CHISEL/10X/FIT208A3/rdr.tsv
GTGTTAGCATAGACAA-1	R1	10X	6	R1_1	tumour	/mnt/iribhm/homes/aste0033/projects/MPNST/scDNA/CHISEL/10X/FIT208A3/rdr.tsv
GTTACAGCATTGAAAG-1	R1	10X	6	R1_1	tumour	/mnt/iribhm/homes/aste0033/projects/MPNST/scDNA/CHISEL/10X/FIT208A3/rdr.tsv
GTTCATTAGGAGTCTG-1	R1	10X	6	R1_1	tumour	/mnt/iribhm/homes/aste0033/projects/MPNST/scDNA/CHISEL/10X/FIT208A3/rdr.tsv
GTTCTCGAGGTGACCA-1	R1	10X	6	R1_1	tumour	/mnt/iribhm/homes/aste0033/projects/MPNST/scDNA/CHISEL/10X/FIT208A3/rdr.tsv
GTTCTCGAGTCATCCA-1	R1	10X	6	R1_1	tumour	/mnt/iribhm/homes/aste0033/projects/MPNST/scDNA/CHISEL/10X/FIT208A3/rdr.tsv
TAAACCGAGTCACGCC-1	R1	10X	6	R1_1	tumour	/mnt/iribhm/homes/aste0033/projects/MPNST/scDNA/CHISEL/10X/FIT208A3/rdr.tsv
TAAGAGAAGTGTGAAT-1	R1	10X	6	R1_1	tumour	/mnt/iribhm/homes/aste0033/projects/MPNST/scDNA/CHISEL/10X/FIT208A3/rdr.tsv
TAAGAGACAGCCAAAG-1	R1	10X	6	R1_1	tumour	/mnt/iribhm/homes/aste0033/projects/MPNST/scDNA/CHISEL/10X/FIT208A3/rdr.tsv
TAAGCGTTCGGAGAGT-1	R1	10X	6	R1_1	tumour	/mnt/iribhm/homes/aste0033/projects/MPNST/scDNA/CHISEL/10X/FIT208A3/rdr.tsv
TAAGTGCCACTCTTAT-1	R1	10X	6	R1_1	tumour	/mnt/iribhm/homes/aste0033/projects/MPNST/scDNA/CHISEL/10X/FIT208A3/rdr.tsv
TAAGTGCGTAAGTAAC-1	R1	10X	6	R1_1	tumour	/mnt/iribhm/homes/aste0033/projects/MPNST/scDNA/CHISEL/10X/FIT208A3/rdr.tsv
TAAGTGCGTCTCGGTG-1	R1	10X	6	R1_1	tumour	/mnt/iribhm/homes/aste0033/projects/MPNST/scDNA/CHISEL/10X/FIT208A3/rdr.tsv
TACCTTAAGATATGGT-1	R1	10X	6	R1_1	tumour	/mnt/iribhm/homes/aste0033/projects/MPNST/scDNA/CHISEL/10X/FIT208A3/rdr.tsv
TACCTTACACATTCAG-1	R1	10X	6	R1_1	tumour	/mnt/iribhm/homes/aste0033/projects/MPNST/scDNA/CHISEL/10X/FIT208A3/rdr.tsv
TACGGATCACGTGGCT-1	R1	10X	6	R1_1	tumour	/mnt/iribhm/homes/aste0033/projects/MPNST/scDNA/CHISEL/10X/FIT208A3/rdr.tsv
TACGGATCATCTGTAG-1	R1	10X	6	R1_1	tumour	/mnt/iribhm/homes/aste0033/projects/MPNST/scDNA/CHISEL/10X/FIT208A3/rdr.tsv
TACGGATTCCCATGTC-1	R1	10X	6	R1_1	tumour	/mnt/iribhm/homes/aste0033/projects/MPNST/scDNA/CHISEL/10X/FIT208A3/rdr.tsv
TACGGGCAGAAGATTC-1	R1	10X	6	R1_1	tumour	/mnt/iribhm/homes/aste0033/projects/MPNST/scDNA/CHISEL/10X/FIT208A3/rdr.tsv
TACGGTAGTTAAACGA-1	R1	10X	6	R1_1	tumour	/mnt/iribhm/homes/aste0033/projects/MPNST/scDNA/CHISEL/10X/FIT208A3/rdr.tsv
TACGGTATCAATCTTC-1	R1	10X	6	R1_1	tumour	/mnt/iribhm/homes/aste0033/projects/MPNST/scDNA/CHISEL/10X/FIT208A3/rdr.tsv
TACTTGTAGAGATGAG-1	R1	10X	6	R1_1	tumour	/mnt/iribhm/homes/aste0033/projects/MPNST/scDNA/CHISEL/10X/FIT208A3/rdr.tsv
TACTTGTAGCCGGTAA-1	R1	10X	6	R1_1	tumour	/mnt/iribhm/homes/aste0033/projects/MPNST/scDNA/CHISEL/10X/FIT208A3/rdr.tsv
TACTTGTGTTCTGTCC-1	R1	10X	6	R1_1	tumour	/mnt/iribhm/homes/aste0033/projects/MPNST/scDNA/CHISEL/10X/FIT208A3/rdr.tsv
TAGACCATCAACTGAC-1	R1	10X	6	R1_1	tumour	/mnt/iribhm/homes/aste0033/projects/MPNST/scDNA/CHISEL/10X/FIT208A3/rdr.tsv
TAGCCGGCAGATATCC-1	R1	10X	6	R1_1	tumour	/mnt/iribhm/homes/aste0033/projects/MPNST/scDNA/CHISEL/10X/FIT208A3/rdr.tsv
TAGGCATTCTACACCC-1	R1	10X	6	R1_1	tumour	/mnt/iribhm/homes/aste0033/projects/MPNST/scDNA/CHISEL/10X/FIT208A3/rdr.tsv
TAGTGGTTCGCTCTAC-1	R1	10X	6	R1_1	tumour	/mnt/iribhm/homes/aste0033/projects/MPNST/scDNA/CHISEL/10X/FIT208A3/rdr.tsv
TAGTGGTTCTAGCCTC-1	R1	10X	6	R1_1	tumour	/mnt/iribhm/homes/aste0033/projects/MPNST/scDNA/CHISEL/10X/FIT208A3/rdr.tsv
TATCAGGCACAGCTGC-1	R1	10X	6	R1_1	tumour	/mnt/iribhm/homes/aste0033/projects/MPNST/scDNA/CHISEL/10X/FIT208A3/rdr.tsv
TATCAGGGTTGACGGA-1	R1	10X	6	R1_1	tumour	/mnt/iribhm/homes/aste0033/projects/MPNST/scDNA/CHISEL/10X/FIT208A3/rdr.tsv
TATCTCACAGATATCC-1	R1	10X	6	R1_1	tumour	/mnt/iribhm/homes/aste0033/projects/MPNST/scDNA/CHISEL/10X/FIT208A3/rdr.tsv
TATGCCCCACTGCGCA-1	R1	10X	6	R1_1	tumour	/mnt/iribhm/homes/aste0033/projects/MPNST/scDNA/CHISEL/10X/FIT208A3/rdr.tsv
TATTACCCATATGTGC-1	R1	10X	6	R1_1	tumour	/mnt/iribhm/homes/aste0033/projects/MPNST/scDNA/CHISEL/10X/FIT208A3/rdr.tsv
TCAACGAAGCTAAACA-1	R1	10X	6	R1_1	tumour	/mnt/iribhm/homes/aste0033/projects/MPNST/scDNA/CHISEL/10X/FIT208A3/rdr.tsv
TCACAAGAGAAGGTGA-1	R1	10X	6	R1_1	tumour	/mnt/iribhm/homes/aste0033/projects/MPNST/scDNA/CHISEL/10X/FIT208A3/rdr.tsv
TCACGAAAGGGTAACC-1	R1	10X	6	R1_1	tumour	/mnt/iribhm/homes/aste0033/projects/MPNST/scDNA/CHISEL/10X/FIT208A3/rdr.tsv
TCAGATGAGTGGGTAC-1	R1	10X	6	R1_1	tumour	/mnt/iribhm/homes/aste0033/projects/MPNST/scDNA/CHISEL/10X/FIT208A3/rdr.tsv
TCAGATGCACGTCGGT-1	R1	10X	6	R1_1	tumour	/mnt/iribhm/homes/aste0033/projects/MPNST/scDNA/CHISEL/10X/FIT208A3/rdr.tsv
TCAGATGCAGCGTCAC-1	R1	10X	6	R1_1	tumour	/mnt/iribhm/homes/aste0033/projects/MPNST/scDNA/CHISEL/10X/FIT208A3/rdr.tsv
TCAGATGGTCTAGGGA-1	R1	10X	6	R1_1	tumour	/mnt/iribhm/homes/aste0033/projects/MPNST/scDNA/CHISEL/10X/FIT208A3/rdr.tsv
TCAGATGGTTGACGGA-1	R1	10X	6	R1_1	tumour	/mnt/iribhm/homes/aste0033/projects/MPNST/scDNA/CHISEL/10X/FIT208A3/rdr.tsv
TCAGCTCTCGAGCCGT-1	R1	10X	6	R1_1	tumour	/mnt/iribhm/homes/aste0033/projects/MPNST/scDNA/CHISEL/10X/FIT208A3/rdr.tsv
TCAGGATAGTGAATTG-1	R1	10X	6	R1_1	tumour	/mnt/iribhm/homes/aste0033/projects/MPNST/scDNA/CHISEL/10X/FIT208A3/rdr.tsv
TCAGGATCAATGGTAA-1	R1	10X	6	R1_1	tumour	/mnt/iribhm/homes/aste0033/projects/MPNST/scDNA/CHISEL/10X/FIT208A3/rdr.tsv
TCAGGATGTGACCCGT-1	R1	10X	6	R1_1	tumour	/mnt/iribhm/homes/aste0033/projects/MPNST/scDNA/CHISEL/10X/FIT208A3/rdr.tsv
TCATTACTCGATGGTT-1	R1	10X	6	R1_1	tumour	/mnt/iribhm/homes/aste0033/projects/MPNST/scDNA/CHISEL/10X/FIT208A3/rdr.tsv
TCCACACTCCTCCTGA-1	R1	10X	6	R1_1	tumour	/mnt/iribhm/homes/aste0033/projects/MPNST/scDNA/CHISEL/10X/FIT208A3/rdr.tsv
TCCCGATGTTATGTGC-1	R1	10X	6	R1_1	tumour	/mnt/iribhm/homes/aste0033/projects/MPNST/scDNA/CHISEL/10X/FIT208A3/rdr.tsv
TCGAGGCCAGACGAAC-1	R1	10X	6	R1_1	tumour	/mnt/iribhm/homes/aste0033/projects/MPNST/scDNA/CHISEL/10X/FIT208A3/rdr.tsv
TCGAGGCTCTGCGGGT-1	R1	10X	6	R1_1	tumour	/mnt/iribhm/homes/aste0033/projects/MPNST/scDNA/CHISEL/10X/FIT208A3/rdr.tsv
TCGCGAGAGCATGGCA-1	R1	10X	6	R1_1	tumour	/mnt/iribhm/homes/aste0033/projects/MPNST/scDNA/CHISEL/10X/FIT208A3/rdr.tsv
TCGCGAGCAGACGAGT-1	R1	10X	6	R1_1	tumour	/mnt/iribhm/homes/aste0033/projects/MPNST/scDNA/CHISEL/10X/FIT208A3/rdr.tsv
TCGCGAGTCTACACCC-1	R1	10X	6	R1_1	tumour	/mnt/iribhm/homes/aste0033/projects/MPNST/scDNA/CHISEL/10X/FIT208A3/rdr.tsv
TCGGTAATCCGAAGGA-1	R1	10X	6	R1_1	tumour	/mnt/iribhm/homes/aste0033/projects/MPNST/scDNA/CHISEL/10X/FIT208A3/rdr.tsv
TCGTACCGTTAGCTCA-1	R1	10X	6	R1_1	tumour	/mnt/iribhm/homes/aste0033/projects/MPNST/scDNA/CHISEL/10X/FIT208A3/rdr.tsv
TCGTACCTCGATTGCA-1	R1	10X	6	R1_1	tumour	/mnt/iribhm/homes/aste0033/projects/MPNST/scDNA/CHISEL/10X/FIT208A3/rdr.tsv
TCGTAGACATACGGAG-1	R1	10X	6	R1_1	tumour	/mnt/iribhm/homes/aste0033/projects/MPNST/scDNA/CHISEL/10X/FIT208A3/rdr.tsv
TCTCTAAGTTGCGGCT-1	R1	10X	6	R1_1	tumour	/mnt/iribhm/homes/aste0033/projects/MPNST/scDNA/CHISEL/10X/FIT208A3/rdr.tsv
TCTGAGATCCCAAAGT-1	R1	10X	6	R1_1	tumour	/mnt/iribhm/homes/aste0033/projects/MPNST/scDNA/CHISEL/10X/FIT208A3/rdr.tsv
TCTGGAACAGTGCTCG-1	R1	10X	6	R1_1	tumour	/mnt/iribhm/homes/aste0033/projects/MPNST/scDNA/CHISEL/10X/FIT208A3/rdr.tsv
TCTTCGGGTTCGTCAA-1	R1	10X	6	R1_1	tumour	/mnt/iribhm/homes/aste0033/projects/MPNST/scDNA/CHISEL/10X/FIT208A3/rdr.tsv
TCTTTCCAGAACAATC-1	R1	10X	6	R1_1	tumour	/mnt/iribhm/homes/aste0033/projects/MPNST/scDNA/CHISEL/10X/FIT208A3/rdr.tsv
TGAAAGAAGCGATCCC-1	R1	10X	6	R1_1	tumour	/mnt/iribhm/homes/aste0033/projects/MPNST/scDNA/CHISEL/10X/FIT208A3/rdr.tsv
TGACGGCAGCGATCCC-1	R1	10X	6	R1_1	tumour	/mnt/iribhm/homes/aste0033/projects/MPNST/scDNA/CHISEL/10X/FIT208A3/rdr.tsv
TGACGGCGTTCTAGAC-1	R1	10X	6	R1_1	tumour	/mnt/iribhm/homes/aste0033/projects/MPNST/scDNA/CHISEL/10X/FIT208A3/rdr.tsv
TGACGGCGTTTAGGAA-1	R1	10X	6	R1_1	tumour	/mnt/iribhm/homes/aste0033/projects/MPNST/scDNA/CHISEL/10X/FIT208A3/rdr.tsv
TGAGAGGAGGACAGTC-1	R1	10X	6	R1_1	tumour	/mnt/iribhm/homes/aste0033/projects/MPNST/scDNA/CHISEL/10X/FIT208A3/rdr.tsv
TGAGCATTCAGGTGAG-1	R1	10X	6	R1_1	tumour	/mnt/iribhm/homes/aste0033/projects/MPNST/scDNA/CHISEL/10X/FIT208A3/rdr.tsv
TGAGCCGTCGTTATCT-1	R1	10X	6	R1_1	tumour	/mnt/iribhm/homes/aste0033/projects/MPNST/scDNA/CHISEL/10X/FIT208A3/rdr.tsv
TGAGGGACACGAAGGT-1	R1	10X	6	R1_1	tumour	/mnt/iribhm/homes/aste0033/projects/MPNST/scDNA/CHISEL/10X/FIT208A3/rdr.tsv
TGATTTCTCCCGAATA-1	R1	10X	6	R1_1	tumour	/mnt/iribhm/homes/aste0033/projects/MPNST/scDNA/CHISEL/10X/FIT208A3/rdr.tsv
TGATTTCTCGACTTCC-1	R1	10X	6	R1_1	tumour	/mnt/iribhm/homes/aste0033/projects/MPNST/scDNA/CHISEL/10X/FIT208A3/rdr.tsv
TGATTTCTCTGAAGTC-1	R1	10X	6	R1_1	tumour	/mnt/iribhm/homes/aste0033/projects/MPNST/scDNA/CHISEL/10X/FIT208A3/rdr.tsv
TGCACCTGTTAACCTG-1	R1	10X	6	R1_1	tumour	/mnt/iribhm/homes/aste0033/projects/MPNST/scDNA/CHISEL/10X/FIT208A3/rdr.tsv
TGCACCTGTTATTGGC-1	R1	10X	6	R1_1	tumour	/mnt/iribhm/homes/aste0033/projects/MPNST/scDNA/CHISEL/10X/FIT208A3/rdr.tsv
TGCCAAATCAGGTGAG-1	R1	10X	6	R1_1	tumour	/mnt/iribhm/homes/aste0033/projects/MPNST/scDNA/CHISEL/10X/FIT208A3/rdr.tsv
TGCCCATAGTTACCCA-1	R1	10X	6	R1_1	tumour	/mnt/iribhm/homes/aste0033/projects/MPNST/scDNA/CHISEL/10X/FIT208A3/rdr.tsv
TGCCCATCAGCACACC-1	R1	10X	6	R1_1	tumour	/mnt/iribhm/homes/aste0033/projects/MPNST/scDNA/CHISEL/10X/FIT208A3/rdr.tsv
TGCCCATTCCGCTGAG-1	R1	10X	6	R1_1	tumour	/mnt/iribhm/homes/aste0033/projects/MPNST/scDNA/CHISEL/10X/FIT208A3/rdr.tsv
TGCCCTATCGGTGCAC-1	R1	10X	6	R1_1	tumour	/mnt/iribhm/homes/aste0033/projects/MPNST/scDNA/CHISEL/10X/FIT208A3/rdr.tsv
TGCGCAGGTCGCCAAC-1	R1	10X	6	R1_1	tumour	/mnt/iribhm/homes/aste0033/projects/MPNST/scDNA/CHISEL/10X/FIT208A3/rdr.tsv
TGCGCAGGTGTTTCAG-1	R1	10X	6	R1_1	tumour	/mnt/iribhm/homes/aste0033/projects/MPNST/scDNA/CHISEL/10X/FIT208A3/rdr.tsv
TGCGCAGTCGGTGCGT-1	R1	10X	6	R1_1	tumour	/mnt/iribhm/homes/aste0033/projects/MPNST/scDNA/CHISEL/10X/FIT208A3/rdr.tsv
TGCGTGGCAGGATCCC-1	R1	10X	6	R1_1	tumour	/mnt/iribhm/homes/aste0033/projects/MPNST/scDNA/CHISEL/10X/FIT208A3/rdr.tsv
TGCTACCAGTTCGATC-1	R1	10X	6	R1_1	tumour	/mnt/iribhm/homes/aste0033/projects/MPNST/scDNA/CHISEL/10X/FIT208A3/rdr.tsv
TGCTGCTTCGACCATA-1	R1	10X	6	R1_1	tumour	/mnt/iribhm/homes/aste0033/projects/MPNST/scDNA/CHISEL/10X/FIT208A3/rdr.tsv
TGGACGCCAATGGCAG-1	R1	10X	6	R1_1	tumour	/mnt/iribhm/homes/aste0033/projects/MPNST/scDNA/CHISEL/10X/FIT208A3/rdr.tsv
TGGCCAGTCCCGCATT-1	R1	10X	6	R1_1	tumour	/mnt/iribhm/homes/aste0033/projects/MPNST/scDNA/CHISEL/10X/FIT208A3/rdr.tsv
TGGCGCAAGACTGGGT-1	R1	10X	6	R1_1	tumour	/mnt/iribhm/homes/aste0033/projects/MPNST/scDNA/CHISEL/10X/FIT208A3/rdr.tsv
TGGCGCAAGGCCCTCA-1	R1	10X	6	R1_1	tumour	/mnt/iribhm/homes/aste0033/projects/MPNST/scDNA/CHISEL/10X/FIT208A3/rdr.tsv
TGGGAAGTCACCACGG-1	R1	10X	6	R1_1	tumour	/mnt/iribhm/homes/aste0033/projects/MPNST/scDNA/CHISEL/10X/FIT208A3/rdr.tsv
TGGGAAGTCATCGACA-1	R1	10X	6	R1_1	tumour	/mnt/iribhm/homes/aste0033/projects/MPNST/scDNA/CHISEL/10X/FIT208A3/rdr.tsv
TGGGAAGTCGTAGGGA-1	R1	10X	6	R1_1	tumour	/mnt/iribhm/homes/aste0033/projects/MPNST/scDNA/CHISEL/10X/FIT208A3/rdr.tsv
TGGGCGTCATGGCTCG-1	R1	10X	6	R1_1	tumour	/mnt/iribhm/homes/aste0033/projects/MPNST/scDNA/CHISEL/10X/FIT208A3/rdr.tsv
TGGTTAGAGCTACCTA-1	R1	10X	6	R1_1	tumour	/mnt/iribhm/homes/aste0033/projects/MPNST/scDNA/CHISEL/10X/FIT208A3/rdr.tsv
TGGTTAGAGCTGAACG-1	R1	10X	6	R1_1	tumour	/mnt/iribhm/homes/aste0033/projects/MPNST/scDNA/CHISEL/10X/FIT208A3/rdr.tsv
TGGTTCCTCTGCACAA-1	R1	10X	6	R1_1	tumour	/mnt/iribhm/homes/aste0033/projects/MPNST/scDNA/CHISEL/10X/FIT208A3/rdr.tsv
TGTATTCTCCACTTCG-1	R1	10X	6	R1_1	tumour	/mnt/iribhm/homes/aste0033/projects/MPNST/scDNA/CHISEL/10X/FIT208A3/rdr.tsv
TGTCCCATCCGTACCT-1	R1	10X	6	R1_1	tumour	/mnt/iribhm/homes/aste0033/projects/MPNST/scDNA/CHISEL/10X/FIT208A3/rdr.tsv
TGTCCCATCGACCATA-1	R1	10X	6	R1_1	tumour	/mnt/iribhm/homes/aste0033/projects/MPNST/scDNA/CHISEL/10X/FIT208A3/rdr.tsv
TGTGGTACAACGACTT-1	R1	10X	6	R1_1	tumour	/mnt/iribhm/homes/aste0033/projects/MPNST/scDNA/CHISEL/10X/FIT208A3/rdr.tsv
TGTGGTATCGACAATC-1	R1	10X	6	R1_1	tumour	/mnt/iribhm/homes/aste0033/projects/MPNST/scDNA/CHISEL/10X/FIT208A3/rdr.tsv
TGTGTTTCACGAGCTC-1	R1	10X	6	R1_1	tumour	/mnt/iribhm/homes/aste0033/projects/MPNST/scDNA/CHISEL/10X/FIT208A3/rdr.tsv
TGTTCCGAGGCTCATT-1	R1	10X	6	R1_1	tumour	/mnt/iribhm/homes/aste0033/projects/MPNST/scDNA/CHISEL/10X/FIT208A3/rdr.tsv
TTAACTCCAACTCACA-1	R1	10X	6	R1_1	tumour	/mnt/iribhm/homes/aste0033/projects/MPNST/scDNA/CHISEL/10X/FIT208A3/rdr.tsv
TTAGGACAGCAGAGAA-1	R1	10X	6	R1_1	tumour	/mnt/iribhm/homes/aste0033/projects/MPNST/scDNA/CHISEL/10X/FIT208A3/rdr.tsv
TTAGTTCAGCGTCTAT-1	R1	10X	6	R1_1	tumour	/mnt/iribhm/homes/aste0033/projects/MPNST/scDNA/CHISEL/10X/FIT208A3/rdr.tsv
TTAGTTCTCTGTATGG-1	R1	10X	6	R1_1	tumour	/mnt/iribhm/homes/aste0033/projects/MPNST/scDNA/CHISEL/10X/FIT208A3/rdr.tsv
TTATGCTAGGGTGTTG-1	R1	10X	6	R1_1	tumour	/mnt/iribhm/homes/aste0033/projects/MPNST/scDNA/CHISEL/10X/FIT208A3/rdr.tsv
TTATGCTCATGACTCA-1	R1	10X	6	R1_1	tumour	/mnt/iribhm/homes/aste0033/projects/MPNST/scDNA/CHISEL/10X/FIT208A3/rdr.tsv
TTATGCTGTGATGTTC-1	R1	10X	6	R1_1	tumour	/mnt/iribhm/homes/aste0033/projects/MPNST/scDNA/CHISEL/10X/FIT208A3/rdr.tsv
TTCGGTCCAACCGGAA-1	R1	10X	6	R1_1	tumour	/mnt/iribhm/homes/aste0033/projects/MPNST/scDNA/CHISEL/10X/FIT208A3/rdr.tsv
TTCTACAGTCATCTAG-1	R1	10X	6	R1_1	tumour	/mnt/iribhm/homes/aste0033/projects/MPNST/scDNA/CHISEL/10X/FIT208A3/rdr.tsv
TTCTCCTCATAGGGCA-1	R1	10X	6	R1_1	tumour	/mnt/iribhm/homes/aste0033/projects/MPNST/scDNA/CHISEL/10X/FIT208A3/rdr.tsv
TTCTCCTGTCCGAAGA-1	R1	10X	6	R1_1	tumour	/mnt/iribhm/homes/aste0033/projects/MPNST/scDNA/CHISEL/10X/FIT208A3/rdr.tsv
TTCTCCTTCCTGCGTT-1	R1	10X	6	R1_1	tumour	/mnt/iribhm/homes/aste0033/projects/MPNST/scDNA/CHISEL/10X/FIT208A3/rdr.tsv
TTCTTAGCAATAACAG-1	R1	10X	6	R1_1	tumour	/mnt/iribhm/homes/aste0033/projects/MPNST/scDNA/CHISEL/10X/FIT208A3/rdr.tsv
TTGAACGGTAGGTCGA-1	R1	10X	6	R1_1	tumour	/mnt/iribhm/homes/aste0033/projects/MPNST/scDNA/CHISEL/10X/FIT208A3/rdr.tsv
TTGACTTAGACTGGCA-1	R1	10X	6	R1_1	tumour	/mnt/iribhm/homes/aste0033/projects/MPNST/scDNA/CHISEL/10X/FIT208A3/rdr.tsv
TTGGCAACACGACTAT-1	R1	10X	6	R1_1	tumour	/mnt/iribhm/homes/aste0033/projects/MPNST/scDNA/CHISEL/10X/FIT208A3/rdr.tsv
TTTATGCGTTGCGGCT-1	R1	10X	6	R1_1	tumour	/mnt/iribhm/homes/aste0033/projects/MPNST/scDNA/CHISEL/10X/FIT208A3/rdr.tsv
TTTCCTCAGACTAGGC-1	R1	10X	6	R1_1	tumour	/mnt/iribhm/homes/aste0033/projects/MPNST/scDNA/CHISEL/10X/FIT208A3/rdr.tsv
TTTCCTCAGTAGTATG-1	R1	10X	6	R1_1	tumour	/mnt/iribhm/homes/aste0033/projects/MPNST/scDNA/CHISEL/10X/FIT208A3/rdr.tsv
TTTCCTCTCATCAGCA-1	R1	10X	6	R1_1	tumour	/mnt/iribhm/homes/aste0033/projects/MPNST/scDNA/CHISEL/10X/FIT208A3/rdr.tsv
TTTCCTCTCGGGTCAC-1	R1	10X	6	R1_1	tumour	/mnt/iribhm/homes/aste0033/projects/MPNST/scDNA/CHISEL/10X/FIT208A3/rdr.tsv
TTTGCGCGTATAAGTG-1	R1	10X	6	R1_1	tumour	/mnt/iribhm/homes/aste0033/projects/MPNST/scDNA/CHISEL/10X/FIT208A3/rdr.tsv
TTTGCGCTCTGGCAGC-1	R1	10X	6	R1_1	tumour	/mnt/iribhm/homes/aste0033/projects/MPNST/scDNA/CHISEL/10X/FIT208A3/rdr.tsv
TTTGGTTAGCATTCAC-1	R1	10X	6	R1_1	tumour	/mnt/iribhm/homes/aste0033/projects/MPNST/scDNA/CHISEL/10X/FIT208A3/rdr.tsv
TTTGTCACAAAGTGGC-1	R1	10X	6	R1_1	tumour	/mnt/iribhm/homes/aste0033/projects/MPNST/scDNA/CHISEL/10X/FIT208A3/rdr.tsv
TTTGTCACAGAAGACC-1	R1	10X	6	R1_1	tumour	/mnt/iribhm/homes/aste0033/projects/MPNST/scDNA/CHISEL/10X/FIT208A3/rdr.tsv
TTTGTCAGTCTCTCGT-1	R2	10X	6	R1_1	tumour	/mnt/iribhm/homes/aste0033/projects/MPNST/scDNA/CHISEL/10X/FIT208A4/rdr.tsv
TTTGTCATCATCACTT-1	R1	10X	6	R1_1	tumour	/mnt/iribhm/homes/aste0033/projects/MPNST/scDNA/CHISEL/10X/FIT208A3/rdr.tsv
LES4677A1_124574_15x_11y	R1	DLP	6	R1_1	tumour	/srv/home/aste0033/projects/MPNST/scDNA/CHISEL/DLPp/R1/rdr.tsv
LES4677A1_124574_15x_26y	R1	DLP	6	R1_1	tumour	/srv/home/aste0033/projects/MPNST/scDNA/CHISEL/DLPp/R1/rdr.tsv
LES4677A1_124574_17x_35y	R1	DLP	6	R1_1	tumour	/srv/home/aste0033/projects/MPNST/scDNA/CHISEL/DLPp/R1/rdr.tsv
LES4677A1_124574_18x_14y	R1	DLP	6	R1_1	tumour	/srv/home/aste0033/projects/MPNST/scDNA/CHISEL/DLPp/R1/rdr.tsv
LES4677A1_124574_19x_15y	R1	DLP	6	R1_1	tumour	/srv/home/aste0033/projects/MPNST/scDNA/CHISEL/DLPp/R1/rdr.tsv
LES4677A1_124574_21x_17y	R1	DLP	6	R1_1	tumour	/srv/home/aste0033/projects/MPNST/scDNA/CHISEL/DLPp/R1/rdr.tsv
LES4677A1_124574_21x_25y	R1	DLP	6	R1_1	tumour	/srv/home/aste0033/projects/MPNST/scDNA/CHISEL/DLPp/R1/rdr.tsv
LES4677A1_124574_22x_13y	R1	DLP	6	R1_1	tumour	/srv/home/aste0033/projects/MPNST/scDNA/CHISEL/DLPp/R1/rdr.tsv
LES4677A1_124574_22x_21y	R1	DLP	6	R1_1	tumour	/srv/home/aste0033/projects/MPNST/scDNA/CHISEL/DLPp/R1/rdr.tsv
LES4677A1_124574_22x_26y	R1	DLP	6	R1_1	tumour	/srv/home/aste0033/projects/MPNST/scDNA/CHISEL/DLPp/R1/rdr.tsv
LES4677A1_124574_22x_34y	R1	DLP	6	R1_1	tumour	/srv/home/aste0033/projects/MPNST/scDNA/CHISEL/DLPp/R1/rdr.tsv
LES4677A1_124574_22x_35y	R1	DLP	6	R1_1	tumour	/srv/home/aste0033/projects/MPNST/scDNA/CHISEL/DLPp/R1/rdr.tsv
LES4677A1_124574_23x_15y	R1	DLP	6	R1_1	tumour	/srv/home/aste0033/projects/MPNST/scDNA/CHISEL/DLPp/R1/rdr.tsv
LES4677A1_124574_24x_12y	R1	DLP	6	R1_1	tumour	/srv/home/aste0033/projects/MPNST/scDNA/CHISEL/DLPp/R1/rdr.tsv
LES4677A1_124574_25x_21y	R1	DLP	6	R1_1	tumour	/srv/home/aste0033/projects/MPNST/scDNA/CHISEL/DLPp/R1/rdr.tsv
LES4677A1_124574_26x_23y	R1	DLP	6	R1_1	tumour	/srv/home/aste0033/projects/MPNST/scDNA/CHISEL/DLPp/R1/rdr.tsv
LES4677A1_124574_26x_27y	R1	DLP	6	R1_1	tumour	/srv/home/aste0033/projects/MPNST/scDNA/CHISEL/DLPp/R1/rdr.tsv
LES4677A1_124574_30x_34y	R1	DLP	6	R1_1	tumour	/srv/home/aste0033/projects/MPNST/scDNA/CHISEL/DLPp/R1/rdr.tsv
LES4677A1_124574_31x_17y	R1	DLP	6	R1_1	tumour	/srv/home/aste0033/projects/MPNST/scDNA/CHISEL/DLPp/R1/rdr.tsv
LES4677A1_124574_32x_20y	R1	DLP	6	R1_1	tumour	/srv/home/aste0033/projects/MPNST/scDNA/CHISEL/DLPp/R1/rdr.tsv
LES4677A1_124574_32x_21y	R1	DLP	6	R1_1	tumour	/srv/home/aste0033/projects/MPNST/scDNA/CHISEL/DLPp/R1/rdr.tsv
LES4677A1_124574_32x_22y	R1	DLP	6	R1_1	tumour	/srv/home/aste0033/projects/MPNST/scDNA/CHISEL/DLPp/R1/rdr.tsv
LES4677A1_124574_32x_24y	R1	DLP	6	R1_1	tumour	/srv/home/aste0033/projects/MPNST/scDNA/CHISEL/DLPp/R1/rdr.tsv
LES4677A1_124574_32x_28y	R1	DLP	6	R1_1	tumour	/srv/home/aste0033/projects/MPNST/scDNA/CHISEL/DLPp/R1/rdr.tsv
LES4677A1_124574_34x_22y	R1	DLP	6	R1_1	tumour	/srv/home/aste0033/projects/MPNST/scDNA/CHISEL/DLPp/R1/rdr.tsv
LES4677A1_124574_34x_23y	R1	DLP	6	R1_1	tumour	/srv/home/aste0033/projects/MPNST/scDNA/CHISEL/DLPp/R1/rdr.tsv
LES4677A1_124574_35x_23y	R1	DLP	6	R1_1	tumour	/srv/home/aste0033/projects/MPNST/scDNA/CHISEL/DLPp/R1/rdr.tsv
LES4677A1_124574_36x_23y	R1	DLP	6	R1_1	tumour	/srv/home/aste0033/projects/MPNST/scDNA/CHISEL/DLPp/R1/rdr.tsv
LES4677A1_124574_38x_31y	R1	DLP	6	R1_1	tumour	/srv/home/aste0033/projects/MPNST/scDNA/CHISEL/DLPp/R1/rdr.tsv
LES4677A1_124574_39x_27y	R1	DLP	6	R1_1	tumour	/srv/home/aste0033/projects/MPNST/scDNA/CHISEL/DLPp/R1/rdr.tsv
LES4677A1_124574_40x_11y	R1	DLP	6	R1_1	tumour	/srv/home/aste0033/projects/MPNST/scDNA/CHISEL/DLPp/R1/rdr.tsv
LES4677A1_124574_40x_20y	R1	DLP	6	R1_1	tumour	/srv/home/aste0033/projects/MPNST/scDNA/CHISEL/DLPp/R1/rdr.tsv
LES4677A1_124574_40x_26y	R1	DLP	6	R1_1	tumour	/srv/home/aste0033/projects/MPNST/scDNA/CHISEL/DLPp/R1/rdr.tsv
LES4677A1_124574_40x_30y	R1	DLP	6	R1_1	tumour	/srv/home/aste0033/projects/MPNST/scDNA/CHISEL/DLPp/R1/rdr.tsv
LES4677A1_124574_40x_31y	R1	DLP	6	R1_1	tumour	/srv/home/aste0033/projects/MPNST/scDNA/CHISEL/DLPp/R1/rdr.tsv
LES4677A1_124574_40x_32y	R1	DLP	6	R1_1	tumour	/srv/home/aste0033/projects/MPNST/scDNA/CHISEL/DLPp/R1/rdr.tsv
LES4677A1_124574_41x_13y	R1	DLP	6	R1_1	tumour	/srv/home/aste0033/projects/MPNST/scDNA/CHISEL/DLPp/R1/rdr.tsv
LES4677A1_124574_41x_35y	R1	DLP	6	R1_1	tumour	/srv/home/aste0033/projects/MPNST/scDNA/CHISEL/DLPp/R1/rdr.tsv
LES4677A1_124574_42x_29y	R1	DLP	6	R1_1	tumour	/srv/home/aste0033/projects/MPNST/scDNA/CHISEL/DLPp/R1/rdr.tsv
LES4677A1_124574_43x_33y	R1	DLP	6	R1_1	tumour	/srv/home/aste0033/projects/MPNST/scDNA/CHISEL/DLPp/R1/rdr.tsv
LES4677A1_124574_44x_23y	R1	DLP	6	R1_1	tumour	/srv/home/aste0033/projects/MPNST/scDNA/CHISEL/DLPp/R1/rdr.tsv
LES4677A1_124574_47x_13y	R1	DLP	6	R1_1	tumour	/srv/home/aste0033/projects/MPNST/scDNA/CHISEL/DLPp/R1/rdr.tsv
LES4677A1_124574_49x_31y	R1	DLP	6	R1_1	tumour	/srv/home/aste0033/projects/MPNST/scDNA/CHISEL/DLPp/R1/rdr.tsv
LES4677A1_124574_50x_22y	R1	DLP	6	R1_1	tumour	/srv/home/aste0033/projects/MPNST/scDNA/CHISEL/DLPp/R1/rdr.tsv
LES4677A1_124574_51x_18y	R1	DLP	6	R1_1	tumour	/srv/home/aste0033/projects/MPNST/scDNA/CHISEL/DLPp/R1/rdr.tsv
LES4677A1_124574_51x_21y	R1	DLP	6	R1_1	tumour	/srv/home/aste0033/projects/MPNST/scDNA/CHISEL/DLPp/R1/rdr.tsv
LES4677A1_124574_52x_25y	R1	DLP	6	R1_1	tumour	/srv/home/aste0033/projects/MPNST/scDNA/CHISEL/DLPp/R1/rdr.tsv
LES4677A1_124574_53x_20y	R1	DLP	6	R1_1	tumour	/srv/home/aste0033/projects/MPNST/scDNA/CHISEL/DLPp/R1/rdr.tsv
LES4677A1_124574_53x_34y	R1	DLP	6	R1_1	tumour	/srv/home/aste0033/projects/MPNST/scDNA/CHISEL/DLPp/R1/rdr.tsv
LES4677A1_124574_54x_31y	R1	DLP	6	R1_1	tumour	/srv/home/aste0033/projects/MPNST/scDNA/CHISEL/DLPp/R1/rdr.tsv
LES4677A1_124574_54x_34y	R1	DLP	6	R1_1	tumour	/srv/home/aste0033/projects/MPNST/scDNA/CHISEL/DLPp/R1/rdr.tsv
LES4677A1_124574_55x_21y	R1	DLP	6	R1_1	tumour	/srv/home/aste0033/projects/MPNST/scDNA/CHISEL/DLPp/R1/rdr.tsv
LES4677A1_124574_55x_31y	R1	DLP	6	R1_1	tumour	/srv/home/aste0033/projects/MPNST/scDNA/CHISEL/DLPp/R1/rdr.tsv
LES4677A1_124574_56x_12y	R1	DLP	6	R1_1	tumour	/srv/home/aste0033/projects/MPNST/scDNA/CHISEL/DLPp/R1/rdr.tsv
LES4677A1_124574_56x_30y	R1	DLP	6	R1_1	tumour	/srv/home/aste0033/projects/MPNST/scDNA/CHISEL/DLPp/R1/rdr.tsv
LES4677A1_124574_56x_34y	R1	DLP	6	R1_1	tumour	/srv/home/aste0033/projects/MPNST/scDNA/CHISEL/DLPp/R1/rdr.tsv
LES4677A1_124574_57x_12y	R1	DLP	6	R1_1	tumour	/srv/home/aste0033/projects/MPNST/scDNA/CHISEL/DLPp/R1/rdr.tsv
LES4677A1_124574_58x_30y	R1	DLP	6	R1_1	tumour	/srv/home/aste0033/projects/MPNST/scDNA/CHISEL/DLPp/R1/rdr.tsv
LES4677A1_124574_58x_33y	R1	DLP	6	R1_1	tumour	/srv/home/aste0033/projects/MPNST/scDNA/CHISEL/DLPp/R1/rdr.tsv
LES4677A1_124574_59x_11y	R1	DLP	6	R1_1	tumour	/srv/home/aste0033/projects/MPNST/scDNA/CHISEL/DLPp/R1/rdr.tsv
LES4677A1_124574_59x_16y	R1	DLP	6	R1_1	tumour	/srv/home/aste0033/projects/MPNST/scDNA/CHISEL/DLPp/R1/rdr.tsv
LES4677A1_124574_59x_33y	R1	DLP	6	R1_1	tumour	/srv/home/aste0033/projects/MPNST/scDNA/CHISEL/DLPp/R1/rdr.tsv
LES4677A1_124574_59x_34y	R1	DLP	6	R1_1	tumour	/srv/home/aste0033/projects/MPNST/scDNA/CHISEL/DLPp/R1/rdr.tsv
LES4677A1_124574_62x_23y	R1	DLP	6	R1_1	tumour	/srv/home/aste0033/projects/MPNST/scDNA/CHISEL/DLPp/R1/rdr.tsv
AAAGATGGTTCAGTAC-1	R1	10X	17	R1_2	tumour	/mnt/iribhm/homes/aste0033/projects/MPNST/scDNA/CHISEL/10X/FIT208A3/rdr.tsv
AAAGTAGTCTGGCAGC-1	R1	10X	17	R1_2	tumour	/mnt/iribhm/homes/aste0033/projects/MPNST/scDNA/CHISEL/10X/FIT208A3/rdr.tsv
AACCATGCAGCCCATG-1	R1	10X	17	R1_2	tumour	/mnt/iribhm/homes/aste0033/projects/MPNST/scDNA/CHISEL/10X/FIT208A3/rdr.tsv
AACGTTGGTACTCCGG-1	R1	10X	17	R1_2	tumour	/mnt/iribhm/homes/aste0033/projects/MPNST/scDNA/CHISEL/10X/FIT208A3/rdr.tsv
AACGTTGTCATCTCCG-1	R5	10X	17	R1_2	tumour	/mnt/iribhm/homes/aste0033/projects/MPNST/scDNA/CHISEL/10X/FIT208A7/rdr.tsv
AACTCTTTCCTACGAA-1	R1	10X	17	R1_2	tumour	/mnt/iribhm/homes/aste0033/projects/MPNST/scDNA/CHISEL/10X/FIT208A3/rdr.tsv
AACTGGTTCCGAAGGA-1	R5	10X	17	R1_2	tumour	/mnt/iribhm/homes/aste0033/projects/MPNST/scDNA/CHISEL/10X/FIT208A7/rdr.tsv
AACTTTCAGTTAGGGC-1	R1	10X	17	R1_2	tumour	/mnt/iribhm/homes/aste0033/projects/MPNST/scDNA/CHISEL/10X/FIT208A3/rdr.tsv
AAGGCAGAGCGGATCA-1	R1	10X	17	R1_2	tumour	/mnt/iribhm/homes/aste0033/projects/MPNST/scDNA/CHISEL/10X/FIT208A3/rdr.tsv
AAGGCAGCATGATAAG-1	R2	10X	17	R1_2	tumour	/mnt/iribhm/homes/aste0033/projects/MPNST/scDNA/CHISEL/10X/FIT208A4/rdr.tsv
AAGGTTCCACTTTCCG-1	R5	10X	17	R1_2	tumour	/mnt/iribhm/homes/aste0033/projects/MPNST/scDNA/CHISEL/10X/FIT208A7/rdr.tsv
AATCCAGCAAGAATCA-1	R1	10X	17	R1_2	tumour	/mnt/iribhm/homes/aste0033/projects/MPNST/scDNA/CHISEL/10X/FIT208A3/rdr.tsv
AATCGGTAGCGCGATA-1	R1	10X	17	R1_2	tumour	/mnt/iribhm/homes/aste0033/projects/MPNST/scDNA/CHISEL/10X/FIT208A3/rdr.tsv
ACACCAAGTACGTGCC-1	R1	10X	17	R1_2	tumour	/mnt/iribhm/homes/aste0033/projects/MPNST/scDNA/CHISEL/10X/FIT208A3/rdr.tsv
ACACCCTCACGATAGG-1	R5	10X	17	R1_2	tumour	/mnt/iribhm/homes/aste0033/projects/MPNST/scDNA/CHISEL/10X/FIT208A7/rdr.tsv
ACACCCTGTTAAAGGT-1	R1	10X	17	R1_2	tumour	/mnt/iribhm/homes/aste0033/projects/MPNST/scDNA/CHISEL/10X/FIT208A3/rdr.tsv
ACACCGGCAGGGACTA-1	R1	10X	17	R1_2	tumour	/mnt/iribhm/homes/aste0033/projects/MPNST/scDNA/CHISEL/10X/FIT208A3/rdr.tsv
ACACTGAAGCTGCACC-1	R1	10X	17	R1_2	tumour	/mnt/iribhm/homes/aste0033/projects/MPNST/scDNA/CHISEL/10X/FIT208A3/rdr.tsv
ACATACGAGGAGCGTT-1	R1	10X	17	R1_2	tumour	/mnt/iribhm/homes/aste0033/projects/MPNST/scDNA/CHISEL/10X/FIT208A3/rdr.tsv
ACCGTAAAGGGTAGGG-1	R1	10X	17	R1_2	tumour	/mnt/iribhm/homes/aste0033/projects/MPNST/scDNA/CHISEL/10X/FIT208A3/rdr.tsv
ACGGCCAAGAGACTTA-1	R1	10X	17	R1_2	tumour	/mnt/iribhm/homes/aste0033/projects/MPNST/scDNA/CHISEL/10X/FIT208A3/rdr.tsv
ACGGCCAAGGCCGAAT-1	R1	10X	17	R1_2	tumour	/mnt/iribhm/homes/aste0033/projects/MPNST/scDNA/CHISEL/10X/FIT208A3/rdr.tsv
ACGGGTCTCGAATGTC-1	R1	10X	17	R1_2	tumour	/mnt/iribhm/homes/aste0033/projects/MPNST/scDNA/CHISEL/10X/FIT208A3/rdr.tsv
ACGGGTCTCGCCAACG-1	R1	10X	17	R1_2	tumour	/mnt/iribhm/homes/aste0033/projects/MPNST/scDNA/CHISEL/10X/FIT208A3/rdr.tsv
ACTGAGTCATGTATGC-1	R1	10X	17	R1_2	tumour	/mnt/iribhm/homes/aste0033/projects/MPNST/scDNA/CHISEL/10X/FIT208A3/rdr.tsv
ACTGATGGTCGGATGA-1	R1	10X	17	R1_2	tumour	/mnt/iribhm/homes/aste0033/projects/MPNST/scDNA/CHISEL/10X/FIT208A3/rdr.tsv
AGAGCGAGTCAATTCG-1	R1	10X	17	R1_2	tumour	/mnt/iribhm/homes/aste0033/projects/MPNST/scDNA/CHISEL/10X/FIT208A3/rdr.tsv
AGAGTGGAGGCCATAG-1	R1	10X	17	R1_2	tumour	/mnt/iribhm/homes/aste0033/projects/MPNST/scDNA/CHISEL/10X/FIT208A3/rdr.tsv
AGATTGCTCCGAGTCG-1	R1	10X	17	R1_2	tumour	/mnt/iribhm/homes/aste0033/projects/MPNST/scDNA/CHISEL/10X/FIT208A3/rdr.tsv
AGCATACCAGAGCTCC-1	R5	10X	17	R1_2	tumour	/mnt/iribhm/homes/aste0033/projects/MPNST/scDNA/CHISEL/10X/FIT208A7/rdr.tsv
AGCCTAACATCTCGAA-1	R1	10X	17	R1_2	tumour	/mnt/iribhm/homes/aste0033/projects/MPNST/scDNA/CHISEL/10X/FIT208A3/rdr.tsv
AGCTCCTCAGACGAAC-1	R1	10X	17	R1_2	tumour	/mnt/iribhm/homes/aste0033/projects/MPNST/scDNA/CHISEL/10X/FIT208A3/rdr.tsv
AGGCCACGTTAAACGA-1	R1	10X	17	R1_2	tumour	/mnt/iribhm/homes/aste0033/projects/MPNST/scDNA/CHISEL/10X/FIT208A3/rdr.tsv
AGGCCACTCTCGGAAT-1	R1	10X	17	R1_2	tumour	/mnt/iribhm/homes/aste0033/projects/MPNST/scDNA/CHISEL/10X/FIT208A3/rdr.tsv
AGGCCGTCAGGATCCC-1	R1	10X	17	R1_2	tumour	/mnt/iribhm/homes/aste0033/projects/MPNST/scDNA/CHISEL/10X/FIT208A3/rdr.tsv
AGGGATGAGACTGTAA-1	R1	10X	17	R1_2	tumour	/mnt/iribhm/homes/aste0033/projects/MPNST/scDNA/CHISEL/10X/FIT208A3/rdr.tsv
AGGGTGATCTATGCAG-1	R1	10X	17	R1_2	tumour	/mnt/iribhm/homes/aste0033/projects/MPNST/scDNA/CHISEL/10X/FIT208A3/rdr.tsv
AGTCTTTCATTCATCT-1	R1	10X	17	R1_2	tumour	/mnt/iribhm/homes/aste0033/projects/MPNST/scDNA/CHISEL/10X/FIT208A3/rdr.tsv
AGTCTTTTCGAGTTGT-1	R1	10X	17	R1_2	tumour	/mnt/iribhm/homes/aste0033/projects/MPNST/scDNA/CHISEL/10X/FIT208A3/rdr.tsv
AGTGTCACAAATCAGA-1	R1	10X	17	R1_2	tumour	/mnt/iribhm/homes/aste0033/projects/MPNST/scDNA/CHISEL/10X/FIT208A3/rdr.tsv
ATAACGCCATCCAGCG-1	R1	10X	17	R1_2	tumour	/mnt/iribhm/homes/aste0033/projects/MPNST/scDNA/CHISEL/10X/FIT208A3/rdr.tsv
ATAGACCTCCTTGAAG-1	R1	10X	17	R1_2	tumour	/mnt/iribhm/homes/aste0033/projects/MPNST/scDNA/CHISEL/10X/FIT208A3/rdr.tsv
ATAGACCTCGGAAGAC-1	R1	10X	17	R1_2	tumour	/mnt/iribhm/homes/aste0033/projects/MPNST/scDNA/CHISEL/10X/FIT208A3/rdr.tsv
ATCATCTAGATTCACC-1	R1	10X	17	R1_2	tumour	/mnt/iribhm/homes/aste0033/projects/MPNST/scDNA/CHISEL/10X/FIT208A3/rdr.tsv
ATCATGGCATTGGTCA-1	R1	10X	17	R1_2	tumour	/mnt/iribhm/homes/aste0033/projects/MPNST/scDNA/CHISEL/10X/FIT208A3/rdr.tsv
ATCCACCCACAGAAAT-1	R1	10X	17	R1_2	tumour	/mnt/iribhm/homes/aste0033/projects/MPNST/scDNA/CHISEL/10X/FIT208A3/rdr.tsv
ATCCGAATCAGGTGAG-1	R1	10X	17	R1_2	tumour	/mnt/iribhm/homes/aste0033/projects/MPNST/scDNA/CHISEL/10X/FIT208A3/rdr.tsv
ATTATCCCAATCTCTT-1	R5	10X	17	R1_2	tumour	/mnt/iribhm/homes/aste0033/projects/MPNST/scDNA/CHISEL/10X/FIT208A7/rdr.tsv
ATTATCCTCGACCATA-1	R1	10X	17	R1_2	tumour	/mnt/iribhm/homes/aste0033/projects/MPNST/scDNA/CHISEL/10X/FIT208A3/rdr.tsv
ATTTCTGAGACGTCGA-1	R1	10X	17	R1_2	tumour	/mnt/iribhm/homes/aste0033/projects/MPNST/scDNA/CHISEL/10X/FIT208A3/rdr.tsv
CAACCTCGTGCGAAAC-1	R1	10X	17	R1_2	tumour	/mnt/iribhm/homes/aste0033/projects/MPNST/scDNA/CHISEL/10X/FIT208A3/rdr.tsv
CACACAAAGAGAGCTC-1	R1	10X	17	R1_2	tumour	/mnt/iribhm/homes/aste0033/projects/MPNST/scDNA/CHISEL/10X/FIT208A3/rdr.tsv
CACACCTAGAATGGGA-1	R1	10X	17	R1_2	tumour	/mnt/iribhm/homes/aste0033/projects/MPNST/scDNA/CHISEL/10X/FIT208A3/rdr.tsv
CACACCTAGGTAGCCA-1	R1	10X	17	R1_2	tumour	/mnt/iribhm/homes/aste0033/projects/MPNST/scDNA/CHISEL/10X/FIT208A3/rdr.tsv
CACAGGCTCCGGTTCT-1	R1	10X	17	R1_2	tumour	/mnt/iribhm/homes/aste0033/projects/MPNST/scDNA/CHISEL/10X/FIT208A3/rdr.tsv
CACAGTAGTGATATGA-1	R1	10X	17	R1_2	tumour	/mnt/iribhm/homes/aste0033/projects/MPNST/scDNA/CHISEL/10X/FIT208A3/rdr.tsv
CACATTTAGGAGTTTA-1	R1	10X	17	R1_2	tumour	/mnt/iribhm/homes/aste0033/projects/MPNST/scDNA/CHISEL/10X/FIT208A3/rdr.tsv
CACCACTAGAGTAAGG-1	R1	10X	17	R1_2	tumour	/mnt/iribhm/homes/aste0033/projects/MPNST/scDNA/CHISEL/10X/FIT208A3/rdr.tsv
CACCAGGCAGGTCTGC-1	R1	10X	17	R1_2	tumour	/mnt/iribhm/homes/aste0033/projects/MPNST/scDNA/CHISEL/10X/FIT208A3/rdr.tsv
CAGAATCCATCTCGTC-1	R1	10X	17	R1_2	tumour	/mnt/iribhm/homes/aste0033/projects/MPNST/scDNA/CHISEL/10X/FIT208A3/rdr.tsv
CAGATCAGTCTCGAGC-1	R1	10X	17	R1_2	tumour	/mnt/iribhm/homes/aste0033/projects/MPNST/scDNA/CHISEL/10X/FIT208A3/rdr.tsv
CAGATCATCTACAAGC-1	R1	10X	17	R1_2	tumour	/mnt/iribhm/homes/aste0033/projects/MPNST/scDNA/CHISEL/10X/FIT208A3/rdr.tsv
CAGCAGCCAAGGGTGT-1	R1	10X	17	R1_2	tumour	/mnt/iribhm/homes/aste0033/projects/MPNST/scDNA/CHISEL/10X/FIT208A3/rdr.tsv
CAGCATACAGTTTGCA-1	R1	10X	17	R1_2	tumour	/mnt/iribhm/homes/aste0033/projects/MPNST/scDNA/CHISEL/10X/FIT208A3/rdr.tsv
CATATTCCAGTGAATA-1	R5	10X	17	R1_2	tumour	/mnt/iribhm/homes/aste0033/projects/MPNST/scDNA/CHISEL/10X/FIT208A7/rdr.tsv
CATATTCCATCAAGAA-1	R1	10X	17	R1_2	tumour	/mnt/iribhm/homes/aste0033/projects/MPNST/scDNA/CHISEL/10X/FIT208A3/rdr.tsv
CATCAAGCATCTCGTC-1	R1	10X	17	R1_2	tumour	/mnt/iribhm/homes/aste0033/projects/MPNST/scDNA/CHISEL/10X/FIT208A3/rdr.tsv
CATCCACTCCAGACCG-1	R1	10X	17	R1_2	tumour	/mnt/iribhm/homes/aste0033/projects/MPNST/scDNA/CHISEL/10X/FIT208A3/rdr.tsv
CATGACAGTGGAAGGG-1	R5	10X	17	R1_2	tumour	/mnt/iribhm/homes/aste0033/projects/MPNST/scDNA/CHISEL/10X/FIT208A7/rdr.tsv
CATTATCCAGCGGTCT-1	R1	10X	17	R1_2	tumour	/mnt/iribhm/homes/aste0033/projects/MPNST/scDNA/CHISEL/10X/FIT208A3/rdr.tsv
CATTCGCCAGCGCTTG-1	R1	10X	17	R1_2	tumour	/mnt/iribhm/homes/aste0033/projects/MPNST/scDNA/CHISEL/10X/FIT208A3/rdr.tsv
CATTCGCGTATGACTC-1	R5	10X	17	R1_2	tumour	/mnt/iribhm/homes/aste0033/projects/MPNST/scDNA/CHISEL/10X/FIT208A7/rdr.tsv
CCAATCCTCCTGATTT-1	R1	10X	17	R1_2	tumour	/mnt/iribhm/homes/aste0033/projects/MPNST/scDNA/CHISEL/10X/FIT208A3/rdr.tsv
CCCAATCTCTCATCTA-1	R1	10X	17	R1_2	tumour	/mnt/iribhm/homes/aste0033/projects/MPNST/scDNA/CHISEL/10X/FIT208A3/rdr.tsv
CCCAGTTTCATTCGCC-1	R1	10X	17	R1_2	tumour	/mnt/iribhm/homes/aste0033/projects/MPNST/scDNA/CHISEL/10X/FIT208A3/rdr.tsv
CCCATACAGTAGCCGA-1	R1	10X	17	R1_2	tumour	/mnt/iribhm/homes/aste0033/projects/MPNST/scDNA/CHISEL/10X/FIT208A3/rdr.tsv
CCCATACGTGGTGCAA-1	R1	10X	17	R1_2	tumour	/mnt/iribhm/homes/aste0033/projects/MPNST/scDNA/CHISEL/10X/FIT208A3/rdr.tsv
CCCTCCTGTGATTTGC-1	R1	10X	17	R1_2	tumour	/mnt/iribhm/homes/aste0033/projects/MPNST/scDNA/CHISEL/10X/FIT208A3/rdr.tsv
CCGTGGAGTAAAGTCA-1	R1	10X	17	R1_2	tumour	/mnt/iribhm/homes/aste0033/projects/MPNST/scDNA/CHISEL/10X/FIT208A3/rdr.tsv
CCTTCGAGTTTACGGT-1	R1	10X	17	R1_2	tumour	/mnt/iribhm/homes/aste0033/projects/MPNST/scDNA/CHISEL/10X/FIT208A3/rdr.tsv
CGAGAAGGTCCGGTGT-1	R1	10X	17	R1_2	tumour	/mnt/iribhm/homes/aste0033/projects/MPNST/scDNA/CHISEL/10X/FIT208A3/rdr.tsv
CGAGCCATCAGGACAG-1	R1	10X	17	R1_2	tumour	/mnt/iribhm/homes/aste0033/projects/MPNST/scDNA/CHISEL/10X/FIT208A3/rdr.tsv
CGCCAAGTCCGTCTAC-1	R5	10X	17	R1_2	tumour	/mnt/iribhm/homes/aste0033/projects/MPNST/scDNA/CHISEL/10X/FIT208A7/rdr.tsv
CGGACGTTCATGGTGT-1	R1	10X	17	R1_2	tumour	/mnt/iribhm/homes/aste0033/projects/MPNST/scDNA/CHISEL/10X/FIT208A3/rdr.tsv
CGGACTGCAACGCGTC-1	R1	10X	17	R1_2	tumour	/mnt/iribhm/homes/aste0033/projects/MPNST/scDNA/CHISEL/10X/FIT208A3/rdr.tsv
CGGCTAGTCTGGTAGT-1	R1	10X	17	R1_2	tumour	/mnt/iribhm/homes/aste0033/projects/MPNST/scDNA/CHISEL/10X/FIT208A3/rdr.tsv
CGGGTCATCCCGCATT-1	R1	10X	17	R1_2	tumour	/mnt/iribhm/homes/aste0033/projects/MPNST/scDNA/CHISEL/10X/FIT208A3/rdr.tsv
CGGTTAACAGTGCTTA-1	R1	10X	17	R1_2	tumour	/mnt/iribhm/homes/aste0033/projects/MPNST/scDNA/CHISEL/10X/FIT208A3/rdr.tsv
CGTAGGCCATCCCTTG-1	R1	10X	17	R1_2	tumour	/mnt/iribhm/homes/aste0033/projects/MPNST/scDNA/CHISEL/10X/FIT208A3/rdr.tsv
CGTAGGCTCCTCGCTA-1	R1	10X	17	R1_2	tumour	/mnt/iribhm/homes/aste0033/projects/MPNST/scDNA/CHISEL/10X/FIT208A3/rdr.tsv
CGTCAGGGTCAGAAGC-1	R1	10X	17	R1_2	tumour	/mnt/iribhm/homes/aste0033/projects/MPNST/scDNA/CHISEL/10X/FIT208A3/rdr.tsv
CGTTCTGCAGAGGTCA-1	R5	10X	17	R1_2	tumour	/mnt/iribhm/homes/aste0033/projects/MPNST/scDNA/CHISEL/10X/FIT208A7/rdr.tsv
CTACACCAGACCCACC-1	R1	10X	17	R1_2	tumour	/mnt/iribhm/homes/aste0033/projects/MPNST/scDNA/CHISEL/10X/FIT208A3/rdr.tsv
CTACATTTCATATCTC-1	R1	10X	17	R1_2	tumour	/mnt/iribhm/homes/aste0033/projects/MPNST/scDNA/CHISEL/10X/FIT208A3/rdr.tsv
CTAGAGTCATGAGACG-1	R5	10X	17	R1_2	tumour	/mnt/iribhm/homes/aste0033/projects/MPNST/scDNA/CHISEL/10X/FIT208A7/rdr.tsv
CTAGCCTGTCGAATCT-1	R1	10X	17	R1_2	tumour	/mnt/iribhm/homes/aste0033/projects/MPNST/scDNA/CHISEL/10X/FIT208A3/rdr.tsv
CTCACACGTAGGCTGA-1	R1	10X	17	R1_2	tumour	/mnt/iribhm/homes/aste0033/projects/MPNST/scDNA/CHISEL/10X/FIT208A3/rdr.tsv
CTCCTAGGTACGTTCA-1	R1	10X	17	R1_2	tumour	/mnt/iribhm/homes/aste0033/projects/MPNST/scDNA/CHISEL/10X/FIT208A3/rdr.tsv
CTCGAGGGTACAAGGC-1	R1	10X	17	R1_2	tumour	/mnt/iribhm/homes/aste0033/projects/MPNST/scDNA/CHISEL/10X/FIT208A3/rdr.tsv
CTCGGAGGTTATCGGT-1	R1	10X	17	R1_2	tumour	/mnt/iribhm/homes/aste0033/projects/MPNST/scDNA/CHISEL/10X/FIT208A3/rdr.tsv
CTCGGGATCGGTGCAC-1	R1	10X	17	R1_2	tumour	/mnt/iribhm/homes/aste0033/projects/MPNST/scDNA/CHISEL/10X/FIT208A3/rdr.tsv
CTCTAATCACCAATAC-1	R1	10X	17	R1_2	tumour	/mnt/iribhm/homes/aste0033/projects/MPNST/scDNA/CHISEL/10X/FIT208A3/rdr.tsv
CTGCCTACATGCCATA-1	R1	10X	17	R1_2	tumour	/mnt/iribhm/homes/aste0033/projects/MPNST/scDNA/CHISEL/10X/FIT208A3/rdr.tsv
CTGCGGAAGTCATCCA-1	R1	10X	17	R1_2	tumour	/mnt/iribhm/homes/aste0033/projects/MPNST/scDNA/CHISEL/10X/FIT208A3/rdr.tsv
CTGCTGTGTGCATGAG-1	R1	10X	17	R1_2	tumour	/mnt/iribhm/homes/aste0033/projects/MPNST/scDNA/CHISEL/10X/FIT208A3/rdr.tsv
CTTAGGACACAATGTC-1	R1	10X	17	R1_2	tumour	/mnt/iribhm/homes/aste0033/projects/MPNST/scDNA/CHISEL/10X/FIT208A3/rdr.tsv
GAAACTCCATAGGTCT-1	R1	10X	17	R1_2	tumour	/mnt/iribhm/homes/aste0033/projects/MPNST/scDNA/CHISEL/10X/FIT208A3/rdr.tsv
GAAGCAGTCCGCTCTA-1	R5	10X	17	R1_2	tumour	/mnt/iribhm/homes/aste0033/projects/MPNST/scDNA/CHISEL/10X/FIT208A7/rdr.tsv
GAATAAGGTATTGAAG-1	R1	10X	17	R1_2	tumour	/mnt/iribhm/homes/aste0033/projects/MPNST/scDNA/CHISEL/10X/FIT208A3/rdr.tsv
GACACGCAGCGTGAAC-1	R1	10X	17	R1_2	tumour	/mnt/iribhm/homes/aste0033/projects/MPNST/scDNA/CHISEL/10X/FIT208A3/rdr.tsv
GACCAATGTAGCGTCC-1	R1	10X	17	R1_2	tumour	/mnt/iribhm/homes/aste0033/projects/MPNST/scDNA/CHISEL/10X/FIT208A3/rdr.tsv
GACCAATGTGACCTGC-1	R1	10X	17	R1_2	tumour	/mnt/iribhm/homes/aste0033/projects/MPNST/scDNA/CHISEL/10X/FIT208A3/rdr.tsv
GACCTGGAGACAGACC-1	R1	10X	17	R1_2	tumour	/mnt/iribhm/homes/aste0033/projects/MPNST/scDNA/CHISEL/10X/FIT208A3/rdr.tsv
GACGCGTAGTACGATA-1	R1	10X	17	R1_2	tumour	/mnt/iribhm/homes/aste0033/projects/MPNST/scDNA/CHISEL/10X/FIT208A3/rdr.tsv
GACGTGCAGTTAACGA-1	R1	10X	17	R1_2	tumour	/mnt/iribhm/homes/aste0033/projects/MPNST/scDNA/CHISEL/10X/FIT208A3/rdr.tsv
GACTAACAGAAACCTA-1	R1	10X	17	R1_2	tumour	/mnt/iribhm/homes/aste0033/projects/MPNST/scDNA/CHISEL/10X/FIT208A3/rdr.tsv
GACTAACCACAGTGTT-1	R1	10X	17	R1_2	tumour	/mnt/iribhm/homes/aste0033/projects/MPNST/scDNA/CHISEL/10X/FIT208A3/rdr.tsv
GAGTCCGCAACGTTTG-1	R1	10X	17	R1_2	tumour	/mnt/iribhm/homes/aste0033/projects/MPNST/scDNA/CHISEL/10X/FIT208A3/rdr.tsv
GATCAGTGTCAACATC-1	R1	10X	17	R1_2	tumour	/mnt/iribhm/homes/aste0033/projects/MPNST/scDNA/CHISEL/10X/FIT208A3/rdr.tsv
GATCGATAGTGAAGAG-1	R1	10X	17	R1_2	tumour	/mnt/iribhm/homes/aste0033/projects/MPNST/scDNA/CHISEL/10X/FIT208A3/rdr.tsv
GATCTAGTCTCTTCCT-1	R1	10X	17	R1_2	tumour	/mnt/iribhm/homes/aste0033/projects/MPNST/scDNA/CHISEL/10X/FIT208A3/rdr.tsv
GATGAAAAGATCCGAG-1	R1	10X	17	R1_2	tumour	/mnt/iribhm/homes/aste0033/projects/MPNST/scDNA/CHISEL/10X/FIT208A3/rdr.tsv
GATGAAACATCAAGAA-1	R5	10X	17	R1_2	tumour	/mnt/iribhm/homes/aste0033/projects/MPNST/scDNA/CHISEL/10X/FIT208A7/rdr.tsv
GATGAAAGTCGCCAAC-1	R1	10X	17	R1_2	tumour	/mnt/iribhm/homes/aste0033/projects/MPNST/scDNA/CHISEL/10X/FIT208A3/rdr.tsv
GATGAGGAGAAGGTGA-1	R1	10X	17	R1_2	tumour	/mnt/iribhm/homes/aste0033/projects/MPNST/scDNA/CHISEL/10X/FIT208A3/rdr.tsv
GCAAACTTCGTGTACA-1	R5	10X	17	R1_2	tumour	/mnt/iribhm/homes/aste0033/projects/MPNST/scDNA/CHISEL/10X/FIT208A7/rdr.tsv
GCATACATCCGTTCAC-1	R1	10X	17	R1_2	tumour	/mnt/iribhm/homes/aste0033/projects/MPNST/scDNA/CHISEL/10X/FIT208A3/rdr.tsv
GCCTCTAGTTAGTGAA-1	R1	10X	17	R1_2	tumour	/mnt/iribhm/homes/aste0033/projects/MPNST/scDNA/CHISEL/10X/FIT208A3/rdr.tsv
GCGACCACACCAGTGC-1	P	10X	17	R1_2	tumour	/mnt/iribhm/homes/aste0033/projects/MPNST/scDNA/CHISEL/10X/FIT208A8/rdr.tsv
GCGACCATCAGTACAC-1	R1	10X	17	R1_2	tumour	/mnt/iribhm/homes/aste0033/projects/MPNST/scDNA/CHISEL/10X/FIT208A3/rdr.tsv
GCTGCAGCAGTGAATA-1	R1	10X	17	R1_2	tumour	/mnt/iribhm/homes/aste0033/projects/MPNST/scDNA/CHISEL/10X/FIT208A3/rdr.tsv
GCTGCTTGTATCAGTC-1	R1	10X	17	R1_2	tumour	/mnt/iribhm/homes/aste0033/projects/MPNST/scDNA/CHISEL/10X/FIT208A3/rdr.tsv
GCTTCCATCCACTTAT-1	R1	10X	17	R1_2	tumour	/mnt/iribhm/homes/aste0033/projects/MPNST/scDNA/CHISEL/10X/FIT208A3/rdr.tsv
GCTTGAAAGGGTTCGA-1	R1	10X	17	R1_2	tumour	/mnt/iribhm/homes/aste0033/projects/MPNST/scDNA/CHISEL/10X/FIT208A3/rdr.tsv
GGAAAGCTCGTCCCTA-1	R1	10X	17	R1_2	tumour	/mnt/iribhm/homes/aste0033/projects/MPNST/scDNA/CHISEL/10X/FIT208A3/rdr.tsv
GGACAAGCAGATACCT-1	R1	10X	17	R1_2	tumour	/mnt/iribhm/homes/aste0033/projects/MPNST/scDNA/CHISEL/10X/FIT208A3/rdr.tsv
GGACGTCCAACACCGC-1	R1	10X	17	R1_2	tumour	/mnt/iribhm/homes/aste0033/projects/MPNST/scDNA/CHISEL/10X/FIT208A3/rdr.tsv
GGACGTCGTGACACGA-1	R5	10X	17	R1_2	tumour	/mnt/iribhm/homes/aste0033/projects/MPNST/scDNA/CHISEL/10X/FIT208A7/rdr.tsv
GGAGCAACACATTCAG-1	R1	10X	17	R1_2	tumour	/mnt/iribhm/homes/aste0033/projects/MPNST/scDNA/CHISEL/10X/FIT208A3/rdr.tsv
GGATTACTCTACGGGC-1	R1	10X	17	R1_2	tumour	/mnt/iribhm/homes/aste0033/projects/MPNST/scDNA/CHISEL/10X/FIT208A3/rdr.tsv
GGCAATTAGAATCGTA-1	R1	10X	17	R1_2	tumour	/mnt/iribhm/homes/aste0033/projects/MPNST/scDNA/CHISEL/10X/FIT208A3/rdr.tsv
GGCGTGTCAACCGGAA-1	R1	10X	17	R1_2	tumour	/mnt/iribhm/homes/aste0033/projects/MPNST/scDNA/CHISEL/10X/FIT208A3/rdr.tsv
GGCTCGAGTATCGCCG-1	R1	10X	17	R1_2	tumour	/mnt/iribhm/homes/aste0033/projects/MPNST/scDNA/CHISEL/10X/FIT208A3/rdr.tsv
GGCTGGTAGGCCCTTG-1	R1	10X	17	R1_2	tumour	/mnt/iribhm/homes/aste0033/projects/MPNST/scDNA/CHISEL/10X/FIT208A3/rdr.tsv
GGCTGGTGTTCGAGCC-1	R1	10X	17	R1_2	tumour	/mnt/iribhm/homes/aste0033/projects/MPNST/scDNA/CHISEL/10X/FIT208A3/rdr.tsv
GGGAATGAGACCTAGG-1	R1	10X	17	R1_2	tumour	/mnt/iribhm/homes/aste0033/projects/MPNST/scDNA/CHISEL/10X/FIT208A3/rdr.tsv
GGGACCTCATTGCCGG-1	R1	10X	17	R1_2	tumour	/mnt/iribhm/homes/aste0033/projects/MPNST/scDNA/CHISEL/10X/FIT208A3/rdr.tsv
GGGAGATCACTCATGA-1	R1	10X	17	R1_2	tumour	/mnt/iribhm/homes/aste0033/projects/MPNST/scDNA/CHISEL/10X/FIT208A3/rdr.tsv
GGGAGATCATGTAGCT-1	R1	10X	17	R1_2	tumour	/mnt/iribhm/homes/aste0033/projects/MPNST/scDNA/CHISEL/10X/FIT208A3/rdr.tsv
GGGATGAGTAACGAGC-1	R1	10X	17	R1_2	tumour	/mnt/iribhm/homes/aste0033/projects/MPNST/scDNA/CHISEL/10X/FIT208A3/rdr.tsv
GGTATTGGTACAATAG-1	R1	10X	17	R1_2	tumour	/mnt/iribhm/homes/aste0033/projects/MPNST/scDNA/CHISEL/10X/FIT208A3/rdr.tsv
GGTGCGTCAGGATCCC-1	R1	10X	17	R1_2	tumour	/mnt/iribhm/homes/aste0033/projects/MPNST/scDNA/CHISEL/10X/FIT208A3/rdr.tsv
GGTGCGTCATTACTTC-1	R1	10X	17	R1_2	tumour	/mnt/iribhm/homes/aste0033/projects/MPNST/scDNA/CHISEL/10X/FIT208A3/rdr.tsv
GGTGTTAGTAAAGTCA-1	R1	10X	17	R1_2	tumour	/mnt/iribhm/homes/aste0033/projects/MPNST/scDNA/CHISEL/10X/FIT208A3/rdr.tsv
GTACTCCAGTTTAGGA-1	R1	10X	17	R1_2	tumour	/mnt/iribhm/homes/aste0033/projects/MPNST/scDNA/CHISEL/10X/FIT208A3/rdr.tsv
GTCATTTTCAGTGCCG-1	R1	10X	17	R1_2	tumour	/mnt/iribhm/homes/aste0033/projects/MPNST/scDNA/CHISEL/10X/FIT208A3/rdr.tsv
GTCCTCAAGATATACG-1	R1	10X	17	R1_2	tumour	/mnt/iribhm/homes/aste0033/projects/MPNST/scDNA/CHISEL/10X/FIT208A3/rdr.tsv
GTGCAGCAGATAGTCA-1	R1	10X	17	R1_2	tumour	/mnt/iribhm/homes/aste0033/projects/MPNST/scDNA/CHISEL/10X/FIT208A3/rdr.tsv
GTGCAGCGTCTAGGGA-1	R1	10X	17	R1_2	tumour	/mnt/iribhm/homes/aste0033/projects/MPNST/scDNA/CHISEL/10X/FIT208A3/rdr.tsv
GTGCATACACTCCGAG-1	R1	10X	17	R1_2	tumour	/mnt/iribhm/homes/aste0033/projects/MPNST/scDNA/CHISEL/10X/FIT208A3/rdr.tsv
GTGCGGTTCGTGTACA-1	R1	10X	17	R1_2	tumour	/mnt/iribhm/homes/aste0033/projects/MPNST/scDNA/CHISEL/10X/FIT208A3/rdr.tsv
GTGTGCGAGATATGGT-1	R5	10X	17	R1_2	tumour	/mnt/iribhm/homes/aste0033/projects/MPNST/scDNA/CHISEL/10X/FIT208A7/rdr.tsv
GTGTTAGAGTGATCGG-1	R1	10X	17	R1_2	tumour	/mnt/iribhm/homes/aste0033/projects/MPNST/scDNA/CHISEL/10X/FIT208A3/rdr.tsv
GTTCATTAGAGCCACA-1	R1	10X	17	R1_2	tumour	/mnt/iribhm/homes/aste0033/projects/MPNST/scDNA/CHISEL/10X/FIT208A3/rdr.tsv
GTTCATTTCAGTAAAG-1	R1	10X	17	R1_2	tumour	/mnt/iribhm/homes/aste0033/projects/MPNST/scDNA/CHISEL/10X/FIT208A3/rdr.tsv
GTTTCTATCGAGTTGT-1	R1	10X	17	R1_2	tumour	/mnt/iribhm/homes/aste0033/projects/MPNST/scDNA/CHISEL/10X/FIT208A3/rdr.tsv
TAAACCGAGTCTCGGC-1	R1	10X	17	R1_2	tumour	/mnt/iribhm/homes/aste0033/projects/MPNST/scDNA/CHISEL/10X/FIT208A3/rdr.tsv
TAAGAGAAGCCGGTAA-1	R1	10X	17	R1_2	tumour	/mnt/iribhm/homes/aste0033/projects/MPNST/scDNA/CHISEL/10X/FIT208A3/rdr.tsv
TAAGAGAGTCGGAAGT-1	R1	10X	17	R1_2	tumour	/mnt/iribhm/homes/aste0033/projects/MPNST/scDNA/CHISEL/10X/FIT208A3/rdr.tsv
TAAGAGAGTTGGAACG-1	R1	10X	17	R1_2	tumour	/mnt/iribhm/homes/aste0033/projects/MPNST/scDNA/CHISEL/10X/FIT208A3/rdr.tsv
TAAGTGCTCTGAGATC-1	R1	10X	17	R1_2	tumour	/mnt/iribhm/homes/aste0033/projects/MPNST/scDNA/CHISEL/10X/FIT208A3/rdr.tsv
TACACGATCCACAGCG-1	R1	10X	17	R1_2	tumour	/mnt/iribhm/homes/aste0033/projects/MPNST/scDNA/CHISEL/10X/FIT208A3/rdr.tsv
TACCTTAAGACCACGA-1	R1	10X	17	R1_2	tumour	/mnt/iribhm/homes/aste0033/projects/MPNST/scDNA/CHISEL/10X/FIT208A3/rdr.tsv
TACCTTACAGCCCATG-1	R1	10X	17	R1_2	tumour	/mnt/iribhm/homes/aste0033/projects/MPNST/scDNA/CHISEL/10X/FIT208A3/rdr.tsv
TACCTTATCTCGTCTG-1	R1	10X	17	R1_2	tumour	/mnt/iribhm/homes/aste0033/projects/MPNST/scDNA/CHISEL/10X/FIT208A3/rdr.tsv
TACTCATGTTGGGCAA-1	R1	10X	17	R1_2	tumour	/mnt/iribhm/homes/aste0033/projects/MPNST/scDNA/CHISEL/10X/FIT208A3/rdr.tsv
TACTTGTCACCACATA-1	R1	10X	17	R1_2	tumour	/mnt/iribhm/homes/aste0033/projects/MPNST/scDNA/CHISEL/10X/FIT208A3/rdr.tsv
TACTTGTTCATCTCCG-1	R1	10X	17	R1_2	tumour	/mnt/iribhm/homes/aste0033/projects/MPNST/scDNA/CHISEL/10X/FIT208A3/rdr.tsv
TACTTGTTCTGGGCTG-1	R1	10X	17	R1_2	tumour	/mnt/iribhm/homes/aste0033/projects/MPNST/scDNA/CHISEL/10X/FIT208A3/rdr.tsv
TAGCCGGGTCATACCA-1	R1	10X	17	R1_2	tumour	/mnt/iribhm/homes/aste0033/projects/MPNST/scDNA/CHISEL/10X/FIT208A3/rdr.tsv
TAGTTGGAGGGAACGG-1	R1	10X	17	R1_2	tumour	/mnt/iribhm/homes/aste0033/projects/MPNST/scDNA/CHISEL/10X/FIT208A3/rdr.tsv
TATCTCACATGGGCCT-1	R1	10X	17	R1_2	tumour	/mnt/iribhm/homes/aste0033/projects/MPNST/scDNA/CHISEL/10X/FIT208A3/rdr.tsv
TATGCCCGTTGGGACA-1	R1	10X	17	R1_2	tumour	/mnt/iribhm/homes/aste0033/projects/MPNST/scDNA/CHISEL/10X/FIT208A3/rdr.tsv
TATTACCAGTAGTGCG-1	R1	10X	17	R1_2	tumour	/mnt/iribhm/homes/aste0033/projects/MPNST/scDNA/CHISEL/10X/FIT208A3/rdr.tsv
TATTACCGTTGTTCAG-1	R1	10X	17	R1_2	tumour	/mnt/iribhm/homes/aste0033/projects/MPNST/scDNA/CHISEL/10X/FIT208A3/rdr.tsv
TCACGAACAATAACAG-1	R1	10X	17	R1_2	tumour	/mnt/iribhm/homes/aste0033/projects/MPNST/scDNA/CHISEL/10X/FIT208A3/rdr.tsv
TCAGGTAAGGGTTCCC-1	R1	10X	17	R1_2	tumour	/mnt/iribhm/homes/aste0033/projects/MPNST/scDNA/CHISEL/10X/FIT208A3/rdr.tsv
TCGCGAGTCGCTAGTA-1	R1	10X	17	R1_2	tumour	/mnt/iribhm/homes/aste0033/projects/MPNST/scDNA/CHISEL/10X/FIT208A3/rdr.tsv
TCTGAGAGTATCTCTT-1	R5	10X	17	R1_2	tumour	/mnt/iribhm/homes/aste0033/projects/MPNST/scDNA/CHISEL/10X/FIT208A7/rdr.tsv
TGAAAGATCCCGGACA-1	R1	10X	17	R1_2	tumour	/mnt/iribhm/homes/aste0033/projects/MPNST/scDNA/CHISEL/10X/FIT208A3/rdr.tsv
TGACTTTTCTATGCAG-1	R1	10X	17	R1_2	tumour	/mnt/iribhm/homes/aste0033/projects/MPNST/scDNA/CHISEL/10X/FIT208A3/rdr.tsv
TGAGCATCATGGCTCG-1	R1	10X	17	R1_2	tumour	/mnt/iribhm/homes/aste0033/projects/MPNST/scDNA/CHISEL/10X/FIT208A3/rdr.tsv
TGAGCCGGTTGGGACA-1	R1	10X	17	R1_2	tumour	/mnt/iribhm/homes/aste0033/projects/MPNST/scDNA/CHISEL/10X/FIT208A3/rdr.tsv
TGAGGGACATACTTGG-1	R5	10X	17	R1_2	tumour	/mnt/iribhm/homes/aste0033/projects/MPNST/scDNA/CHISEL/10X/FIT208A7/rdr.tsv
TGCTACCTCACACCTC-1	R1	10X	17	R1_2	tumour	/mnt/iribhm/homes/aste0033/projects/MPNST/scDNA/CHISEL/10X/FIT208A3/rdr.tsv
TGGACGCGTGGTGCAA-1	R1	10X	17	R1_2	tumour	/mnt/iribhm/homes/aste0033/projects/MPNST/scDNA/CHISEL/10X/FIT208A3/rdr.tsv
TGGCCAGAGGCTAGCA-1	R5	10X	17	R1_2	tumour	/mnt/iribhm/homes/aste0033/projects/MPNST/scDNA/CHISEL/10X/FIT208A7/rdr.tsv
TGGCCAGGTACTTGCA-1	R1	10X	17	R1_2	tumour	/mnt/iribhm/homes/aste0033/projects/MPNST/scDNA/CHISEL/10X/FIT208A3/rdr.tsv
TGGCCAGGTATACACC-1	R1	10X	17	R1_2	tumour	/mnt/iribhm/homes/aste0033/projects/MPNST/scDNA/CHISEL/10X/FIT208A3/rdr.tsv
TGGGCGTAGGGATACC-1	R1	10X	17	R1_2	tumour	/mnt/iribhm/homes/aste0033/projects/MPNST/scDNA/CHISEL/10X/FIT208A3/rdr.tsv
TGGGCGTTCGTTAAGC-1	R1	10X	17	R1_2	tumour	/mnt/iribhm/homes/aste0033/projects/MPNST/scDNA/CHISEL/10X/FIT208A3/rdr.tsv
TGGTTAGAGAATGTGT-1	R1	10X	17	R1_2	tumour	/mnt/iribhm/homes/aste0033/projects/MPNST/scDNA/CHISEL/10X/FIT208A3/rdr.tsv
TGGTTCCAGTTAACGA-1	R1	10X	17	R1_2	tumour	/mnt/iribhm/homes/aste0033/projects/MPNST/scDNA/CHISEL/10X/FIT208A3/rdr.tsv
TGTGGTAAGGTGTTAA-1	R1	10X	17	R1_2	tumour	/mnt/iribhm/homes/aste0033/projects/MPNST/scDNA/CHISEL/10X/FIT208A3/rdr.tsv
TGTTCCGGTGTAATGA-1	R1	10X	17	R1_2	tumour	/mnt/iribhm/homes/aste0033/projects/MPNST/scDNA/CHISEL/10X/FIT208A3/rdr.tsv
TTGCCGTCACAGAGCA-1	R1	10X	17	R1_2	tumour	/mnt/iribhm/homes/aste0033/projects/MPNST/scDNA/CHISEL/10X/FIT208A3/rdr.tsv
TTGCCGTGTAATCAGA-1	R1	10X	17	R1_2	tumour	/mnt/iribhm/homes/aste0033/projects/MPNST/scDNA/CHISEL/10X/FIT208A3/rdr.tsv
TTTACTGTCTGGGCTG-1	R1	10X	17	R1_2	tumour	/mnt/iribhm/homes/aste0033/projects/MPNST/scDNA/CHISEL/10X/FIT208A3/rdr.tsv
TTTCCTCAGTGTGAAT-1	R1	10X	17	R1_2	tumour	/mnt/iribhm/homes/aste0033/projects/MPNST/scDNA/CHISEL/10X/FIT208A3/rdr.tsv
TTTGGTTTCACGCGAC-1	R5	10X	17	R1_2	tumour	/mnt/iribhm/homes/aste0033/projects/MPNST/scDNA/CHISEL/10X/FIT208A7/rdr.tsv
TTTGTCATCTTCTAAC-1	R1	10X	17	R1_2	tumour	/mnt/iribhm/homes/aste0033/projects/MPNST/scDNA/CHISEL/10X/FIT208A3/rdr.tsv
LES4677A1_124574_14x_30y	R1	DLP	17	R1_2	tumour	/srv/home/aste0033/projects/MPNST/scDNA/CHISEL/DLPp/R1/rdr.tsv
LES4677A1_124574_16x_18y	R1	DLP	17	R1_2	tumour	/srv/home/aste0033/projects/MPNST/scDNA/CHISEL/DLPp/R1/rdr.tsv
LES4677A1_124574_17x_27y	R1	DLP	17	R1_2	tumour	/srv/home/aste0033/projects/MPNST/scDNA/CHISEL/DLPp/R1/rdr.tsv
LES4677A1_124574_17x_28y	R1	DLP	17	R1_2	tumour	/srv/home/aste0033/projects/MPNST/scDNA/CHISEL/DLPp/R1/rdr.tsv
LES4677A1_124574_17x_30y	R1	DLP	17	R1_2	tumour	/srv/home/aste0033/projects/MPNST/scDNA/CHISEL/DLPp/R1/rdr.tsv
LES4677A1_124574_18x_30y	R1	DLP	17	R1_2	tumour	/srv/home/aste0033/projects/MPNST/scDNA/CHISEL/DLPp/R1/rdr.tsv
LES4677A1_124574_19x_24y	R1	DLP	17	R1_2	tumour	/srv/home/aste0033/projects/MPNST/scDNA/CHISEL/DLPp/R1/rdr.tsv
LES4677A1_124574_19x_31y	R1	DLP	17	R1_2	tumour	/srv/home/aste0033/projects/MPNST/scDNA/CHISEL/DLPp/R1/rdr.tsv
LES4677A1_124574_21x_30y	R1	DLP	17	R1_2	tumour	/srv/home/aste0033/projects/MPNST/scDNA/CHISEL/DLPp/R1/rdr.tsv
LES4677A1_124574_22x_23y	R1	DLP	17	R1_2	tumour	/srv/home/aste0033/projects/MPNST/scDNA/CHISEL/DLPp/R1/rdr.tsv
LES4677A1_124574_25x_12y	R1	DLP	17	R1_2	tumour	/srv/home/aste0033/projects/MPNST/scDNA/CHISEL/DLPp/R1/rdr.tsv
LES4677A1_124574_27x_24y	R1	DLP	17	R1_2	tumour	/srv/home/aste0033/projects/MPNST/scDNA/CHISEL/DLPp/R1/rdr.tsv
LES4677A1_124574_28x_11y	R1	DLP	17	R1_2	tumour	/srv/home/aste0033/projects/MPNST/scDNA/CHISEL/DLPp/R1/rdr.tsv
LES4677A1_124574_32x_14y	R1	DLP	17	R1_2	tumour	/srv/home/aste0033/projects/MPNST/scDNA/CHISEL/DLPp/R1/rdr.tsv
LES4677A1_124574_32x_35y	R1	DLP	17	R1_2	tumour	/srv/home/aste0033/projects/MPNST/scDNA/CHISEL/DLPp/R1/rdr.tsv
LES4677A1_124574_35x_31y	R1	DLP	17	R1_2	tumour	/srv/home/aste0033/projects/MPNST/scDNA/CHISEL/DLPp/R1/rdr.tsv
LES4677A1_124574_38x_30y	R1	DLP	17	R1_2	tumour	/srv/home/aste0033/projects/MPNST/scDNA/CHISEL/DLPp/R1/rdr.tsv
LES4677A1_124574_39x_24y	R1	DLP	17	R1_2	tumour	/srv/home/aste0033/projects/MPNST/scDNA/CHISEL/DLPp/R1/rdr.tsv
LES4677A1_124574_39x_35y	R1	DLP	17	R1_2	tumour	/srv/home/aste0033/projects/MPNST/scDNA/CHISEL/DLPp/R1/rdr.tsv
LES4677A1_124574_40x_19y	R1	DLP	17	R1_2	tumour	/srv/home/aste0033/projects/MPNST/scDNA/CHISEL/DLPp/R1/rdr.tsv
LES4677A1_124574_40x_33y	R1	DLP	17	R1_2	tumour	/srv/home/aste0033/projects/MPNST/scDNA/CHISEL/DLPp/R1/rdr.tsv
LES4677A1_124574_41x_29y	R1	DLP	17	R1_2	tumour	/srv/home/aste0033/projects/MPNST/scDNA/CHISEL/DLPp/R1/rdr.tsv
LES4677A1_124574_44x_12y	R1	DLP	17	R1_2	tumour	/srv/home/aste0033/projects/MPNST/scDNA/CHISEL/DLPp/R1/rdr.tsv
LES4677A1_124574_44x_25y	R1	DLP	17	R1_2	tumour	/srv/home/aste0033/projects/MPNST/scDNA/CHISEL/DLPp/R1/rdr.tsv
LES4677A1_124574_46x_12y	R1	DLP	17	R1_2	tumour	/srv/home/aste0033/projects/MPNST/scDNA/CHISEL/DLPp/R1/rdr.tsv
LES4677A1_124574_46x_21y	R1	DLP	17	R1_2	tumour	/srv/home/aste0033/projects/MPNST/scDNA/CHISEL/DLPp/R1/rdr.tsv
LES4677A1_124574_51x_14y	R1	DLP	17	R1_2	tumour	/srv/home/aste0033/projects/MPNST/scDNA/CHISEL/DLPp/R1/rdr.tsv
LES4677A1_124574_52x_12y	R1	DLP	17	R1_2	tumour	/srv/home/aste0033/projects/MPNST/scDNA/CHISEL/DLPp/R1/rdr.tsv
LES4677A1_124574_52x_33y	R1	DLP	17	R1_2	tumour	/srv/home/aste0033/projects/MPNST/scDNA/CHISEL/DLPp/R1/rdr.tsv
LES4677A1_124574_53x_14y	R1	DLP	17	R1_2	tumour	/srv/home/aste0033/projects/MPNST/scDNA/CHISEL/DLPp/R1/rdr.tsv
LES4677A1_124574_53x_16y	R1	DLP	17	R1_2	tumour	/srv/home/aste0033/projects/MPNST/scDNA/CHISEL/DLPp/R1/rdr.tsv
LES4677A1_124574_53x_22y	R1	DLP	17	R1_2	tumour	/srv/home/aste0033/projects/MPNST/scDNA/CHISEL/DLPp/R1/rdr.tsv
LES4677A1_124574_53x_27y	R1	DLP	17	R1_2	tumour	/srv/home/aste0033/projects/MPNST/scDNA/CHISEL/DLPp/R1/rdr.tsv
LES4677A1_124574_54x_21y	R1	DLP	17	R1_2	tumour	/srv/home/aste0033/projects/MPNST/scDNA/CHISEL/DLPp/R1/rdr.tsv
LES4677A1_124574_54x_25y	R1	DLP	17	R1_2	tumour	/srv/home/aste0033/projects/MPNST/scDNA/CHISEL/DLPp/R1/rdr.tsv
LES4677A1_124574_54x_26y	R1	DLP	17	R1_2	tumour	/srv/home/aste0033/projects/MPNST/scDNA/CHISEL/DLPp/R1/rdr.tsv
LES4677A1_124574_55x_12y	R1	DLP	17	R1_2	tumour	/srv/home/aste0033/projects/MPNST/scDNA/CHISEL/DLPp/R1/rdr.tsv
LES4677A1_124574_55x_35y	R1	DLP	17	R1_2	tumour	/srv/home/aste0033/projects/MPNST/scDNA/CHISEL/DLPp/R1/rdr.tsv
LES4677A1_124574_56x_21y	R1	DLP	17	R1_2	tumour	/srv/home/aste0033/projects/MPNST/scDNA/CHISEL/DLPp/R1/rdr.tsv
LES4677A1_124574_57x_18y	R1	DLP	17	R1_2	tumour	/srv/home/aste0033/projects/MPNST/scDNA/CHISEL/DLPp/R1/rdr.tsv
LES4677A1_124574_58x_19y	R1	DLP	17	R1_2	tumour	/srv/home/aste0033/projects/MPNST/scDNA/CHISEL/DLPp/R1/rdr.tsv
LES4677A1_124574_58x_34y	R1	DLP	17	R1_2	tumour	/srv/home/aste0033/projects/MPNST/scDNA/CHISEL/DLPp/R1/rdr.tsv
LES4677A1_124574_62x_33y	R1	DLP	17	R1_2	tumour	/srv/home/aste0033/projects/MPNST/scDNA/CHISEL/DLPp/R1/rdr.tsv
LES4677A4_124668_45x_45y	R5	DLP	17	R1_2	tumour	/srv/home/aste0033/projects/MPNST/scDNA/CHISEL/DLPp/R5/rdr.tsv
AAAGATGAGCAGGCTA-1	R1	10X	19	R1_3	tumour	/mnt/iribhm/homes/aste0033/projects/MPNST/scDNA/CHISEL/10X/FIT208A3/rdr.tsv
AACGTTGCACGCTGAC-1	R1	10X	19	R1_3	tumour	/mnt/iribhm/homes/aste0033/projects/MPNST/scDNA/CHISEL/10X/FIT208A3/rdr.tsv
AACTCCCCACGGGATA-1	R1	10X	19	R1_3	tumour	/mnt/iribhm/homes/aste0033/projects/MPNST/scDNA/CHISEL/10X/FIT208A3/rdr.tsv
AACTGGTAGGTGCTTT-1	R1	10X	19	R1_3	tumour	/mnt/iribhm/homes/aste0033/projects/MPNST/scDNA/CHISEL/10X/FIT208A3/rdr.tsv
AAGGAGCAGCTATGCT-1	R1	10X	19	R1_3	tumour	/mnt/iribhm/homes/aste0033/projects/MPNST/scDNA/CHISEL/10X/FIT208A3/rdr.tsv
AAGGTTCTCCGGTTCT-1	R1	10X	19	R1_3	tumour	/mnt/iribhm/homes/aste0033/projects/MPNST/scDNA/CHISEL/10X/FIT208A3/rdr.tsv
AATCCAGCATCTTTCA-1	R1	10X	19	R1_3	tumour	/mnt/iribhm/homes/aste0033/projects/MPNST/scDNA/CHISEL/10X/FIT208A3/rdr.tsv
AATCCAGGTCTCTCTG-1	R1	10X	19	R1_3	tumour	/mnt/iribhm/homes/aste0033/projects/MPNST/scDNA/CHISEL/10X/FIT208A3/rdr.tsv
ACACCAAGTCACCGCA-1	R1	10X	19	R1_3	tumour	/mnt/iribhm/homes/aste0033/projects/MPNST/scDNA/CHISEL/10X/FIT208A3/rdr.tsv
ACAGCCGCAGGAGCAT-1	R1	10X	19	R1_3	tumour	/mnt/iribhm/homes/aste0033/projects/MPNST/scDNA/CHISEL/10X/FIT208A3/rdr.tsv
ACAGCCGTCATCAGCA-1	R1	10X	19	R1_3	tumour	/mnt/iribhm/homes/aste0033/projects/MPNST/scDNA/CHISEL/10X/FIT208A3/rdr.tsv
ACATACGGTGTTCCGG-1	R1	10X	19	R1_3	tumour	/mnt/iribhm/homes/aste0033/projects/MPNST/scDNA/CHISEL/10X/FIT208A3/rdr.tsv
ACGCAGCGTAATGACA-1	R1	10X	19	R1_3	tumour	/mnt/iribhm/homes/aste0033/projects/MPNST/scDNA/CHISEL/10X/FIT208A3/rdr.tsv
ACGCCAGCATAGAGGC-1	R1	10X	19	R1_3	tumour	/mnt/iribhm/homes/aste0033/projects/MPNST/scDNA/CHISEL/10X/FIT208A3/rdr.tsv
ACGGAGAAGTCTAGCT-1	R1	10X	19	R1_3	tumour	/mnt/iribhm/homes/aste0033/projects/MPNST/scDNA/CHISEL/10X/FIT208A3/rdr.tsv
ACGGCCACAGATATCC-1	R1	10X	19	R1_3	tumour	/mnt/iribhm/homes/aste0033/projects/MPNST/scDNA/CHISEL/10X/FIT208A3/rdr.tsv
ACGGGTCAGATCCGAG-1	R1	10X	19	R1_3	tumour	/mnt/iribhm/homes/aste0033/projects/MPNST/scDNA/CHISEL/10X/FIT208A3/rdr.tsv
ACTATCTTCTACATGG-1	R1	10X	19	R1_3	tumour	/mnt/iribhm/homes/aste0033/projects/MPNST/scDNA/CHISEL/10X/FIT208A3/rdr.tsv
ACTGATGTCCACTAAG-1	R1	10X	19	R1_3	tumour	/mnt/iribhm/homes/aste0033/projects/MPNST/scDNA/CHISEL/10X/FIT208A3/rdr.tsv
ACTGCTCAGGCTCAGA-1	R1	10X	19	R1_3	tumour	/mnt/iribhm/homes/aste0033/projects/MPNST/scDNA/CHISEL/10X/FIT208A3/rdr.tsv
ACTGCTCGTGATTGGG-1	R1	10X	19	R1_3	tumour	/mnt/iribhm/homes/aste0033/projects/MPNST/scDNA/CHISEL/10X/FIT208A3/rdr.tsv
ACTGTCCAGCCATGCC-1	R1	10X	19	R1_3	tumour	/mnt/iribhm/homes/aste0033/projects/MPNST/scDNA/CHISEL/10X/FIT208A3/rdr.tsv
ACTGTCCAGTGAAGTT-1	R1	10X	19	R1_3	tumour	/mnt/iribhm/homes/aste0033/projects/MPNST/scDNA/CHISEL/10X/FIT208A3/rdr.tsv
ACTTACTCAGGTCTGC-1	R1	10X	19	R1_3	tumour	/mnt/iribhm/homes/aste0033/projects/MPNST/scDNA/CHISEL/10X/FIT208A3/rdr.tsv
ACTTGTTAGGCATTCT-1	R1	10X	19	R1_3	tumour	/mnt/iribhm/homes/aste0033/projects/MPNST/scDNA/CHISEL/10X/FIT208A3/rdr.tsv
AGAGTGGCAACTCATG-1	R1	10X	19	R1_3	tumour	/mnt/iribhm/homes/aste0033/projects/MPNST/scDNA/CHISEL/10X/FIT208A3/rdr.tsv
AGATTGCAGGCACATG-1	R1	10X	19	R1_3	tumour	/mnt/iribhm/homes/aste0033/projects/MPNST/scDNA/CHISEL/10X/FIT208A3/rdr.tsv
AGCAGCCAGATAGTCA-1	R1	10X	19	R1_3	tumour	/mnt/iribhm/homes/aste0033/projects/MPNST/scDNA/CHISEL/10X/FIT208A3/rdr.tsv
AGCATACGTCGCGAAA-1	R1	10X	19	R1_3	tumour	/mnt/iribhm/homes/aste0033/projects/MPNST/scDNA/CHISEL/10X/FIT208A3/rdr.tsv
AGCTCCTGTTTCCTGC-1	R1	10X	19	R1_3	tumour	/mnt/iribhm/homes/aste0033/projects/MPNST/scDNA/CHISEL/10X/FIT208A3/rdr.tsv
AGGTCATAGGTATCGG-1	R1	10X	19	R1_3	tumour	/mnt/iribhm/homes/aste0033/projects/MPNST/scDNA/CHISEL/10X/FIT208A3/rdr.tsv
AGTGTCAAGCAAAGCC-1	R1	10X	19	R1_3	tumour	/mnt/iribhm/homes/aste0033/projects/MPNST/scDNA/CHISEL/10X/FIT208A3/rdr.tsv
ATAGACCCAGACAGTG-1	R1	10X	19	R1_3	tumour	/mnt/iribhm/homes/aste0033/projects/MPNST/scDNA/CHISEL/10X/FIT208A3/rdr.tsv
ATAGACCGTATATGAG-1	R1	10X	19	R1_3	tumour	/mnt/iribhm/homes/aste0033/projects/MPNST/scDNA/CHISEL/10X/FIT208A3/rdr.tsv
ATCACGATCGAACAAA-1	R1	10X	19	R1_3	tumour	/mnt/iribhm/homes/aste0033/projects/MPNST/scDNA/CHISEL/10X/FIT208A3/rdr.tsv
ATCTACTTCCGCTGGA-1	R1	10X	19	R1_3	tumour	/mnt/iribhm/homes/aste0033/projects/MPNST/scDNA/CHISEL/10X/FIT208A3/rdr.tsv
ATGTGTGGTTCCCTAC-1	R1	10X	19	R1_3	tumour	/mnt/iribhm/homes/aste0033/projects/MPNST/scDNA/CHISEL/10X/FIT208A3/rdr.tsv
ATTATCCAGCTAACTC-1	R1	10X	19	R1_3	tumour	/mnt/iribhm/homes/aste0033/projects/MPNST/scDNA/CHISEL/10X/FIT208A3/rdr.tsv
ATTGGTGAGTGATTGA-1	R1	10X	19	R1_3	tumour	/mnt/iribhm/homes/aste0033/projects/MPNST/scDNA/CHISEL/10X/FIT208A3/rdr.tsv
ATTGGTGGTGCTTCCT-1	R1	10X	19	R1_3	tumour	/mnt/iribhm/homes/aste0033/projects/MPNST/scDNA/CHISEL/10X/FIT208A3/rdr.tsv
CAACCAAAGCCATGCC-1	R1	10X	19	R1_3	tumour	/mnt/iribhm/homes/aste0033/projects/MPNST/scDNA/CHISEL/10X/FIT208A3/rdr.tsv
CAACCAACAACACCGC-1	R1	10X	19	R1_3	tumour	/mnt/iribhm/homes/aste0033/projects/MPNST/scDNA/CHISEL/10X/FIT208A3/rdr.tsv
CAACCTCGTCCGGTGT-1	R1	10X	19	R1_3	tumour	/mnt/iribhm/homes/aste0033/projects/MPNST/scDNA/CHISEL/10X/FIT208A3/rdr.tsv
CAACCTCTCTACGGAT-1	R1	10X	19	R1_3	tumour	/mnt/iribhm/homes/aste0033/projects/MPNST/scDNA/CHISEL/10X/FIT208A3/rdr.tsv
CAAGATCGTTTACTCT-1	R1	10X	19	R1_3	tumour	/mnt/iribhm/homes/aste0033/projects/MPNST/scDNA/CHISEL/10X/FIT208A3/rdr.tsv
CAAGGCCAGGCTCAGA-1	R1	10X	19	R1_3	tumour	/mnt/iribhm/homes/aste0033/projects/MPNST/scDNA/CHISEL/10X/FIT208A3/rdr.tsv
CACACAACACTCCCTA-1	R1	10X	19	R1_3	tumour	/mnt/iribhm/homes/aste0033/projects/MPNST/scDNA/CHISEL/10X/FIT208A3/rdr.tsv
CACAGGCTCTCATCTA-1	R1	10X	19	R1_3	tumour	/mnt/iribhm/homes/aste0033/projects/MPNST/scDNA/CHISEL/10X/FIT208A3/rdr.tsv
CACAGTACACAAACTC-1	R1	10X	19	R1_3	tumour	/mnt/iribhm/homes/aste0033/projects/MPNST/scDNA/CHISEL/10X/FIT208A3/rdr.tsv
CACATTTGTTTCCTGC-1	R1	10X	19	R1_3	tumour	/mnt/iribhm/homes/aste0033/projects/MPNST/scDNA/CHISEL/10X/FIT208A3/rdr.tsv
CACCACTGTGAAAGAG-1	R1	10X	19	R1_3	tumour	/mnt/iribhm/homes/aste0033/projects/MPNST/scDNA/CHISEL/10X/FIT208A3/rdr.tsv
CACCAGGCAGGGCTTC-1	R1	10X	19	R1_3	tumour	/mnt/iribhm/homes/aste0033/projects/MPNST/scDNA/CHISEL/10X/FIT208A3/rdr.tsv
CAGAATCTCGCTCTGT-1	R1	10X	19	R1_3	tumour	/mnt/iribhm/homes/aste0033/projects/MPNST/scDNA/CHISEL/10X/FIT208A3/rdr.tsv
CAGAGAGCATCCTGGG-1	R1	10X	19	R1_3	tumour	/mnt/iribhm/homes/aste0033/projects/MPNST/scDNA/CHISEL/10X/FIT208A3/rdr.tsv
CAGCGACAGCTGGTCC-1	R1	10X	19	R1_3	tumour	/mnt/iribhm/homes/aste0033/projects/MPNST/scDNA/CHISEL/10X/FIT208A3/rdr.tsv
CATATTCCAACGAAAT-1	R1	10X	19	R1_3	tumour	/mnt/iribhm/homes/aste0033/projects/MPNST/scDNA/CHISEL/10X/FIT208A3/rdr.tsv
CATATTCTCACTACAG-1	R1	10X	19	R1_3	tumour	/mnt/iribhm/homes/aste0033/projects/MPNST/scDNA/CHISEL/10X/FIT208A3/rdr.tsv
CATCGGGTCAACAGCT-1	R1	10X	19	R1_3	tumour	/mnt/iribhm/homes/aste0033/projects/MPNST/scDNA/CHISEL/10X/FIT208A3/rdr.tsv
CATCGGGTCCGCTGAG-1	R1	10X	19	R1_3	tumour	/mnt/iribhm/homes/aste0033/projects/MPNST/scDNA/CHISEL/10X/FIT208A3/rdr.tsv
CATGACATCTGAAGTC-1	R1	10X	19	R1_3	tumour	/mnt/iribhm/homes/aste0033/projects/MPNST/scDNA/CHISEL/10X/FIT208A3/rdr.tsv
CATGCCTCATCGGTCG-1	R1	10X	19	R1_3	tumour	/mnt/iribhm/homes/aste0033/projects/MPNST/scDNA/CHISEL/10X/FIT208A3/rdr.tsv
CATTCGCTCGGAAGAC-1	R1	10X	19	R1_3	tumour	/mnt/iribhm/homes/aste0033/projects/MPNST/scDNA/CHISEL/10X/FIT208A3/rdr.tsv
CCACGGAAGAATCGTA-1	R1	10X	19	R1_3	tumour	/mnt/iribhm/homes/aste0033/projects/MPNST/scDNA/CHISEL/10X/FIT208A3/rdr.tsv
CCACGGAAGTGTCCAT-1	R1	10X	19	R1_3	tumour	/mnt/iribhm/homes/aste0033/projects/MPNST/scDNA/CHISEL/10X/FIT208A3/rdr.tsv
CCAGCGAAGCGATATA-1	R1	10X	19	R1_3	tumour	/mnt/iribhm/homes/aste0033/projects/MPNST/scDNA/CHISEL/10X/FIT208A3/rdr.tsv
CCAGCGAGTACGTCAT-1	R1	10X	19	R1_3	tumour	/mnt/iribhm/homes/aste0033/projects/MPNST/scDNA/CHISEL/10X/FIT208A3/rdr.tsv
CCATGTCAGCGTGAAC-1	R1	10X	19	R1_3	tumour	/mnt/iribhm/homes/aste0033/projects/MPNST/scDNA/CHISEL/10X/FIT208A3/rdr.tsv
CCATGTCGTCATACTG-1	R1	10X	19	R1_3	tumour	/mnt/iribhm/homes/aste0033/projects/MPNST/scDNA/CHISEL/10X/FIT208A3/rdr.tsv
CCGGGATTCTCGAGCG-1	R1	10X	19	R1_3	tumour	/mnt/iribhm/homes/aste0033/projects/MPNST/scDNA/CHISEL/10X/FIT208A3/rdr.tsv
CCGGGATTCTCGGAAT-1	R1	10X	19	R1_3	tumour	/mnt/iribhm/homes/aste0033/projects/MPNST/scDNA/CHISEL/10X/FIT208A3/rdr.tsv
CCTACACCAGCGCTTG-1	R1	10X	19	R1_3	tumour	/mnt/iribhm/homes/aste0033/projects/MPNST/scDNA/CHISEL/10X/FIT208A3/rdr.tsv
CCTCAGTTCCCAAAGT-1	R1	10X	19	R1_3	tumour	/mnt/iribhm/homes/aste0033/projects/MPNST/scDNA/CHISEL/10X/FIT208A3/rdr.tsv
CCTCAGTTCTAAGACC-1	R1	10X	19	R1_3	tumour	/mnt/iribhm/homes/aste0033/projects/MPNST/scDNA/CHISEL/10X/FIT208A3/rdr.tsv
CCTTACGTCAGCACGC-1	R1	10X	19	R1_3	tumour	/mnt/iribhm/homes/aste0033/projects/MPNST/scDNA/CHISEL/10X/FIT208A3/rdr.tsv
CCTTCCCAGAAGGTTT-1	R1	10X	19	R1_3	tumour	/mnt/iribhm/homes/aste0033/projects/MPNST/scDNA/CHISEL/10X/FIT208A3/rdr.tsv
CGAATGTCACTACGTA-1	R1	10X	19	R1_3	tumour	/mnt/iribhm/homes/aste0033/projects/MPNST/scDNA/CHISEL/10X/FIT208A3/rdr.tsv
CGACCTTCAAGTAAGT-1	R1	10X	19	R1_3	tumour	/mnt/iribhm/homes/aste0033/projects/MPNST/scDNA/CHISEL/10X/FIT208A3/rdr.tsv
CGACTTCCAGACTCCG-1	R1	10X	19	R1_3	tumour	/mnt/iribhm/homes/aste0033/projects/MPNST/scDNA/CHISEL/10X/FIT208A3/rdr.tsv
CGAGAAGCATCCGTTC-1	R1	10X	19	R1_3	tumour	/mnt/iribhm/homes/aste0033/projects/MPNST/scDNA/CHISEL/10X/FIT208A3/rdr.tsv
CGATGTAAGGTGTGGT-1	R1	10X	19	R1_3	tumour	/mnt/iribhm/homes/aste0033/projects/MPNST/scDNA/CHISEL/10X/FIT208A3/rdr.tsv
CGCCAAGGTTCAGTAC-1	R1	10X	19	R1_3	tumour	/mnt/iribhm/homes/aste0033/projects/MPNST/scDNA/CHISEL/10X/FIT208A3/rdr.tsv
CGCGGTAAGCTCAACT-1	R1	10X	19	R1_3	tumour	/mnt/iribhm/homes/aste0033/projects/MPNST/scDNA/CHISEL/10X/FIT208A3/rdr.tsv
CGCTGGACACTTGCAA-1	R1	10X	19	R1_3	tumour	/mnt/iribhm/homes/aste0033/projects/MPNST/scDNA/CHISEL/10X/FIT208A3/rdr.tsv
CGCTTCACAGTTATGC-1	R1	10X	19	R1_3	tumour	/mnt/iribhm/homes/aste0033/projects/MPNST/scDNA/CHISEL/10X/FIT208A3/rdr.tsv
CGGACGTCACACACGC-1	R1	10X	19	R1_3	tumour	/mnt/iribhm/homes/aste0033/projects/MPNST/scDNA/CHISEL/10X/FIT208A3/rdr.tsv
CGGACTGTCTCGTCTG-1	R1	10X	19	R1_3	tumour	/mnt/iribhm/homes/aste0033/projects/MPNST/scDNA/CHISEL/10X/FIT208A3/rdr.tsv
CGGAGTCGTCCAAGTT-1	R1	10X	19	R1_3	tumour	/mnt/iribhm/homes/aste0033/projects/MPNST/scDNA/CHISEL/10X/FIT208A3/rdr.tsv
CGTAGCGAGATAGTCA-1	R1	10X	19	R1_3	tumour	/mnt/iribhm/homes/aste0033/projects/MPNST/scDNA/CHISEL/10X/FIT208A3/rdr.tsv
CGTAGCGGTTATCCGA-1	R1	10X	19	R1_3	tumour	/mnt/iribhm/homes/aste0033/projects/MPNST/scDNA/CHISEL/10X/FIT208A3/rdr.tsv
CGTCACTGTGTCTCAA-1	R1	10X	19	R1_3	tumour	/mnt/iribhm/homes/aste0033/projects/MPNST/scDNA/CHISEL/10X/FIT208A3/rdr.tsv
CGTCAGGAGAGGTAGA-1	R1	10X	19	R1_3	tumour	/mnt/iribhm/homes/aste0033/projects/MPNST/scDNA/CHISEL/10X/FIT208A3/rdr.tsv
CGTCAGGAGCTTTGGT-1	R1	10X	19	R1_3	tumour	/mnt/iribhm/homes/aste0033/projects/MPNST/scDNA/CHISEL/10X/FIT208A3/rdr.tsv
CGTCAGGCAGGTGCAA-1	R1	10X	19	R1_3	tumour	/mnt/iribhm/homes/aste0033/projects/MPNST/scDNA/CHISEL/10X/FIT208A3/rdr.tsv
CGTCAGGTCTGCACTC-1	R1	10X	19	R1_3	tumour	/mnt/iribhm/homes/aste0033/projects/MPNST/scDNA/CHISEL/10X/FIT208A3/rdr.tsv
CGTTAGAGTACCTCGG-1	R1	10X	19	R1_3	tumour	/mnt/iribhm/homes/aste0033/projects/MPNST/scDNA/CHISEL/10X/FIT208A3/rdr.tsv
CTACCCACAACGTTTG-1	R1	10X	19	R1_3	tumour	/mnt/iribhm/homes/aste0033/projects/MPNST/scDNA/CHISEL/10X/FIT208A3/rdr.tsv
CTCATTACAAATAGGT-1	R1	10X	19	R1_3	tumour	/mnt/iribhm/homes/aste0033/projects/MPNST/scDNA/CHISEL/10X/FIT208A3/rdr.tsv
CTCGAGGTCGTTGCAA-1	R1	10X	19	R1_3	tumour	/mnt/iribhm/homes/aste0033/projects/MPNST/scDNA/CHISEL/10X/FIT208A3/rdr.tsv
CTCTAATTCTTCCGAC-1	R1	10X	19	R1_3	tumour	/mnt/iribhm/homes/aste0033/projects/MPNST/scDNA/CHISEL/10X/FIT208A3/rdr.tsv
CTCTACGGTCCAAGTT-1	R1	10X	19	R1_3	tumour	/mnt/iribhm/homes/aste0033/projects/MPNST/scDNA/CHISEL/10X/FIT208A3/rdr.tsv
CTCTGGTTCCTAGACA-1	R1	10X	19	R1_3	tumour	/mnt/iribhm/homes/aste0033/projects/MPNST/scDNA/CHISEL/10X/FIT208A3/rdr.tsv
CTCTGGTTCGCCCAGA-1	R5	10X	19	R1_3	tumour	/mnt/iribhm/homes/aste0033/projects/MPNST/scDNA/CHISEL/10X/FIT208A7/rdr.tsv
CTGAAGTCAATCCTTT-1	R1	10X	19	R1_3	tumour	/mnt/iribhm/homes/aste0033/projects/MPNST/scDNA/CHISEL/10X/FIT208A3/rdr.tsv
CTGATAGCACAAGCTT-1	R5	10X	19	R1_3	tumour	/mnt/iribhm/homes/aste0033/projects/MPNST/scDNA/CHISEL/10X/FIT208A7/rdr.tsv
CTGCCTATCCTCCTGA-1	R1	10X	19	R1_3	tumour	/mnt/iribhm/homes/aste0033/projects/MPNST/scDNA/CHISEL/10X/FIT208A3/rdr.tsv
CTGCCTATCTCGAGCG-1	R1	10X	19	R1_3	tumour	/mnt/iribhm/homes/aste0033/projects/MPNST/scDNA/CHISEL/10X/FIT208A3/rdr.tsv
CTGCTGTGTTTGCCTC-1	R1	10X	19	R1_3	tumour	/mnt/iribhm/homes/aste0033/projects/MPNST/scDNA/CHISEL/10X/FIT208A3/rdr.tsv
CTGTGCTAGATGTGGC-1	R1	10X	19	R1_3	tumour	/mnt/iribhm/homes/aste0033/projects/MPNST/scDNA/CHISEL/10X/FIT208A3/rdr.tsv
CTGTGCTAGGAATCGC-1	R1	10X	19	R1_3	tumour	/mnt/iribhm/homes/aste0033/projects/MPNST/scDNA/CHISEL/10X/FIT208A3/rdr.tsv
CTGTTTATCGATCCGG-1	R1	10X	19	R1_3	tumour	/mnt/iribhm/homes/aste0033/projects/MPNST/scDNA/CHISEL/10X/FIT208A3/rdr.tsv
CTTACCGAGGGCCATA-1	R1	10X	19	R1_3	tumour	/mnt/iribhm/homes/aste0033/projects/MPNST/scDNA/CHISEL/10X/FIT208A3/rdr.tsv
CTTAGGATCATTGCTT-1	R1	10X	19	R1_3	tumour	/mnt/iribhm/homes/aste0033/projects/MPNST/scDNA/CHISEL/10X/FIT208A3/rdr.tsv
CTTCTCTGTACTAGGG-1	R1	10X	19	R1_3	tumour	/mnt/iribhm/homes/aste0033/projects/MPNST/scDNA/CHISEL/10X/FIT208A3/rdr.tsv
CTTGGCTTCCAACGAT-1	R1	10X	19	R1_3	tumour	/mnt/iribhm/homes/aste0033/projects/MPNST/scDNA/CHISEL/10X/FIT208A3/rdr.tsv
GAAACTCAGACTAGAT-1	R1	10X	19	R1_3	tumour	/mnt/iribhm/homes/aste0033/projects/MPNST/scDNA/CHISEL/10X/FIT208A3/rdr.tsv
GAACATCGTGAAAGAG-1	R1	10X	19	R1_3	tumour	/mnt/iribhm/homes/aste0033/projects/MPNST/scDNA/CHISEL/10X/FIT208A3/rdr.tsv
GAACGGAAGACTGGGT-1	R1	10X	19	R1_3	tumour	/mnt/iribhm/homes/aste0033/projects/MPNST/scDNA/CHISEL/10X/FIT208A3/rdr.tsv
GAAGCAGTCCAAGGGA-1	R1	10X	19	R1_3	tumour	/mnt/iribhm/homes/aste0033/projects/MPNST/scDNA/CHISEL/10X/FIT208A3/rdr.tsv
GAATGAATCAAGAAAC-1	R1	10X	19	R1_3	tumour	/mnt/iribhm/homes/aste0033/projects/MPNST/scDNA/CHISEL/10X/FIT208A3/rdr.tsv
GACAGAGTCCAACGTA-1	R1	10X	19	R1_3	tumour	/mnt/iribhm/homes/aste0033/projects/MPNST/scDNA/CHISEL/10X/FIT208A3/rdr.tsv
GACCTGGTCCAGGTTA-1	R1	10X	19	R1_3	tumour	/mnt/iribhm/homes/aste0033/projects/MPNST/scDNA/CHISEL/10X/FIT208A3/rdr.tsv
GACGTGCGTGTGTATC-1	R1	10X	19	R1_3	tumour	/mnt/iribhm/homes/aste0033/projects/MPNST/scDNA/CHISEL/10X/FIT208A3/rdr.tsv
GACTGCGCAGGCCTTG-1	R1	10X	19	R1_3	tumour	/mnt/iribhm/homes/aste0033/projects/MPNST/scDNA/CHISEL/10X/FIT208A3/rdr.tsv
GATCGATGTGGATAAT-1	R1	10X	19	R1_3	tumour	/mnt/iribhm/homes/aste0033/projects/MPNST/scDNA/CHISEL/10X/FIT208A3/rdr.tsv
GATCGCGTCAAGCCGC-1	R1	10X	19	R1_3	tumour	/mnt/iribhm/homes/aste0033/projects/MPNST/scDNA/CHISEL/10X/FIT208A3/rdr.tsv
GATCTAGAGATAGTCA-1	R1	10X	19	R1_3	tumour	/mnt/iribhm/homes/aste0033/projects/MPNST/scDNA/CHISEL/10X/FIT208A3/rdr.tsv
GATGAAAAGGGATTCG-1	R1	10X	19	R1_3	tumour	/mnt/iribhm/homes/aste0033/projects/MPNST/scDNA/CHISEL/10X/FIT208A3/rdr.tsv
GATGAAATCGGTGCGT-1	R1	10X	19	R1_3	tumour	/mnt/iribhm/homes/aste0033/projects/MPNST/scDNA/CHISEL/10X/FIT208A3/rdr.tsv
GATGAGGCAAATTCCG-1	R1	10X	19	R1_3	tumour	/mnt/iribhm/homes/aste0033/projects/MPNST/scDNA/CHISEL/10X/FIT208A3/rdr.tsv
GATGAGGGTATTGAAG-1	R1	10X	19	R1_3	tumour	/mnt/iribhm/homes/aste0033/projects/MPNST/scDNA/CHISEL/10X/FIT208A3/rdr.tsv
GCAATCACAAGTCGGA-1	R1	10X	19	R1_3	tumour	/mnt/iribhm/homes/aste0033/projects/MPNST/scDNA/CHISEL/10X/FIT208A3/rdr.tsv
GCAATCAGTGATATGA-1	R2	10X	19	R1_3	tumour	/mnt/iribhm/homes/aste0033/projects/MPNST/scDNA/CHISEL/10X/FIT208A4/rdr.tsv
GCACATAGTCGCTTCT-1	R1	10X	19	R1_3	tumour	/mnt/iribhm/homes/aste0033/projects/MPNST/scDNA/CHISEL/10X/FIT208A3/rdr.tsv
GCAGCCAAGCTTTCAG-1	R1	10X	19	R1_3	tumour	/mnt/iribhm/homes/aste0033/projects/MPNST/scDNA/CHISEL/10X/FIT208A3/rdr.tsv
GCATGATTCCCACGGA-1	R1	10X	19	R1_3	tumour	/mnt/iribhm/homes/aste0033/projects/MPNST/scDNA/CHISEL/10X/FIT208A3/rdr.tsv
GCATGCGGTTCAGTGT-1	R1	10X	19	R1_3	tumour	/mnt/iribhm/homes/aste0033/projects/MPNST/scDNA/CHISEL/10X/FIT208A3/rdr.tsv
GCATGTAGTCCATGAT-1	R1	10X	19	R1_3	tumour	/mnt/iribhm/homes/aste0033/projects/MPNST/scDNA/CHISEL/10X/FIT208A3/rdr.tsv
GCCAAATAGCCGGTAA-1	R1	10X	19	R1_3	tumour	/mnt/iribhm/homes/aste0033/projects/MPNST/scDNA/CHISEL/10X/FIT208A3/rdr.tsv
GCCAAATTCTGTCGAA-1	R1	10X	19	R1_3	tumour	/mnt/iribhm/homes/aste0033/projects/MPNST/scDNA/CHISEL/10X/FIT208A3/rdr.tsv
GCGCAGTTCCTCAGTC-1	R1	10X	19	R1_3	tumour	/mnt/iribhm/homes/aste0033/projects/MPNST/scDNA/CHISEL/10X/FIT208A3/rdr.tsv
GCGCGATAGAAGATTC-1	R1	10X	19	R1_3	tumour	/mnt/iribhm/homes/aste0033/projects/MPNST/scDNA/CHISEL/10X/FIT208A3/rdr.tsv
GCGGGTTAGGCACATG-1	R1	10X	19	R1_3	tumour	/mnt/iribhm/homes/aste0033/projects/MPNST/scDNA/CHISEL/10X/FIT208A3/rdr.tsv
GCGGGTTCATGGGCCT-1	R1	10X	19	R1_3	tumour	/mnt/iribhm/homes/aste0033/projects/MPNST/scDNA/CHISEL/10X/FIT208A3/rdr.tsv
GCGGGTTGTGAAGCCA-1	R1	10X	19	R1_3	tumour	/mnt/iribhm/homes/aste0033/projects/MPNST/scDNA/CHISEL/10X/FIT208A3/rdr.tsv
GCTGCGAGTTAGCTCA-1	R1	10X	19	R1_3	tumour	/mnt/iribhm/homes/aste0033/projects/MPNST/scDNA/CHISEL/10X/FIT208A3/rdr.tsv
GCTGCTTAGATTACCC-1	R1	10X	19	R1_3	tumour	/mnt/iribhm/homes/aste0033/projects/MPNST/scDNA/CHISEL/10X/FIT208A3/rdr.tsv
GGAACTTCATGTTGCA-1	R1	10X	19	R1_3	tumour	/mnt/iribhm/homes/aste0033/projects/MPNST/scDNA/CHISEL/10X/FIT208A3/rdr.tsv
GGAACTTTCCGTAATG-1	R1	10X	19	R1_3	tumour	/mnt/iribhm/homes/aste0033/projects/MPNST/scDNA/CHISEL/10X/FIT208A3/rdr.tsv
GGAATAAAGTTAGCGG-1	R1	10X	19	R1_3	tumour	/mnt/iribhm/homes/aste0033/projects/MPNST/scDNA/CHISEL/10X/FIT208A3/rdr.tsv
GGATGTTTCCAGGCGT-1	R1	10X	19	R1_3	tumour	/mnt/iribhm/homes/aste0033/projects/MPNST/scDNA/CHISEL/10X/FIT208A3/rdr.tsv
GGATTACTCCAACAAC-1	R1	10X	19	R1_3	tumour	/mnt/iribhm/homes/aste0033/projects/MPNST/scDNA/CHISEL/10X/FIT208A3/rdr.tsv
GGCAATTTCCGGCTAG-1	R1	10X	19	R1_3	tumour	/mnt/iribhm/homes/aste0033/projects/MPNST/scDNA/CHISEL/10X/FIT208A3/rdr.tsv
GGCCGATTCGACCATA-1	R1	10X	19	R1_3	tumour	/mnt/iribhm/homes/aste0033/projects/MPNST/scDNA/CHISEL/10X/FIT208A3/rdr.tsv
GGCGACTGTTCCCTAC-1	R1	10X	19	R1_3	tumour	/mnt/iribhm/homes/aste0033/projects/MPNST/scDNA/CHISEL/10X/FIT208A3/rdr.tsv
GGCTCGATCTACGGGC-1	R1	10X	19	R1_3	tumour	/mnt/iribhm/homes/aste0033/projects/MPNST/scDNA/CHISEL/10X/FIT208A3/rdr.tsv
GGGAATGTCTGTATGG-1	R1	10X	19	R1_3	tumour	/mnt/iribhm/homes/aste0033/projects/MPNST/scDNA/CHISEL/10X/FIT208A3/rdr.tsv
GGGAGATTCTACGGAT-1	R5	10X	19	R1_3	tumour	/mnt/iribhm/homes/aste0033/projects/MPNST/scDNA/CHISEL/10X/FIT208A7/rdr.tsv
GGGATGATCCCGGACA-1	R1	10X	19	R1_3	tumour	/mnt/iribhm/homes/aste0033/projects/MPNST/scDNA/CHISEL/10X/FIT208A3/rdr.tsv
GGGCACTGTAGGGTGT-1	R1	10X	19	R1_3	tumour	/mnt/iribhm/homes/aste0033/projects/MPNST/scDNA/CHISEL/10X/FIT208A3/rdr.tsv
GGGTCTGAGTGCGATG-1	R1	10X	19	R1_3	tumour	/mnt/iribhm/homes/aste0033/projects/MPNST/scDNA/CHISEL/10X/FIT208A3/rdr.tsv
GGGTTGCAGTGTTGAA-1	R1	10X	19	R1_3	tumour	/mnt/iribhm/homes/aste0033/projects/MPNST/scDNA/CHISEL/10X/FIT208A3/rdr.tsv
GGGTTGCCATCCTGGG-1	R1	10X	19	R1_3	tumour	/mnt/iribhm/homes/aste0033/projects/MPNST/scDNA/CHISEL/10X/FIT208A3/rdr.tsv
GGTATTGGTGGGCCTT-1	R1	10X	19	R1_3	tumour	/mnt/iribhm/homes/aste0033/projects/MPNST/scDNA/CHISEL/10X/FIT208A3/rdr.tsv
GGTGTTACAAGACGAC-1	R1	10X	19	R1_3	tumour	/mnt/iribhm/homes/aste0033/projects/MPNST/scDNA/CHISEL/10X/FIT208A3/rdr.tsv
GGTGTTATCATCAGCA-1	R1	10X	19	R1_3	tumour	/mnt/iribhm/homes/aste0033/projects/MPNST/scDNA/CHISEL/10X/FIT208A3/rdr.tsv
GTAACGTAGCAGTAGC-1	R1	10X	19	R1_3	tumour	/mnt/iribhm/homes/aste0033/projects/MPNST/scDNA/CHISEL/10X/FIT208A3/rdr.tsv
GTAACGTTCAATAGGA-1	R1	10X	19	R1_3	tumour	/mnt/iribhm/homes/aste0033/projects/MPNST/scDNA/CHISEL/10X/FIT208A3/rdr.tsv
GTACTCCAGTCCAGGA-1	R1	10X	19	R1_3	tumour	/mnt/iribhm/homes/aste0033/projects/MPNST/scDNA/CHISEL/10X/FIT208A3/rdr.tsv
GTACTTTCAGTGCTTA-1	R1	10X	19	R1_3	tumour	/mnt/iribhm/homes/aste0033/projects/MPNST/scDNA/CHISEL/10X/FIT208A3/rdr.tsv
GTAGTCATCCCTTATA-1	R1	10X	19	R1_3	tumour	/mnt/iribhm/homes/aste0033/projects/MPNST/scDNA/CHISEL/10X/FIT208A3/rdr.tsv
GTCTTCGAGTGGACGT-1	R1	10X	19	R1_3	tumour	/mnt/iribhm/homes/aste0033/projects/MPNST/scDNA/CHISEL/10X/FIT208A3/rdr.tsv
GTGCAGCAGCAGTCTT-1	R1	10X	19	R1_3	tumour	/mnt/iribhm/homes/aste0033/projects/MPNST/scDNA/CHISEL/10X/FIT208A3/rdr.tsv
GTGTGCGCAGAAGACC-1	R1	10X	19	R1_3	tumour	/mnt/iribhm/homes/aste0033/projects/MPNST/scDNA/CHISEL/10X/FIT208A3/rdr.tsv
GTTCATTTCTGATCAG-1	R1	10X	19	R1_3	tumour	/mnt/iribhm/homes/aste0033/projects/MPNST/scDNA/CHISEL/10X/FIT208A3/rdr.tsv
GTTCTCGTCCGCTGAG-1	R1	10X	19	R1_3	tumour	/mnt/iribhm/homes/aste0033/projects/MPNST/scDNA/CHISEL/10X/FIT208A3/rdr.tsv
GTTCTCGTCGGAGTTT-1	R1	10X	19	R1_3	tumour	/mnt/iribhm/homes/aste0033/projects/MPNST/scDNA/CHISEL/10X/FIT208A3/rdr.tsv
TAAACCGGTGCACTTA-1	R1	10X	19	R1_3	tumour	/mnt/iribhm/homes/aste0033/projects/MPNST/scDNA/CHISEL/10X/FIT208A3/rdr.tsv
TAAGCGTAGTGTACGG-1	R1	10X	19	R1_3	tumour	/mnt/iribhm/homes/aste0033/projects/MPNST/scDNA/CHISEL/10X/FIT208A3/rdr.tsv
TAAGTGCCAGCCCGAT-1	R1	10X	19	R1_3	tumour	/mnt/iribhm/homes/aste0033/projects/MPNST/scDNA/CHISEL/10X/FIT208A3/rdr.tsv
TACACGAGTAACGCGA-1	R5	10X	19	R1_3	tumour	/mnt/iribhm/homes/aste0033/projects/MPNST/scDNA/CHISEL/10X/FIT208A7/rdr.tsv
TACCTATAGCGGATCA-1	R1	10X	19	R1_3	tumour	/mnt/iribhm/homes/aste0033/projects/MPNST/scDNA/CHISEL/10X/FIT208A3/rdr.tsv
TACCTTAAGCAGTAGC-1	R1	10X	19	R1_3	tumour	/mnt/iribhm/homes/aste0033/projects/MPNST/scDNA/CHISEL/10X/FIT208A3/rdr.tsv
TACGGATGTACTAGGG-1	R1	10X	19	R1_3	tumour	/mnt/iribhm/homes/aste0033/projects/MPNST/scDNA/CHISEL/10X/FIT208A3/rdr.tsv
TACGGATGTTGGAGCA-1	R1	10X	19	R1_3	tumour	/mnt/iribhm/homes/aste0033/projects/MPNST/scDNA/CHISEL/10X/FIT208A3/rdr.tsv
TACGGTAGTACTAGGG-1	R1	10X	19	R1_3	tumour	/mnt/iribhm/homes/aste0033/projects/MPNST/scDNA/CHISEL/10X/FIT208A3/rdr.tsv
TACTCGCAGAGGGATA-1	R1	10X	19	R1_3	tumour	/mnt/iribhm/homes/aste0033/projects/MPNST/scDNA/CHISEL/10X/FIT208A3/rdr.tsv
TAGAGCTTCAACAGTC-1	R1	10X	19	R1_3	tumour	/mnt/iribhm/homes/aste0033/projects/MPNST/scDNA/CHISEL/10X/FIT208A3/rdr.tsv
TAGGCATAGAGAACAG-1	R1	10X	19	R1_3	tumour	/mnt/iribhm/homes/aste0033/projects/MPNST/scDNA/CHISEL/10X/FIT208A3/rdr.tsv
TATCTCATCTACGGCG-1	R1	10X	19	R1_3	tumour	/mnt/iribhm/homes/aste0033/projects/MPNST/scDNA/CHISEL/10X/FIT208A3/rdr.tsv
TATGCCCTCTGCTGAA-1	R1	10X	19	R1_3	tumour	/mnt/iribhm/homes/aste0033/projects/MPNST/scDNA/CHISEL/10X/FIT208A3/rdr.tsv
TCACAAGTCCCGCATT-1	R1	10X	19	R1_3	tumour	/mnt/iribhm/homes/aste0033/projects/MPNST/scDNA/CHISEL/10X/FIT208A3/rdr.tsv
TCACGAAAGCCAGAAC-1	R1	10X	19	R1_3	tumour	/mnt/iribhm/homes/aste0033/projects/MPNST/scDNA/CHISEL/10X/FIT208A3/rdr.tsv
TCAGGTACAGCGCCAT-1	R1	10X	19	R1_3	tumour	/mnt/iribhm/homes/aste0033/projects/MPNST/scDNA/CHISEL/10X/FIT208A3/rdr.tsv
TCATTACAGAAACGCC-1	R1	10X	19	R1_3	tumour	/mnt/iribhm/homes/aste0033/projects/MPNST/scDNA/CHISEL/10X/FIT208A3/rdr.tsv
TCCCGATAGTACGTTC-1	R1	10X	19	R1_3	tumour	/mnt/iribhm/homes/aste0033/projects/MPNST/scDNA/CHISEL/10X/FIT208A3/rdr.tsv
TCCCGATCACGTCATA-1	R1	10X	19	R1_3	tumour	/mnt/iribhm/homes/aste0033/projects/MPNST/scDNA/CHISEL/10X/FIT208A3/rdr.tsv
TCGCGAGTCACGCGAC-1	R1	10X	19	R1_3	tumour	/mnt/iribhm/homes/aste0033/projects/MPNST/scDNA/CHISEL/10X/FIT208A3/rdr.tsv
TCGCGTTTCTGGAGTT-1	R1	10X	19	R1_3	tumour	/mnt/iribhm/homes/aste0033/projects/MPNST/scDNA/CHISEL/10X/FIT208A3/rdr.tsv
TCTGAGAGTGGATAAT-1	R1	10X	19	R1_3	tumour	/mnt/iribhm/homes/aste0033/projects/MPNST/scDNA/CHISEL/10X/FIT208A3/rdr.tsv
TCTTTCCCAAATCAGA-1	R1	10X	19	R1_3	tumour	/mnt/iribhm/homes/aste0033/projects/MPNST/scDNA/CHISEL/10X/FIT208A3/rdr.tsv
TGACAACAGCAGCCCT-1	R1	10X	19	R1_3	tumour	/mnt/iribhm/homes/aste0033/projects/MPNST/scDNA/CHISEL/10X/FIT208A3/rdr.tsv
TGACAACTCGCCAACG-1	R1	10X	19	R1_3	tumour	/mnt/iribhm/homes/aste0033/projects/MPNST/scDNA/CHISEL/10X/FIT208A3/rdr.tsv
TGACGGCAGTCGCCGT-1	R1	10X	19	R1_3	tumour	/mnt/iribhm/homes/aste0033/projects/MPNST/scDNA/CHISEL/10X/FIT208A3/rdr.tsv
TGACTAGCATACTGCA-1	R1	10X	19	R1_3	tumour	/mnt/iribhm/homes/aste0033/projects/MPNST/scDNA/CHISEL/10X/FIT208A3/rdr.tsv
TGACTAGTCTGCGGGT-1	R1	10X	19	R1_3	tumour	/mnt/iribhm/homes/aste0033/projects/MPNST/scDNA/CHISEL/10X/FIT208A3/rdr.tsv
TGAGAGGGTAGATGCG-1	R1	10X	19	R1_3	tumour	/mnt/iribhm/homes/aste0033/projects/MPNST/scDNA/CHISEL/10X/FIT208A3/rdr.tsv
TGAGCATCAATAGGAT-1	R1	10X	19	R1_3	tumour	/mnt/iribhm/homes/aste0033/projects/MPNST/scDNA/CHISEL/10X/FIT208A3/rdr.tsv
TGAGCCGAGAAACCTA-1	R1	10X	19	R1_3	tumour	/mnt/iribhm/homes/aste0033/projects/MPNST/scDNA/CHISEL/10X/FIT208A3/rdr.tsv
TGAGCCGTCGATAAGA-1	R1	10X	19	R1_3	tumour	/mnt/iribhm/homes/aste0033/projects/MPNST/scDNA/CHISEL/10X/FIT208A3/rdr.tsv
TGATTTCTCGGTCACG-1	R5	10X	19	R1_3	tumour	/mnt/iribhm/homes/aste0033/projects/MPNST/scDNA/CHISEL/10X/FIT208A7/rdr.tsv
TGCCAAAAGCAGCCCT-1	R1	10X	19	R1_3	tumour	/mnt/iribhm/homes/aste0033/projects/MPNST/scDNA/CHISEL/10X/FIT208A3/rdr.tsv
TGCCCATAGGAGCGTT-1	R1	10X	19	R1_3	tumour	/mnt/iribhm/homes/aste0033/projects/MPNST/scDNA/CHISEL/10X/FIT208A3/rdr.tsv
TGCCCATGTGTGTATC-1	R1	10X	19	R1_3	tumour	/mnt/iribhm/homes/aste0033/projects/MPNST/scDNA/CHISEL/10X/FIT208A3/rdr.tsv
TGCGCAGTCTCAGTTT-1	R1	10X	19	R1_3	tumour	/mnt/iribhm/homes/aste0033/projects/MPNST/scDNA/CHISEL/10X/FIT208A3/rdr.tsv
TGCGGGTAGCCACGTC-1	R1	10X	19	R1_3	tumour	/mnt/iribhm/homes/aste0033/projects/MPNST/scDNA/CHISEL/10X/FIT208A3/rdr.tsv
TGGCCAGTCTGGGATT-1	R1	10X	19	R1_3	tumour	/mnt/iribhm/homes/aste0033/projects/MPNST/scDNA/CHISEL/10X/FIT208A3/rdr.tsv
TGGGCGTTCCCTTATA-1	R1	10X	19	R1_3	tumour	/mnt/iribhm/homes/aste0033/projects/MPNST/scDNA/CHISEL/10X/FIT208A3/rdr.tsv
TGGTTAGAGGCTGCTC-1	R1	10X	19	R1_3	tumour	/mnt/iribhm/homes/aste0033/projects/MPNST/scDNA/CHISEL/10X/FIT208A3/rdr.tsv
TGTGGTACAACGAAAT-1	R1	10X	19	R1_3	tumour	/mnt/iribhm/homes/aste0033/projects/MPNST/scDNA/CHISEL/10X/FIT208A3/rdr.tsv
TTAGGACTCTCCACGT-1	R1	10X	19	R1_3	tumour	/mnt/iribhm/homes/aste0033/projects/MPNST/scDNA/CHISEL/10X/FIT208A3/rdr.tsv
TTAGTTCAGGATGTAT-1	R1	10X	19	R1_3	tumour	/mnt/iribhm/homes/aste0033/projects/MPNST/scDNA/CHISEL/10X/FIT208A3/rdr.tsv
TTCCCAGCATGGCTCG-1	R1	10X	19	R1_3	tumour	/mnt/iribhm/homes/aste0033/projects/MPNST/scDNA/CHISEL/10X/FIT208A3/rdr.tsv
TTCCCAGTCATTCGCC-1	R1	10X	19	R1_3	tumour	/mnt/iribhm/homes/aste0033/projects/MPNST/scDNA/CHISEL/10X/FIT208A3/rdr.tsv
TTCGGTCAGCCCAGCT-1	R1	10X	19	R1_3	tumour	/mnt/iribhm/homes/aste0033/projects/MPNST/scDNA/CHISEL/10X/FIT208A3/rdr.tsv
TTCTACAAGCGAGAAA-1	R1	10X	19	R1_3	tumour	/mnt/iribhm/homes/aste0033/projects/MPNST/scDNA/CHISEL/10X/FIT208A3/rdr.tsv
TTCTCAAAGTGAATTG-1	R1	10X	19	R1_3	tumour	/mnt/iribhm/homes/aste0033/projects/MPNST/scDNA/CHISEL/10X/FIT208A3/rdr.tsv
TTCTCAAGTGAGCGAT-1	R1	10X	19	R1_3	tumour	/mnt/iribhm/homes/aste0033/projects/MPNST/scDNA/CHISEL/10X/FIT208A3/rdr.tsv
TTGAACGGTACCTAGT-1	R1	10X	19	R1_3	tumour	/mnt/iribhm/homes/aste0033/projects/MPNST/scDNA/CHISEL/10X/FIT208A3/rdr.tsv
TTGAACGGTTTGGGCC-1	R1	10X	19	R1_3	tumour	/mnt/iribhm/homes/aste0033/projects/MPNST/scDNA/CHISEL/10X/FIT208A3/rdr.tsv
TTGACTTAGATCGGGT-1	R1	10X	19	R1_3	tumour	/mnt/iribhm/homes/aste0033/projects/MPNST/scDNA/CHISEL/10X/FIT208A3/rdr.tsv
TTGGCAATCCTATGAG-1	R1	10X	19	R1_3	tumour	/mnt/iribhm/homes/aste0033/projects/MPNST/scDNA/CHISEL/10X/FIT208A3/rdr.tsv
TTGGCAATCTTGGCCT-1	R1	10X	19	R1_3	tumour	/mnt/iribhm/homes/aste0033/projects/MPNST/scDNA/CHISEL/10X/FIT208A3/rdr.tsv
TTGTAGGCATAACAAG-1	R1	10X	19	R1_3	tumour	/mnt/iribhm/homes/aste0033/projects/MPNST/scDNA/CHISEL/10X/FIT208A3/rdr.tsv
TTGTAGGGTCAATTCG-1	R1	10X	19	R1_3	tumour	/mnt/iribhm/homes/aste0033/projects/MPNST/scDNA/CHISEL/10X/FIT208A3/rdr.tsv
TTTGCGCGTCCGATGC-1	R1	10X	19	R1_3	tumour	/mnt/iribhm/homes/aste0033/projects/MPNST/scDNA/CHISEL/10X/FIT208A3/rdr.tsv
TTTGGTTCAAAGTAAC-1	R1	10X	19	R1_3	tumour	/mnt/iribhm/homes/aste0033/projects/MPNST/scDNA/CHISEL/10X/FIT208A3/rdr.tsv
TTTGTCATCTGCACTC-1	R1	10X	19	R1_3	tumour	/mnt/iribhm/homes/aste0033/projects/MPNST/scDNA/CHISEL/10X/FIT208A3/rdr.tsv
LES4677A1_124574_14x_13y	R1	DLP	19	R1_3	tumour	/srv/home/aste0033/projects/MPNST/scDNA/CHISEL/DLPp/R1/rdr.tsv
LES4677A1_124574_14x_22y	R1	DLP	19	R1_3	tumour	/srv/home/aste0033/projects/MPNST/scDNA/CHISEL/DLPp/R1/rdr.tsv
LES4677A1_124574_14x_24y	R1	DLP	19	R1_3	tumour	/srv/home/aste0033/projects/MPNST/scDNA/CHISEL/DLPp/R1/rdr.tsv
LES4677A1_124574_14x_25y	R1	DLP	19	R1_3	tumour	/srv/home/aste0033/projects/MPNST/scDNA/CHISEL/DLPp/R1/rdr.tsv
LES4677A1_124574_14x_28y	R1	DLP	19	R1_3	tumour	/srv/home/aste0033/projects/MPNST/scDNA/CHISEL/DLPp/R1/rdr.tsv
LES4677A1_124574_15x_14y	R1	DLP	19	R1_3	tumour	/srv/home/aste0033/projects/MPNST/scDNA/CHISEL/DLPp/R1/rdr.tsv
LES4677A1_124574_15x_20y	R1	DLP	19	R1_3	tumour	/srv/home/aste0033/projects/MPNST/scDNA/CHISEL/DLPp/R1/rdr.tsv
LES4677A1_124574_15x_21y	R1	DLP	19	R1_3	tumour	/srv/home/aste0033/projects/MPNST/scDNA/CHISEL/DLPp/R1/rdr.tsv
LES4677A1_124574_15x_27y	R1	DLP	19	R1_3	tumour	/srv/home/aste0033/projects/MPNST/scDNA/CHISEL/DLPp/R1/rdr.tsv
LES4677A1_124574_15x_28y	R1	DLP	19	R1_3	tumour	/srv/home/aste0033/projects/MPNST/scDNA/CHISEL/DLPp/R1/rdr.tsv
LES4677A1_124574_15x_32y	R1	DLP	19	R1_3	tumour	/srv/home/aste0033/projects/MPNST/scDNA/CHISEL/DLPp/R1/rdr.tsv
LES4677A1_124574_16x_14y	R1	DLP	19	R1_3	tumour	/srv/home/aste0033/projects/MPNST/scDNA/CHISEL/DLPp/R1/rdr.tsv
LES4677A1_124574_16x_17y	R1	DLP	19	R1_3	tumour	/srv/home/aste0033/projects/MPNST/scDNA/CHISEL/DLPp/R1/rdr.tsv
LES4677A1_124574_16x_31y	R1	DLP	19	R1_3	tumour	/srv/home/aste0033/projects/MPNST/scDNA/CHISEL/DLPp/R1/rdr.tsv
LES4677A1_124574_16x_34y	R1	DLP	19	R1_3	tumour	/srv/home/aste0033/projects/MPNST/scDNA/CHISEL/DLPp/R1/rdr.tsv
LES4677A1_124574_17x_15y	R1	DLP	19	R1_3	tumour	/srv/home/aste0033/projects/MPNST/scDNA/CHISEL/DLPp/R1/rdr.tsv
LES4677A1_124574_17x_17y	R1	DLP	19	R1_3	tumour	/srv/home/aste0033/projects/MPNST/scDNA/CHISEL/DLPp/R1/rdr.tsv
LES4677A1_124574_17x_23y	R1	DLP	19	R1_3	tumour	/srv/home/aste0033/projects/MPNST/scDNA/CHISEL/DLPp/R1/rdr.tsv
LES4677A1_124574_17x_25y	R1	DLP	19	R1_3	tumour	/srv/home/aste0033/projects/MPNST/scDNA/CHISEL/DLPp/R1/rdr.tsv
LES4677A1_124574_17x_26y	R1	DLP	19	R1_3	tumour	/srv/home/aste0033/projects/MPNST/scDNA/CHISEL/DLPp/R1/rdr.tsv
LES4677A1_124574_17x_31y	R1	DLP	19	R1_3	tumour	/srv/home/aste0033/projects/MPNST/scDNA/CHISEL/DLPp/R1/rdr.tsv
LES4677A1_124574_18x_17y	R1	DLP	19	R1_3	tumour	/srv/home/aste0033/projects/MPNST/scDNA/CHISEL/DLPp/R1/rdr.tsv
LES4677A1_124574_18x_21y	R1	DLP	19	R1_3	tumour	/srv/home/aste0033/projects/MPNST/scDNA/CHISEL/DLPp/R1/rdr.tsv
LES4677A1_124574_18x_22y	R1	DLP	19	R1_3	tumour	/srv/home/aste0033/projects/MPNST/scDNA/CHISEL/DLPp/R1/rdr.tsv
LES4677A1_124574_18x_25y	R1	DLP	19	R1_3	tumour	/srv/home/aste0033/projects/MPNST/scDNA/CHISEL/DLPp/R1/rdr.tsv
LES4677A1_124574_18x_34y	R1	DLP	19	R1_3	tumour	/srv/home/aste0033/projects/MPNST/scDNA/CHISEL/DLPp/R1/rdr.tsv
LES4677A1_124574_18x_35y	R1	DLP	19	R1_3	tumour	/srv/home/aste0033/projects/MPNST/scDNA/CHISEL/DLPp/R1/rdr.tsv
LES4677A1_124574_19x_11y	R1	DLP	19	R1_3	tumour	/srv/home/aste0033/projects/MPNST/scDNA/CHISEL/DLPp/R1/rdr.tsv
LES4677A1_124574_19x_13y	R1	DLP	19	R1_3	tumour	/srv/home/aste0033/projects/MPNST/scDNA/CHISEL/DLPp/R1/rdr.tsv
LES4677A1_124574_19x_19y	R1	DLP	19	R1_3	tumour	/srv/home/aste0033/projects/MPNST/scDNA/CHISEL/DLPp/R1/rdr.tsv
LES4677A1_124574_19x_25y	R1	DLP	19	R1_3	tumour	/srv/home/aste0033/projects/MPNST/scDNA/CHISEL/DLPp/R1/rdr.tsv
LES4677A1_124574_20x_14y	R1	DLP	19	R1_3	tumour	/srv/home/aste0033/projects/MPNST/scDNA/CHISEL/DLPp/R1/rdr.tsv
LES4677A1_124574_20x_26y	R1	DLP	19	R1_3	tumour	/srv/home/aste0033/projects/MPNST/scDNA/CHISEL/DLPp/R1/rdr.tsv
LES4677A1_124574_20x_27y	R1	DLP	19	R1_3	tumour	/srv/home/aste0033/projects/MPNST/scDNA/CHISEL/DLPp/R1/rdr.tsv
LES4677A1_124574_21x_11y	R1	DLP	19	R1_3	tumour	/srv/home/aste0033/projects/MPNST/scDNA/CHISEL/DLPp/R1/rdr.tsv
LES4677A1_124574_21x_14y	R1	DLP	19	R1_3	tumour	/srv/home/aste0033/projects/MPNST/scDNA/CHISEL/DLPp/R1/rdr.tsv
LES4677A1_124574_21x_18y	R1	DLP	19	R1_3	tumour	/srv/home/aste0033/projects/MPNST/scDNA/CHISEL/DLPp/R1/rdr.tsv
LES4677A1_124574_21x_23y	R1	DLP	19	R1_3	tumour	/srv/home/aste0033/projects/MPNST/scDNA/CHISEL/DLPp/R1/rdr.tsv
LES4677A1_124574_21x_26y	R1	DLP	19	R1_3	tumour	/srv/home/aste0033/projects/MPNST/scDNA/CHISEL/DLPp/R1/rdr.tsv
LES4677A1_124574_21x_29y	R1	DLP	19	R1_3	tumour	/srv/home/aste0033/projects/MPNST/scDNA/CHISEL/DLPp/R1/rdr.tsv
LES4677A1_124574_21x_32y	R1	DLP	19	R1_3	tumour	/srv/home/aste0033/projects/MPNST/scDNA/CHISEL/DLPp/R1/rdr.tsv
LES4677A1_124574_22x_22y	R1	DLP	19	R1_3	tumour	/srv/home/aste0033/projects/MPNST/scDNA/CHISEL/DLPp/R1/rdr.tsv
LES4677A1_124574_22x_28y	R1	DLP	19	R1_3	tumour	/srv/home/aste0033/projects/MPNST/scDNA/CHISEL/DLPp/R1/rdr.tsv
LES4677A1_124574_22x_32y	R1	DLP	19	R1_3	tumour	/srv/home/aste0033/projects/MPNST/scDNA/CHISEL/DLPp/R1/rdr.tsv
LES4677A1_124574_23x_12y	R1	DLP	19	R1_3	tumour	/srv/home/aste0033/projects/MPNST/scDNA/CHISEL/DLPp/R1/rdr.tsv
LES4677A1_124574_23x_17y	R1	DLP	19	R1_3	tumour	/srv/home/aste0033/projects/MPNST/scDNA/CHISEL/DLPp/R1/rdr.tsv
LES4677A1_124574_23x_22y	R1	DLP	19	R1_3	tumour	/srv/home/aste0033/projects/MPNST/scDNA/CHISEL/DLPp/R1/rdr.tsv
LES4677A1_124574_23x_24y	R1	DLP	19	R1_3	tumour	/srv/home/aste0033/projects/MPNST/scDNA/CHISEL/DLPp/R1/rdr.tsv
LES4677A1_124574_23x_25y	R1	DLP	19	R1_3	tumour	/srv/home/aste0033/projects/MPNST/scDNA/CHISEL/DLPp/R1/rdr.tsv
LES4677A1_124574_23x_32y	R1	DLP	19	R1_3	tumour	/srv/home/aste0033/projects/MPNST/scDNA/CHISEL/DLPp/R1/rdr.tsv
LES4677A1_124574_24x_34y	R1	DLP	19	R1_3	tumour	/srv/home/aste0033/projects/MPNST/scDNA/CHISEL/DLPp/R1/rdr.tsv
LES4677A1_124574_25x_11y	R1	DLP	19	R1_3	tumour	/srv/home/aste0033/projects/MPNST/scDNA/CHISEL/DLPp/R1/rdr.tsv
LES4677A1_124574_25x_14y	R1	DLP	19	R1_3	tumour	/srv/home/aste0033/projects/MPNST/scDNA/CHISEL/DLPp/R1/rdr.tsv
LES4677A1_124574_25x_24y	R1	DLP	19	R1_3	tumour	/srv/home/aste0033/projects/MPNST/scDNA/CHISEL/DLPp/R1/rdr.tsv
LES4677A1_124574_25x_30y	R1	DLP	19	R1_3	tumour	/srv/home/aste0033/projects/MPNST/scDNA/CHISEL/DLPp/R1/rdr.tsv
LES4677A1_124574_25x_33y	R1	DLP	19	R1_3	tumour	/srv/home/aste0033/projects/MPNST/scDNA/CHISEL/DLPp/R1/rdr.tsv
LES4677A1_124574_25x_35y	R1	DLP	19	R1_3	tumour	/srv/home/aste0033/projects/MPNST/scDNA/CHISEL/DLPp/R1/rdr.tsv
LES4677A1_124574_26x_13y	R1	DLP	19	R1_3	tumour	/srv/home/aste0033/projects/MPNST/scDNA/CHISEL/DLPp/R1/rdr.tsv
LES4677A1_124574_27x_12y	R1	DLP	19	R1_3	tumour	/srv/home/aste0033/projects/MPNST/scDNA/CHISEL/DLPp/R1/rdr.tsv
LES4677A1_124574_27x_26y	R1	DLP	19	R1_3	tumour	/srv/home/aste0033/projects/MPNST/scDNA/CHISEL/DLPp/R1/rdr.tsv
LES4677A1_124574_27x_31y	R1	DLP	19	R1_3	tumour	/srv/home/aste0033/projects/MPNST/scDNA/CHISEL/DLPp/R1/rdr.tsv
LES4677A1_124574_28x_15y	R1	DLP	19	R1_3	tumour	/srv/home/aste0033/projects/MPNST/scDNA/CHISEL/DLPp/R1/rdr.tsv
LES4677A1_124574_28x_17y	R1	DLP	19	R1_3	tumour	/srv/home/aste0033/projects/MPNST/scDNA/CHISEL/DLPp/R1/rdr.tsv
LES4677A1_124574_28x_19y	R1	DLP	19	R1_3	tumour	/srv/home/aste0033/projects/MPNST/scDNA/CHISEL/DLPp/R1/rdr.tsv
LES4677A1_124574_28x_27y	R1	DLP	19	R1_3	tumour	/srv/home/aste0033/projects/MPNST/scDNA/CHISEL/DLPp/R1/rdr.tsv
LES4677A1_124574_28x_30y	R1	DLP	19	R1_3	tumour	/srv/home/aste0033/projects/MPNST/scDNA/CHISEL/DLPp/R1/rdr.tsv
LES4677A1_124574_29x_17y	R1	DLP	19	R1_3	tumour	/srv/home/aste0033/projects/MPNST/scDNA/CHISEL/DLPp/R1/rdr.tsv
LES4677A1_124574_30x_11y	R1	DLP	19	R1_3	tumour	/srv/home/aste0033/projects/MPNST/scDNA/CHISEL/DLPp/R1/rdr.tsv
LES4677A1_124574_30x_12y	R1	DLP	19	R1_3	tumour	/srv/home/aste0033/projects/MPNST/scDNA/CHISEL/DLPp/R1/rdr.tsv
LES4677A1_124574_30x_19y	R1	DLP	19	R1_3	tumour	/srv/home/aste0033/projects/MPNST/scDNA/CHISEL/DLPp/R1/rdr.tsv
LES4677A1_124574_30x_20y	R1	DLP	19	R1_3	tumour	/srv/home/aste0033/projects/MPNST/scDNA/CHISEL/DLPp/R1/rdr.tsv
LES4677A1_124574_30x_21y	R1	DLP	19	R1_3	tumour	/srv/home/aste0033/projects/MPNST/scDNA/CHISEL/DLPp/R1/rdr.tsv
LES4677A1_124574_30x_23y	R1	DLP	19	R1_3	tumour	/srv/home/aste0033/projects/MPNST/scDNA/CHISEL/DLPp/R1/rdr.tsv
LES4677A1_124574_30x_24y	R1	DLP	19	R1_3	tumour	/srv/home/aste0033/projects/MPNST/scDNA/CHISEL/DLPp/R1/rdr.tsv
LES4677A1_124574_30x_29y	R1	DLP	19	R1_3	tumour	/srv/home/aste0033/projects/MPNST/scDNA/CHISEL/DLPp/R1/rdr.tsv
LES4677A1_124574_30x_30y	R1	DLP	19	R1_3	tumour	/srv/home/aste0033/projects/MPNST/scDNA/CHISEL/DLPp/R1/rdr.tsv
LES4677A1_124574_30x_32y	R1	DLP	19	R1_3	tumour	/srv/home/aste0033/projects/MPNST/scDNA/CHISEL/DLPp/R1/rdr.tsv
LES4677A1_124574_30x_35y	R1	DLP	19	R1_3	tumour	/srv/home/aste0033/projects/MPNST/scDNA/CHISEL/DLPp/R1/rdr.tsv
LES4677A1_124574_31x_11y	R1	DLP	19	R1_3	tumour	/srv/home/aste0033/projects/MPNST/scDNA/CHISEL/DLPp/R1/rdr.tsv
LES4677A1_124574_31x_13y	R1	DLP	19	R1_3	tumour	/srv/home/aste0033/projects/MPNST/scDNA/CHISEL/DLPp/R1/rdr.tsv
LES4677A1_124574_31x_21y	R1	DLP	19	R1_3	tumour	/srv/home/aste0033/projects/MPNST/scDNA/CHISEL/DLPp/R1/rdr.tsv
LES4677A1_124574_31x_22y	R1	DLP	19	R1_3	tumour	/srv/home/aste0033/projects/MPNST/scDNA/CHISEL/DLPp/R1/rdr.tsv
LES4677A1_124574_31x_26y	R1	DLP	19	R1_3	tumour	/srv/home/aste0033/projects/MPNST/scDNA/CHISEL/DLPp/R1/rdr.tsv
LES4677A1_124574_31x_35y	R1	DLP	19	R1_3	tumour	/srv/home/aste0033/projects/MPNST/scDNA/CHISEL/DLPp/R1/rdr.tsv
LES4677A1_124574_32x_13y	R1	DLP	19	R1_3	tumour	/srv/home/aste0033/projects/MPNST/scDNA/CHISEL/DLPp/R1/rdr.tsv
LES4677A1_124574_32x_18y	R1	DLP	19	R1_3	tumour	/srv/home/aste0033/projects/MPNST/scDNA/CHISEL/DLPp/R1/rdr.tsv
LES4677A1_124574_32x_19y	R1	DLP	19	R1_3	tumour	/srv/home/aste0033/projects/MPNST/scDNA/CHISEL/DLPp/R1/rdr.tsv
LES4677A1_124574_32x_30y	R1	DLP	19	R1_3	tumour	/srv/home/aste0033/projects/MPNST/scDNA/CHISEL/DLPp/R1/rdr.tsv
LES4677A1_124574_33x_14y	R1	DLP	19	R1_3	tumour	/srv/home/aste0033/projects/MPNST/scDNA/CHISEL/DLPp/R1/rdr.tsv
LES4677A1_124574_33x_25y	R1	DLP	19	R1_3	tumour	/srv/home/aste0033/projects/MPNST/scDNA/CHISEL/DLPp/R1/rdr.tsv
LES4677A1_124574_34x_16y	R1	DLP	19	R1_3	tumour	/srv/home/aste0033/projects/MPNST/scDNA/CHISEL/DLPp/R1/rdr.tsv
LES4677A1_124574_34x_20y	R1	DLP	19	R1_3	tumour	/srv/home/aste0033/projects/MPNST/scDNA/CHISEL/DLPp/R1/rdr.tsv
LES4677A1_124574_34x_25y	R1	DLP	19	R1_3	tumour	/srv/home/aste0033/projects/MPNST/scDNA/CHISEL/DLPp/R1/rdr.tsv
LES4677A1_124574_34x_32y	R1	DLP	19	R1_3	tumour	/srv/home/aste0033/projects/MPNST/scDNA/CHISEL/DLPp/R1/rdr.tsv
LES4677A1_124574_35x_15y	R1	DLP	19	R1_3	tumour	/srv/home/aste0033/projects/MPNST/scDNA/CHISEL/DLPp/R1/rdr.tsv
LES4677A1_124574_35x_25y	R1	DLP	19	R1_3	tumour	/srv/home/aste0033/projects/MPNST/scDNA/CHISEL/DLPp/R1/rdr.tsv
LES4677A1_124574_35x_33y	R1	DLP	19	R1_3	tumour	/srv/home/aste0033/projects/MPNST/scDNA/CHISEL/DLPp/R1/rdr.tsv
LES4677A1_124574_36x_13y	R1	DLP	19	R1_3	tumour	/srv/home/aste0033/projects/MPNST/scDNA/CHISEL/DLPp/R1/rdr.tsv
LES4677A1_124574_36x_16y	R1	DLP	19	R1_3	tumour	/srv/home/aste0033/projects/MPNST/scDNA/CHISEL/DLPp/R1/rdr.tsv
LES4677A1_124574_36x_17y	R1	DLP	19	R1_3	tumour	/srv/home/aste0033/projects/MPNST/scDNA/CHISEL/DLPp/R1/rdr.tsv
LES4677A1_124574_36x_24y	R1	DLP	19	R1_3	tumour	/srv/home/aste0033/projects/MPNST/scDNA/CHISEL/DLPp/R1/rdr.tsv
LES4677A1_124574_36x_27y	R1	DLP	19	R1_3	tumour	/srv/home/aste0033/projects/MPNST/scDNA/CHISEL/DLPp/R1/rdr.tsv
LES4677A1_124574_36x_29y	R1	DLP	19	R1_3	tumour	/srv/home/aste0033/projects/MPNST/scDNA/CHISEL/DLPp/R1/rdr.tsv
LES4677A1_124574_36x_30y	R1	DLP	19	R1_3	tumour	/srv/home/aste0033/projects/MPNST/scDNA/CHISEL/DLPp/R1/rdr.tsv
LES4677A1_124574_37x_11y	R1	DLP	19	R1_3	tumour	/srv/home/aste0033/projects/MPNST/scDNA/CHISEL/DLPp/R1/rdr.tsv
LES4677A1_124574_37x_16y	R1	DLP	19	R1_3	tumour	/srv/home/aste0033/projects/MPNST/scDNA/CHISEL/DLPp/R1/rdr.tsv
LES4677A1_124574_37x_19y	R1	DLP	19	R1_3	tumour	/srv/home/aste0033/projects/MPNST/scDNA/CHISEL/DLPp/R1/rdr.tsv
LES4677A1_124574_37x_24y	R1	DLP	19	R1_3	tumour	/srv/home/aste0033/projects/MPNST/scDNA/CHISEL/DLPp/R1/rdr.tsv
LES4677A1_124574_37x_34y	R1	DLP	19	R1_3	tumour	/srv/home/aste0033/projects/MPNST/scDNA/CHISEL/DLPp/R1/rdr.tsv
LES4677A1_124574_37x_35y	R1	DLP	19	R1_3	tumour	/srv/home/aste0033/projects/MPNST/scDNA/CHISEL/DLPp/R1/rdr.tsv
LES4677A1_124574_38x_12y	R1	DLP	19	R1_3	tumour	/srv/home/aste0033/projects/MPNST/scDNA/CHISEL/DLPp/R1/rdr.tsv
LES4677A1_124574_38x_17y	R1	DLP	19	R1_3	tumour	/srv/home/aste0033/projects/MPNST/scDNA/CHISEL/DLPp/R1/rdr.tsv
LES4677A1_124574_38x_18y	R1	DLP	19	R1_3	tumour	/srv/home/aste0033/projects/MPNST/scDNA/CHISEL/DLPp/R1/rdr.tsv
LES4677A1_124574_38x_27y	R1	DLP	19	R1_3	tumour	/srv/home/aste0033/projects/MPNST/scDNA/CHISEL/DLPp/R1/rdr.tsv
LES4677A1_124574_38x_29y	R1	DLP	19	R1_3	tumour	/srv/home/aste0033/projects/MPNST/scDNA/CHISEL/DLPp/R1/rdr.tsv
LES4677A1_124574_38x_33y	R1	DLP	19	R1_3	tumour	/srv/home/aste0033/projects/MPNST/scDNA/CHISEL/DLPp/R1/rdr.tsv
LES4677A1_124574_39x_15y	R1	DLP	19	R1_3	tumour	/srv/home/aste0033/projects/MPNST/scDNA/CHISEL/DLPp/R1/rdr.tsv
LES4677A1_124574_39x_19y	R1	DLP	19	R1_3	tumour	/srv/home/aste0033/projects/MPNST/scDNA/CHISEL/DLPp/R1/rdr.tsv
LES4677A1_124574_39x_20y	R1	DLP	19	R1_3	tumour	/srv/home/aste0033/projects/MPNST/scDNA/CHISEL/DLPp/R1/rdr.tsv
LES4677A1_124574_39x_21y	R1	DLP	19	R1_3	tumour	/srv/home/aste0033/projects/MPNST/scDNA/CHISEL/DLPp/R1/rdr.tsv
LES4677A1_124574_39x_23y	R1	DLP	19	R1_3	tumour	/srv/home/aste0033/projects/MPNST/scDNA/CHISEL/DLPp/R1/rdr.tsv
LES4677A1_124574_39x_26y	R1	DLP	19	R1_3	tumour	/srv/home/aste0033/projects/MPNST/scDNA/CHISEL/DLPp/R1/rdr.tsv
LES4677A1_124574_39x_31y	R1	DLP	19	R1_3	tumour	/srv/home/aste0033/projects/MPNST/scDNA/CHISEL/DLPp/R1/rdr.tsv
LES4677A1_124574_39x_32y	R1	DLP	19	R1_3	tumour	/srv/home/aste0033/projects/MPNST/scDNA/CHISEL/DLPp/R1/rdr.tsv
LES4677A1_124574_40x_21y	R1	DLP	19	R1_3	tumour	/srv/home/aste0033/projects/MPNST/scDNA/CHISEL/DLPp/R1/rdr.tsv
LES4677A1_124574_40x_22y	R1	DLP	19	R1_3	tumour	/srv/home/aste0033/projects/MPNST/scDNA/CHISEL/DLPp/R1/rdr.tsv
LES4677A1_124574_40x_25y	R1	DLP	19	R1_3	tumour	/srv/home/aste0033/projects/MPNST/scDNA/CHISEL/DLPp/R1/rdr.tsv
LES4677A1_124574_41x_16y	R1	DLP	19	R1_3	tumour	/srv/home/aste0033/projects/MPNST/scDNA/CHISEL/DLPp/R1/rdr.tsv
LES4677A1_124574_41x_20y	R1	DLP	19	R1_3	tumour	/srv/home/aste0033/projects/MPNST/scDNA/CHISEL/DLPp/R1/rdr.tsv
LES4677A1_124574_41x_24y	R1	DLP	19	R1_3	tumour	/srv/home/aste0033/projects/MPNST/scDNA/CHISEL/DLPp/R1/rdr.tsv
LES4677A1_124574_41x_28y	R1	DLP	19	R1_3	tumour	/srv/home/aste0033/projects/MPNST/scDNA/CHISEL/DLPp/R1/rdr.tsv
LES4677A1_124574_41x_32y	R1	DLP	19	R1_3	tumour	/srv/home/aste0033/projects/MPNST/scDNA/CHISEL/DLPp/R1/rdr.tsv
LES4677A1_124574_42x_12y	R1	DLP	19	R1_3	tumour	/srv/home/aste0033/projects/MPNST/scDNA/CHISEL/DLPp/R1/rdr.tsv
LES4677A1_124574_42x_13y	R1	DLP	19	R1_3	tumour	/srv/home/aste0033/projects/MPNST/scDNA/CHISEL/DLPp/R1/rdr.tsv
LES4677A1_124574_42x_14y	R1	DLP	19	R1_3	tumour	/srv/home/aste0033/projects/MPNST/scDNA/CHISEL/DLPp/R1/rdr.tsv
LES4677A1_124574_42x_17y	R1	DLP	19	R1_3	tumour	/srv/home/aste0033/projects/MPNST/scDNA/CHISEL/DLPp/R1/rdr.tsv
LES4677A1_124574_42x_18y	R1	DLP	19	R1_3	tumour	/srv/home/aste0033/projects/MPNST/scDNA/CHISEL/DLPp/R1/rdr.tsv
LES4677A1_124574_42x_23y	R1	DLP	19	R1_3	tumour	/srv/home/aste0033/projects/MPNST/scDNA/CHISEL/DLPp/R1/rdr.tsv
LES4677A1_124574_42x_25y	R1	DLP	19	R1_3	tumour	/srv/home/aste0033/projects/MPNST/scDNA/CHISEL/DLPp/R1/rdr.tsv
LES4677A1_124574_42x_27y	R1	DLP	19	R1_3	tumour	/srv/home/aste0033/projects/MPNST/scDNA/CHISEL/DLPp/R1/rdr.tsv
LES4677A1_124574_42x_28y	R1	DLP	19	R1_3	tumour	/srv/home/aste0033/projects/MPNST/scDNA/CHISEL/DLPp/R1/rdr.tsv
LES4677A1_124574_42x_31y	R1	DLP	19	R1_3	tumour	/srv/home/aste0033/projects/MPNST/scDNA/CHISEL/DLPp/R1/rdr.tsv
LES4677A1_124574_43x_14y	R1	DLP	19	R1_3	tumour	/srv/home/aste0033/projects/MPNST/scDNA/CHISEL/DLPp/R1/rdr.tsv
LES4677A1_124574_43x_21y	R1	DLP	19	R1_3	tumour	/srv/home/aste0033/projects/MPNST/scDNA/CHISEL/DLPp/R1/rdr.tsv
LES4677A1_124574_43x_23y	R1	DLP	19	R1_3	tumour	/srv/home/aste0033/projects/MPNST/scDNA/CHISEL/DLPp/R1/rdr.tsv
LES4677A1_124574_43x_24y	R1	DLP	19	R1_3	tumour	/srv/home/aste0033/projects/MPNST/scDNA/CHISEL/DLPp/R1/rdr.tsv
LES4677A1_124574_43x_34y	R1	DLP	19	R1_3	tumour	/srv/home/aste0033/projects/MPNST/scDNA/CHISEL/DLPp/R1/rdr.tsv
LES4677A1_124574_43x_35y	R1	DLP	19	R1_3	tumour	/srv/home/aste0033/projects/MPNST/scDNA/CHISEL/DLPp/R1/rdr.tsv
LES4677A1_124574_44x_11y	R1	DLP	19	R1_3	tumour	/srv/home/aste0033/projects/MPNST/scDNA/CHISEL/DLPp/R1/rdr.tsv
LES4677A1_124574_44x_16y	R1	DLP	19	R1_3	tumour	/srv/home/aste0033/projects/MPNST/scDNA/CHISEL/DLPp/R1/rdr.tsv
LES4677A1_124574_44x_22y	R1	DLP	19	R1_3	tumour	/srv/home/aste0033/projects/MPNST/scDNA/CHISEL/DLPp/R1/rdr.tsv
LES4677A1_124574_44x_26y	R1	DLP	19	R1_3	tumour	/srv/home/aste0033/projects/MPNST/scDNA/CHISEL/DLPp/R1/rdr.tsv
LES4677A1_124574_44x_35y	R1	DLP	19	R1_3	tumour	/srv/home/aste0033/projects/MPNST/scDNA/CHISEL/DLPp/R1/rdr.tsv
LES4677A1_124574_45x_18y	R1	DLP	19	R1_3	tumour	/srv/home/aste0033/projects/MPNST/scDNA/CHISEL/DLPp/R1/rdr.tsv
LES4677A1_124574_45x_22y	R1	DLP	19	R1_3	tumour	/srv/home/aste0033/projects/MPNST/scDNA/CHISEL/DLPp/R1/rdr.tsv
LES4677A1_124574_45x_24y	R1	DLP	19	R1_3	tumour	/srv/home/aste0033/projects/MPNST/scDNA/CHISEL/DLPp/R1/rdr.tsv
LES4677A1_124574_45x_26y	R1	DLP	19	R1_3	tumour	/srv/home/aste0033/projects/MPNST/scDNA/CHISEL/DLPp/R1/rdr.tsv
LES4677A1_124574_45x_28y	R1	DLP	19	R1_3	tumour	/srv/home/aste0033/projects/MPNST/scDNA/CHISEL/DLPp/R1/rdr.tsv
LES4677A1_124574_45x_30y	R1	DLP	19	R1_3	tumour	/srv/home/aste0033/projects/MPNST/scDNA/CHISEL/DLPp/R1/rdr.tsv
LES4677A1_124574_45x_31y	R1	DLP	19	R1_3	tumour	/srv/home/aste0033/projects/MPNST/scDNA/CHISEL/DLPp/R1/rdr.tsv
LES4677A1_124574_45x_33y	R1	DLP	19	R1_3	tumour	/srv/home/aste0033/projects/MPNST/scDNA/CHISEL/DLPp/R1/rdr.tsv
LES4677A1_124574_46x_13y	R1	DLP	19	R1_3	tumour	/srv/home/aste0033/projects/MPNST/scDNA/CHISEL/DLPp/R1/rdr.tsv
LES4677A1_124574_46x_14y	R1	DLP	19	R1_3	tumour	/srv/home/aste0033/projects/MPNST/scDNA/CHISEL/DLPp/R1/rdr.tsv
LES4677A1_124574_46x_20y	R1	DLP	19	R1_3	tumour	/srv/home/aste0033/projects/MPNST/scDNA/CHISEL/DLPp/R1/rdr.tsv
LES4677A1_124574_46x_26y	R1	DLP	19	R1_3	tumour	/srv/home/aste0033/projects/MPNST/scDNA/CHISEL/DLPp/R1/rdr.tsv
LES4677A1_124574_46x_27y	R1	DLP	19	R1_3	tumour	/srv/home/aste0033/projects/MPNST/scDNA/CHISEL/DLPp/R1/rdr.tsv
LES4677A1_124574_46x_28y	R1	DLP	19	R1_3	tumour	/srv/home/aste0033/projects/MPNST/scDNA/CHISEL/DLPp/R1/rdr.tsv
LES4677A1_124574_46x_30y	R1	DLP	19	R1_3	tumour	/srv/home/aste0033/projects/MPNST/scDNA/CHISEL/DLPp/R1/rdr.tsv
LES4677A1_124574_46x_35y	R1	DLP	19	R1_3	tumour	/srv/home/aste0033/projects/MPNST/scDNA/CHISEL/DLPp/R1/rdr.tsv
LES4677A1_124574_47x_19y	R1	DLP	19	R1_3	tumour	/srv/home/aste0033/projects/MPNST/scDNA/CHISEL/DLPp/R1/rdr.tsv
LES4677A1_124574_47x_22y	R1	DLP	19	R1_3	tumour	/srv/home/aste0033/projects/MPNST/scDNA/CHISEL/DLPp/R1/rdr.tsv
LES4677A1_124574_47x_33y	R1	DLP	19	R1_3	tumour	/srv/home/aste0033/projects/MPNST/scDNA/CHISEL/DLPp/R1/rdr.tsv
LES4677A1_124574_48x_12y	R1	DLP	19	R1_3	tumour	/srv/home/aste0033/projects/MPNST/scDNA/CHISEL/DLPp/R1/rdr.tsv
LES4677A1_124574_48x_13y	R1	DLP	19	R1_3	tumour	/srv/home/aste0033/projects/MPNST/scDNA/CHISEL/DLPp/R1/rdr.tsv
LES4677A1_124574_48x_18y	R1	DLP	19	R1_3	tumour	/srv/home/aste0033/projects/MPNST/scDNA/CHISEL/DLPp/R1/rdr.tsv
LES4677A1_124574_48x_25y	R1	DLP	19	R1_3	tumour	/srv/home/aste0033/projects/MPNST/scDNA/CHISEL/DLPp/R1/rdr.tsv
LES4677A1_124574_48x_27y	R1	DLP	19	R1_3	tumour	/srv/home/aste0033/projects/MPNST/scDNA/CHISEL/DLPp/R1/rdr.tsv
LES4677A1_124574_48x_28y	R1	DLP	19	R1_3	tumour	/srv/home/aste0033/projects/MPNST/scDNA/CHISEL/DLPp/R1/rdr.tsv
LES4677A1_124574_48x_34y	R1	DLP	19	R1_3	tumour	/srv/home/aste0033/projects/MPNST/scDNA/CHISEL/DLPp/R1/rdr.tsv
LES4677A1_124574_48x_35y	R1	DLP	19	R1_3	tumour	/srv/home/aste0033/projects/MPNST/scDNA/CHISEL/DLPp/R1/rdr.tsv
LES4677A1_124574_49x_11y	R1	DLP	19	R1_3	tumour	/srv/home/aste0033/projects/MPNST/scDNA/CHISEL/DLPp/R1/rdr.tsv
LES4677A1_124574_49x_13y	R1	DLP	19	R1_3	tumour	/srv/home/aste0033/projects/MPNST/scDNA/CHISEL/DLPp/R1/rdr.tsv
LES4677A1_124574_49x_19y	R1	DLP	19	R1_3	tumour	/srv/home/aste0033/projects/MPNST/scDNA/CHISEL/DLPp/R1/rdr.tsv
LES4677A1_124574_49x_20y	R1	DLP	19	R1_3	tumour	/srv/home/aste0033/projects/MPNST/scDNA/CHISEL/DLPp/R1/rdr.tsv
LES4677A1_124574_49x_27y	R1	DLP	19	R1_3	tumour	/srv/home/aste0033/projects/MPNST/scDNA/CHISEL/DLPp/R1/rdr.tsv
LES4677A1_124574_49x_29y	R1	DLP	19	R1_3	tumour	/srv/home/aste0033/projects/MPNST/scDNA/CHISEL/DLPp/R1/rdr.tsv
LES4677A1_124574_49x_30y	R1	DLP	19	R1_3	tumour	/srv/home/aste0033/projects/MPNST/scDNA/CHISEL/DLPp/R1/rdr.tsv
LES4677A1_124574_49x_34y	R1	DLP	19	R1_3	tumour	/srv/home/aste0033/projects/MPNST/scDNA/CHISEL/DLPp/R1/rdr.tsv
LES4677A1_124574_50x_11y	R1	DLP	19	R1_3	tumour	/srv/home/aste0033/projects/MPNST/scDNA/CHISEL/DLPp/R1/rdr.tsv
LES4677A1_124574_50x_18y	R1	DLP	19	R1_3	tumour	/srv/home/aste0033/projects/MPNST/scDNA/CHISEL/DLPp/R1/rdr.tsv
LES4677A1_124574_50x_21y	R1	DLP	19	R1_3	tumour	/srv/home/aste0033/projects/MPNST/scDNA/CHISEL/DLPp/R1/rdr.tsv
LES4677A1_124574_50x_26y	R1	DLP	19	R1_3	tumour	/srv/home/aste0033/projects/MPNST/scDNA/CHISEL/DLPp/R1/rdr.tsv
LES4677A1_124574_50x_29y	R1	DLP	19	R1_3	tumour	/srv/home/aste0033/projects/MPNST/scDNA/CHISEL/DLPp/R1/rdr.tsv
LES4677A1_124574_50x_30y	R1	DLP	19	R1_3	tumour	/srv/home/aste0033/projects/MPNST/scDNA/CHISEL/DLPp/R1/rdr.tsv
LES4677A1_124574_50x_32y	R1	DLP	19	R1_3	tumour	/srv/home/aste0033/projects/MPNST/scDNA/CHISEL/DLPp/R1/rdr.tsv
LES4677A1_124574_50x_33y	R1	DLP	19	R1_3	tumour	/srv/home/aste0033/projects/MPNST/scDNA/CHISEL/DLPp/R1/rdr.tsv
LES4677A1_124574_51x_12y	R1	DLP	19	R1_3	tumour	/srv/home/aste0033/projects/MPNST/scDNA/CHISEL/DLPp/R1/rdr.tsv
LES4677A1_124574_51x_13y	R1	DLP	19	R1_3	tumour	/srv/home/aste0033/projects/MPNST/scDNA/CHISEL/DLPp/R1/rdr.tsv
LES4677A1_124574_51x_17y	R1	DLP	19	R1_3	tumour	/srv/home/aste0033/projects/MPNST/scDNA/CHISEL/DLPp/R1/rdr.tsv
LES4677A1_124574_51x_20y	R1	DLP	19	R1_3	tumour	/srv/home/aste0033/projects/MPNST/scDNA/CHISEL/DLPp/R1/rdr.tsv
LES4677A1_124574_51x_23y	R1	DLP	19	R1_3	tumour	/srv/home/aste0033/projects/MPNST/scDNA/CHISEL/DLPp/R1/rdr.tsv
LES4677A1_124574_51x_25y	R1	DLP	19	R1_3	tumour	/srv/home/aste0033/projects/MPNST/scDNA/CHISEL/DLPp/R1/rdr.tsv
LES4677A1_124574_51x_26y	R1	DLP	19	R1_3	tumour	/srv/home/aste0033/projects/MPNST/scDNA/CHISEL/DLPp/R1/rdr.tsv
LES4677A1_124574_51x_28y	R1	DLP	19	R1_3	tumour	/srv/home/aste0033/projects/MPNST/scDNA/CHISEL/DLPp/R1/rdr.tsv
LES4677A1_124574_51x_29y	R1	DLP	19	R1_3	tumour	/srv/home/aste0033/projects/MPNST/scDNA/CHISEL/DLPp/R1/rdr.tsv
LES4677A1_124574_51x_34y	R1	DLP	19	R1_3	tumour	/srv/home/aste0033/projects/MPNST/scDNA/CHISEL/DLPp/R1/rdr.tsv
LES4677A1_124574_52x_13y	R1	DLP	19	R1_3	tumour	/srv/home/aste0033/projects/MPNST/scDNA/CHISEL/DLPp/R1/rdr.tsv
LES4677A1_124574_52x_14y	R1	DLP	19	R1_3	tumour	/srv/home/aste0033/projects/MPNST/scDNA/CHISEL/DLPp/R1/rdr.tsv
LES4677A1_124574_52x_16y	R1	DLP	19	R1_3	tumour	/srv/home/aste0033/projects/MPNST/scDNA/CHISEL/DLPp/R1/rdr.tsv
LES4677A1_124574_52x_28y	R1	DLP	19	R1_3	tumour	/srv/home/aste0033/projects/MPNST/scDNA/CHISEL/DLPp/R1/rdr.tsv
LES4677A1_124574_52x_30y	R1	DLP	19	R1_3	tumour	/srv/home/aste0033/projects/MPNST/scDNA/CHISEL/DLPp/R1/rdr.tsv
LES4677A1_124574_52x_32y	R1	DLP	19	R1_3	tumour	/srv/home/aste0033/projects/MPNST/scDNA/CHISEL/DLPp/R1/rdr.tsv
LES4677A1_124574_52x_34y	R1	DLP	19	R1_3	tumour	/srv/home/aste0033/projects/MPNST/scDNA/CHISEL/DLPp/R1/rdr.tsv
LES4677A1_124574_53x_12y	R1	DLP	19	R1_3	tumour	/srv/home/aste0033/projects/MPNST/scDNA/CHISEL/DLPp/R1/rdr.tsv
LES4677A1_124574_53x_19y	R1	DLP	19	R1_3	tumour	/srv/home/aste0033/projects/MPNST/scDNA/CHISEL/DLPp/R1/rdr.tsv
LES4677A1_124574_53x_24y	R1	DLP	19	R1_3	tumour	/srv/home/aste0033/projects/MPNST/scDNA/CHISEL/DLPp/R1/rdr.tsv
LES4677A1_124574_53x_25y	R1	DLP	19	R1_3	tumour	/srv/home/aste0033/projects/MPNST/scDNA/CHISEL/DLPp/R1/rdr.tsv
LES4677A1_124574_53x_29y	R1	DLP	19	R1_3	tumour	/srv/home/aste0033/projects/MPNST/scDNA/CHISEL/DLPp/R1/rdr.tsv
LES4677A1_124574_53x_30y	R1	DLP	19	R1_3	tumour	/srv/home/aste0033/projects/MPNST/scDNA/CHISEL/DLPp/R1/rdr.tsv
LES4677A1_124574_53x_32y	R1	DLP	19	R1_3	tumour	/srv/home/aste0033/projects/MPNST/scDNA/CHISEL/DLPp/R1/rdr.tsv
LES4677A1_124574_54x_14y	R1	DLP	19	R1_3	tumour	/srv/home/aste0033/projects/MPNST/scDNA/CHISEL/DLPp/R1/rdr.tsv
LES4677A1_124574_54x_17y	R1	DLP	19	R1_3	tumour	/srv/home/aste0033/projects/MPNST/scDNA/CHISEL/DLPp/R1/rdr.tsv
LES4677A1_124574_54x_24y	R1	DLP	19	R1_3	tumour	/srv/home/aste0033/projects/MPNST/scDNA/CHISEL/DLPp/R1/rdr.tsv
LES4677A1_124574_54x_29y	R1	DLP	19	R1_3	tumour	/srv/home/aste0033/projects/MPNST/scDNA/CHISEL/DLPp/R1/rdr.tsv
LES4677A1_124574_54x_30y	R1	DLP	19	R1_3	tumour	/srv/home/aste0033/projects/MPNST/scDNA/CHISEL/DLPp/R1/rdr.tsv
LES4677A1_124574_55x_16y	R1	DLP	19	R1_3	tumour	/srv/home/aste0033/projects/MPNST/scDNA/CHISEL/DLPp/R1/rdr.tsv
LES4677A1_124574_55x_19y	R1	DLP	19	R1_3	tumour	/srv/home/aste0033/projects/MPNST/scDNA/CHISEL/DLPp/R1/rdr.tsv
LES4677A1_124574_55x_28y	R1	DLP	19	R1_3	tumour	/srv/home/aste0033/projects/MPNST/scDNA/CHISEL/DLPp/R1/rdr.tsv
LES4677A1_124574_55x_30y	R1	DLP	19	R1_3	tumour	/srv/home/aste0033/projects/MPNST/scDNA/CHISEL/DLPp/R1/rdr.tsv
LES4677A1_124574_55x_33y	R1	DLP	19	R1_3	tumour	/srv/home/aste0033/projects/MPNST/scDNA/CHISEL/DLPp/R1/rdr.tsv
LES4677A1_124574_55x_34y	R1	DLP	19	R1_3	tumour	/srv/home/aste0033/projects/MPNST/scDNA/CHISEL/DLPp/R1/rdr.tsv
LES4677A1_124574_56x_11y	R1	DLP	19	R1_3	tumour	/srv/home/aste0033/projects/MPNST/scDNA/CHISEL/DLPp/R1/rdr.tsv
LES4677A1_124574_56x_16y	R1	DLP	19	R1_3	tumour	/srv/home/aste0033/projects/MPNST/scDNA/CHISEL/DLPp/R1/rdr.tsv
LES4677A1_124574_56x_17y	R1	DLP	19	R1_3	tumour	/srv/home/aste0033/projects/MPNST/scDNA/CHISEL/DLPp/R1/rdr.tsv
LES4677A1_124574_56x_19y	R1	DLP	19	R1_3	tumour	/srv/home/aste0033/projects/MPNST/scDNA/CHISEL/DLPp/R1/rdr.tsv
LES4677A1_124574_56x_22y	R1	DLP	19	R1_3	tumour	/srv/home/aste0033/projects/MPNST/scDNA/CHISEL/DLPp/R1/rdr.tsv
LES4677A1_124574_56x_33y	R1	DLP	19	R1_3	tumour	/srv/home/aste0033/projects/MPNST/scDNA/CHISEL/DLPp/R1/rdr.tsv
LES4677A1_124574_56x_35y	R1	DLP	19	R1_3	tumour	/srv/home/aste0033/projects/MPNST/scDNA/CHISEL/DLPp/R1/rdr.tsv
LES4677A1_124574_57x_14y	R1	DLP	19	R1_3	tumour	/srv/home/aste0033/projects/MPNST/scDNA/CHISEL/DLPp/R1/rdr.tsv
LES4677A1_124574_57x_16y	R1	DLP	19	R1_3	tumour	/srv/home/aste0033/projects/MPNST/scDNA/CHISEL/DLPp/R1/rdr.tsv
LES4677A1_124574_57x_21y	R1	DLP	19	R1_3	tumour	/srv/home/aste0033/projects/MPNST/scDNA/CHISEL/DLPp/R1/rdr.tsv
LES4677A1_124574_57x_22y	R1	DLP	19	R1_3	tumour	/srv/home/aste0033/projects/MPNST/scDNA/CHISEL/DLPp/R1/rdr.tsv
LES4677A1_124574_57x_27y	R1	DLP	19	R1_3	tumour	/srv/home/aste0033/projects/MPNST/scDNA/CHISEL/DLPp/R1/rdr.tsv
LES4677A1_124574_57x_29y	R1	DLP	19	R1_3	tumour	/srv/home/aste0033/projects/MPNST/scDNA/CHISEL/DLPp/R1/rdr.tsv
LES4677A1_124574_57x_31y	R1	DLP	19	R1_3	tumour	/srv/home/aste0033/projects/MPNST/scDNA/CHISEL/DLPp/R1/rdr.tsv
LES4677A1_124574_57x_34y	R1	DLP	19	R1_3	tumour	/srv/home/aste0033/projects/MPNST/scDNA/CHISEL/DLPp/R1/rdr.tsv
LES4677A1_124574_57x_35y	R1	DLP	19	R1_3	tumour	/srv/home/aste0033/projects/MPNST/scDNA/CHISEL/DLPp/R1/rdr.tsv
LES4677A1_124574_58x_12y	R1	DLP	19	R1_3	tumour	/srv/home/aste0033/projects/MPNST/scDNA/CHISEL/DLPp/R1/rdr.tsv
LES4677A1_124574_58x_13y	R1	DLP	19	R1_3	tumour	/srv/home/aste0033/projects/MPNST/scDNA/CHISEL/DLPp/R1/rdr.tsv
LES4677A1_124574_58x_14y	R1	DLP	19	R1_3	tumour	/srv/home/aste0033/projects/MPNST/scDNA/CHISEL/DLPp/R1/rdr.tsv
LES4677A1_124574_58x_16y	R1	DLP	19	R1_3	tumour	/srv/home/aste0033/projects/MPNST/scDNA/CHISEL/DLPp/R1/rdr.tsv
LES4677A1_124574_58x_21y	R1	DLP	19	R1_3	tumour	/srv/home/aste0033/projects/MPNST/scDNA/CHISEL/DLPp/R1/rdr.tsv
LES4677A1_124574_58x_23y	R1	DLP	19	R1_3	tumour	/srv/home/aste0033/projects/MPNST/scDNA/CHISEL/DLPp/R1/rdr.tsv
LES4677A1_124574_58x_27y	R1	DLP	19	R1_3	tumour	/srv/home/aste0033/projects/MPNST/scDNA/CHISEL/DLPp/R1/rdr.tsv
LES4677A1_124574_58x_29y	R1	DLP	19	R1_3	tumour	/srv/home/aste0033/projects/MPNST/scDNA/CHISEL/DLPp/R1/rdr.tsv
LES4677A1_124574_58x_31y	R1	DLP	19	R1_3	tumour	/srv/home/aste0033/projects/MPNST/scDNA/CHISEL/DLPp/R1/rdr.tsv
LES4677A1_124574_58x_32y	R1	DLP	19	R1_3	tumour	/srv/home/aste0033/projects/MPNST/scDNA/CHISEL/DLPp/R1/rdr.tsv
LES4677A1_124574_59x_13y	R1	DLP	19	R1_3	tumour	/srv/home/aste0033/projects/MPNST/scDNA/CHISEL/DLPp/R1/rdr.tsv
LES4677A1_124574_59x_15y	R1	DLP	19	R1_3	tumour	/srv/home/aste0033/projects/MPNST/scDNA/CHISEL/DLPp/R1/rdr.tsv
LES4677A1_124574_59x_20y	R1	DLP	19	R1_3	tumour	/srv/home/aste0033/projects/MPNST/scDNA/CHISEL/DLPp/R1/rdr.tsv
LES4677A1_124574_59x_22y	R1	DLP	19	R1_3	tumour	/srv/home/aste0033/projects/MPNST/scDNA/CHISEL/DLPp/R1/rdr.tsv
LES4677A1_124574_59x_29y	R1	DLP	19	R1_3	tumour	/srv/home/aste0033/projects/MPNST/scDNA/CHISEL/DLPp/R1/rdr.tsv
LES4677A1_124574_59x_31y	R1	DLP	19	R1_3	tumour	/srv/home/aste0033/projects/MPNST/scDNA/CHISEL/DLPp/R1/rdr.tsv
LES4677A1_124574_59x_35y	R1	DLP	19	R1_3	tumour	/srv/home/aste0033/projects/MPNST/scDNA/CHISEL/DLPp/R1/rdr.tsv
LES4677A1_124574_60x_12y	R1	DLP	19	R1_3	tumour	/srv/home/aste0033/projects/MPNST/scDNA/CHISEL/DLPp/R1/rdr.tsv
LES4677A1_124574_60x_13y	R1	DLP	19	R1_3	tumour	/srv/home/aste0033/projects/MPNST/scDNA/CHISEL/DLPp/R1/rdr.tsv
LES4677A1_124574_61x_14y	R1	DLP	19	R1_3	tumour	/srv/home/aste0033/projects/MPNST/scDNA/CHISEL/DLPp/R1/rdr.tsv
LES4677A1_124574_61x_22y	R1	DLP	19	R1_3	tumour	/srv/home/aste0033/projects/MPNST/scDNA/CHISEL/DLPp/R1/rdr.tsv
LES4677A1_124574_61x_23y	R1	DLP	19	R1_3	tumour	/srv/home/aste0033/projects/MPNST/scDNA/CHISEL/DLPp/R1/rdr.tsv
LES4677A1_124574_61x_30y	R1	DLP	19	R1_3	tumour	/srv/home/aste0033/projects/MPNST/scDNA/CHISEL/DLPp/R1/rdr.tsv
LES4677A1_124574_61x_35y	R1	DLP	19	R1_3	tumour	/srv/home/aste0033/projects/MPNST/scDNA/CHISEL/DLPp/R1/rdr.tsv
LES4677A1_124574_62x_17y	R1	DLP	19	R1_3	tumour	/srv/home/aste0033/projects/MPNST/scDNA/CHISEL/DLPp/R1/rdr.tsv
AAACCTGCAACCTAGT-1	R1	10X	20	R1_4	tumour	/mnt/iribhm/homes/aste0033/projects/MPNST/scDNA/CHISEL/10X/FIT208A3/rdr.tsv
AAAGTAGGTTATGCGT-1	R1	10X	20	R1_4	tumour	/mnt/iribhm/homes/aste0033/projects/MPNST/scDNA/CHISEL/10X/FIT208A3/rdr.tsv
AACTCTTCAGACTTGT-1	R1	10X	20	R1_4	tumour	/mnt/iribhm/homes/aste0033/projects/MPNST/scDNA/CHISEL/10X/FIT208A3/rdr.tsv
AACTCTTGTCATGCTA-1	R1	10X	20	R1_4	tumour	/mnt/iribhm/homes/aste0033/projects/MPNST/scDNA/CHISEL/10X/FIT208A3/rdr.tsv
AACTGGTAGCCCGTGT-1	R1	10X	20	R1_4	tumour	/mnt/iribhm/homes/aste0033/projects/MPNST/scDNA/CHISEL/10X/FIT208A3/rdr.tsv
AACTGGTAGTTGTCGT-1	R1	10X	20	R1_4	tumour	/mnt/iribhm/homes/aste0033/projects/MPNST/scDNA/CHISEL/10X/FIT208A3/rdr.tsv
AACTGGTGTCGACGCT-1	P	10X	20	R1_4	tumour	/mnt/iribhm/homes/aste0033/projects/MPNST/scDNA/CHISEL/10X/FIT208A8/rdr.tsv
AAGGAGCCACACGTGC-1	R1	10X	20	R1_4	tumour	/mnt/iribhm/homes/aste0033/projects/MPNST/scDNA/CHISEL/10X/FIT208A3/rdr.tsv
AAGGCAGTCCGCCTAT-1	R1	10X	20	R1_4	tumour	/mnt/iribhm/homes/aste0033/projects/MPNST/scDNA/CHISEL/10X/FIT208A3/rdr.tsv
AAGGTTCCAAGGTCGA-1	P	10X	20	R1_4	tumour	/mnt/iribhm/homes/aste0033/projects/MPNST/scDNA/CHISEL/10X/FIT208A8/rdr.tsv
AAGTCTGCATAGTGAA-1	R1	10X	20	R1_4	tumour	/mnt/iribhm/homes/aste0033/projects/MPNST/scDNA/CHISEL/10X/FIT208A3/rdr.tsv
AATCCAGGTTCCCACT-1	R1	10X	20	R1_4	tumour	/mnt/iribhm/homes/aste0033/projects/MPNST/scDNA/CHISEL/10X/FIT208A3/rdr.tsv
ACAGCCGTCATATCTC-1	R1	10X	20	R1_4	tumour	/mnt/iribhm/homes/aste0033/projects/MPNST/scDNA/CHISEL/10X/FIT208A3/rdr.tsv
ACATCAGCACCCAAAT-1	R1	10X	20	R1_4	tumour	/mnt/iribhm/homes/aste0033/projects/MPNST/scDNA/CHISEL/10X/FIT208A3/rdr.tsv
ACGTCAATCATCAGGT-1	R1	10X	20	R1_4	tumour	/mnt/iribhm/homes/aste0033/projects/MPNST/scDNA/CHISEL/10X/FIT208A3/rdr.tsv
ACTGAGTAGCTAGTTC-1	R1	10X	20	R1_4	tumour	/mnt/iribhm/homes/aste0033/projects/MPNST/scDNA/CHISEL/10X/FIT208A3/rdr.tsv
ACTTACTCAGGTGCAA-1	R1	10X	20	R1_4	tumour	/mnt/iribhm/homes/aste0033/projects/MPNST/scDNA/CHISEL/10X/FIT208A3/rdr.tsv
ACTTGTTGTAAGAAGG-1	R1	10X	20	R1_4	tumour	/mnt/iribhm/homes/aste0033/projects/MPNST/scDNA/CHISEL/10X/FIT208A3/rdr.tsv
AGAGCGACAAGTCGGA-1	R1	10X	20	R1_4	tumour	/mnt/iribhm/homes/aste0033/projects/MPNST/scDNA/CHISEL/10X/FIT208A3/rdr.tsv
AGCAGCCGTTCTGTCC-1	R1	10X	20	R1_4	tumour	/mnt/iribhm/homes/aste0033/projects/MPNST/scDNA/CHISEL/10X/FIT208A3/rdr.tsv
AGCTCCTCATACAGAA-1	R1	10X	20	R1_4	tumour	/mnt/iribhm/homes/aste0033/projects/MPNST/scDNA/CHISEL/10X/FIT208A3/rdr.tsv
AGGCCGTCACGCACGT-1	R1	10X	20	R1_4	tumour	/mnt/iribhm/homes/aste0033/projects/MPNST/scDNA/CHISEL/10X/FIT208A3/rdr.tsv
AGTAGTCCAGTGAATA-1	R1	10X	20	R1_4	tumour	/mnt/iribhm/homes/aste0033/projects/MPNST/scDNA/CHISEL/10X/FIT208A3/rdr.tsv
AGTAGTCTCAGCATAC-1	R1	10X	20	R1_4	tumour	/mnt/iribhm/homes/aste0033/projects/MPNST/scDNA/CHISEL/10X/FIT208A3/rdr.tsv
AGTGTCATCAGACACT-1	R1	10X	20	R1_4	tumour	/mnt/iribhm/homes/aste0033/projects/MPNST/scDNA/CHISEL/10X/FIT208A3/rdr.tsv
ATAAGAGGTTAGTGAA-1	R1	10X	20	R1_4	tumour	/mnt/iribhm/homes/aste0033/projects/MPNST/scDNA/CHISEL/10X/FIT208A3/rdr.tsv
ATAGACCAGCTTAGAA-1	R1	10X	20	R1_4	tumour	/mnt/iribhm/homes/aste0033/projects/MPNST/scDNA/CHISEL/10X/FIT208A3/rdr.tsv
ATCATCTTCTAACACG-1	R1	10X	20	R1_4	tumour	/mnt/iribhm/homes/aste0033/projects/MPNST/scDNA/CHISEL/10X/FIT208A3/rdr.tsv
ATCCACCTCTGCTAGA-1	R1	10X	20	R1_4	tumour	/mnt/iribhm/homes/aste0033/projects/MPNST/scDNA/CHISEL/10X/FIT208A3/rdr.tsv
ATCCGAAGTATCAGTC-1	R1	10X	20	R1_4	tumour	/mnt/iribhm/homes/aste0033/projects/MPNST/scDNA/CHISEL/10X/FIT208A3/rdr.tsv
ATCGAGTGTTGCCTCT-1	R5	10X	20	R1_4	tumour	/mnt/iribhm/homes/aste0033/projects/MPNST/scDNA/CHISEL/10X/FIT208A7/rdr.tsv
ATGCGATCATACGGAG-1	R1	10X	20	R1_4	tumour	/mnt/iribhm/homes/aste0033/projects/MPNST/scDNA/CHISEL/10X/FIT208A3/rdr.tsv
ATTACTCGTACTCCGG-1	R1	10X	20	R1_4	tumour	/mnt/iribhm/homes/aste0033/projects/MPNST/scDNA/CHISEL/10X/FIT208A3/rdr.tsv
ATTCTACCAACCGGAA-1	R1	10X	20	R1_4	tumour	/mnt/iribhm/homes/aste0033/projects/MPNST/scDNA/CHISEL/10X/FIT208A3/rdr.tsv
CAACCAAGTGGCCACT-1	R1	10X	20	R1_4	tumour	/mnt/iribhm/homes/aste0033/projects/MPNST/scDNA/CHISEL/10X/FIT208A3/rdr.tsv
CAACTAGAGAGACGAA-1	R1	10X	20	R1_4	tumour	/mnt/iribhm/homes/aste0033/projects/MPNST/scDNA/CHISEL/10X/FIT208A3/rdr.tsv
CACACTCCAACTAGTC-1	R5	10X	20	R1_4	tumour	/mnt/iribhm/homes/aste0033/projects/MPNST/scDNA/CHISEL/10X/FIT208A7/rdr.tsv
CACAGGCTCAGCCTGG-1	R1	10X	20	R1_4	tumour	/mnt/iribhm/homes/aste0033/projects/MPNST/scDNA/CHISEL/10X/FIT208A3/rdr.tsv
CACCAGGAGTGTCCAT-1	R1	10X	20	R1_4	tumour	/mnt/iribhm/homes/aste0033/projects/MPNST/scDNA/CHISEL/10X/FIT208A3/rdr.tsv
CACCTTGTCAGTACCA-1	R1	10X	20	R1_4	tumour	/mnt/iribhm/homes/aste0033/projects/MPNST/scDNA/CHISEL/10X/FIT208A3/rdr.tsv
CAGCGACCATGTATGC-1	R1	10X	20	R1_4	tumour	/mnt/iribhm/homes/aste0033/projects/MPNST/scDNA/CHISEL/10X/FIT208A3/rdr.tsv
CAGGTGCTCCGAAGGA-1	R2	10X	20	R1_4	tumour	/mnt/iribhm/homes/aste0033/projects/MPNST/scDNA/CHISEL/10X/FIT208A4/rdr.tsv
CAGTAACAGGACAGAA-1	R1	10X	20	R1_4	tumour	/mnt/iribhm/homes/aste0033/projects/MPNST/scDNA/CHISEL/10X/FIT208A3/rdr.tsv
CATCAGAAGTGCCATT-1	R1	10X	20	R1_4	tumour	/mnt/iribhm/homes/aste0033/projects/MPNST/scDNA/CHISEL/10X/FIT208A3/rdr.tsv
CATCAGACAGCGCATC-1	R1	10X	20	R1_4	tumour	/mnt/iribhm/homes/aste0033/projects/MPNST/scDNA/CHISEL/10X/FIT208A3/rdr.tsv
CATCGGGAGGACTGGT-1	R1	10X	20	R1_4	tumour	/mnt/iribhm/homes/aste0033/projects/MPNST/scDNA/CHISEL/10X/FIT208A3/rdr.tsv
CATTATCAGGGTAGGG-1	R1	10X	20	R1_4	tumour	/mnt/iribhm/homes/aste0033/projects/MPNST/scDNA/CHISEL/10X/FIT208A3/rdr.tsv
CCACCTACAATGGGAC-1	R1	10X	20	R1_4	tumour	/mnt/iribhm/homes/aste0033/projects/MPNST/scDNA/CHISEL/10X/FIT208A3/rdr.tsv
CCCAATCAGCTACCTA-1	R1	10X	20	R1_4	tumour	/mnt/iribhm/homes/aste0033/projects/MPNST/scDNA/CHISEL/10X/FIT208A3/rdr.tsv
CCCAGTTCATAGGTCT-1	R1	10X	20	R1_4	tumour	/mnt/iribhm/homes/aste0033/projects/MPNST/scDNA/CHISEL/10X/FIT208A3/rdr.tsv
CCGGTAGAGGCTCTCG-1	R1	10X	20	R1_4	tumour	/mnt/iribhm/homes/aste0033/projects/MPNST/scDNA/CHISEL/10X/FIT208A3/rdr.tsv
CCTACACGTCGCGTCA-1	R1	10X	20	R1_4	tumour	/mnt/iribhm/homes/aste0033/projects/MPNST/scDNA/CHISEL/10X/FIT208A3/rdr.tsv
CCTAGCTAGTGGCACA-1	R1	10X	20	R1_4	tumour	/mnt/iribhm/homes/aste0033/projects/MPNST/scDNA/CHISEL/10X/FIT208A3/rdr.tsv
CCTATTAGTGTAAAGT-1	R1	10X	20	R1_4	tumour	/mnt/iribhm/homes/aste0033/projects/MPNST/scDNA/CHISEL/10X/FIT208A3/rdr.tsv
CCTCTGAGTACCGTGC-1	R1	10X	20	R1_4	tumour	/mnt/iribhm/homes/aste0033/projects/MPNST/scDNA/CHISEL/10X/FIT208A3/rdr.tsv
CGAGCCATCTGATCAG-1	R1	10X	20	R1_4	tumour	/mnt/iribhm/homes/aste0033/projects/MPNST/scDNA/CHISEL/10X/FIT208A3/rdr.tsv
CGATGTACAGGCCGTT-1	R1	10X	20	R1_4	tumour	/mnt/iribhm/homes/aste0033/projects/MPNST/scDNA/CHISEL/10X/FIT208A3/rdr.tsv
CGCTTCAAGCTAGTTC-1	R1	10X	20	R1_4	tumour	/mnt/iribhm/homes/aste0033/projects/MPNST/scDNA/CHISEL/10X/FIT208A3/rdr.tsv
CGGACTGCAAGTGCAG-1	R1	10X	20	R1_4	tumour	/mnt/iribhm/homes/aste0033/projects/MPNST/scDNA/CHISEL/10X/FIT208A3/rdr.tsv
CGTAGGCCAAACGGGT-1	R1	10X	20	R1_4	tumour	/mnt/iribhm/homes/aste0033/projects/MPNST/scDNA/CHISEL/10X/FIT208A3/rdr.tsv
CGTAGGCTCGACTTCC-1	R1	10X	20	R1_4	tumour	/mnt/iribhm/homes/aste0033/projects/MPNST/scDNA/CHISEL/10X/FIT208A3/rdr.tsv
CGTAGGCTCGGATCCG-1	R1	10X	20	R1_4	tumour	/mnt/iribhm/homes/aste0033/projects/MPNST/scDNA/CHISEL/10X/FIT208A3/rdr.tsv
CGTGTAACAAAGTAAC-1	R1	10X	20	R1_4	tumour	/mnt/iribhm/homes/aste0033/projects/MPNST/scDNA/CHISEL/10X/FIT208A3/rdr.tsv
CGTTCTGTCGGAGAGT-1	R1	10X	20	R1_4	tumour	/mnt/iribhm/homes/aste0033/projects/MPNST/scDNA/CHISEL/10X/FIT208A3/rdr.tsv
CTAAGACAGTACGACG-1	R1	10X	20	R1_4	tumour	/mnt/iribhm/homes/aste0033/projects/MPNST/scDNA/CHISEL/10X/FIT208A3/rdr.tsv
CTACATTTCGGCTCAG-1	R1	10X	20	R1_4	tumour	/mnt/iribhm/homes/aste0033/projects/MPNST/scDNA/CHISEL/10X/FIT208A3/rdr.tsv
CTAGCCTTCAGGACTT-1	R1	10X	20	R1_4	tumour	/mnt/iribhm/homes/aste0033/projects/MPNST/scDNA/CHISEL/10X/FIT208A3/rdr.tsv
CTCATTATCTAAGTGC-1	R1	10X	20	R1_4	tumour	/mnt/iribhm/homes/aste0033/projects/MPNST/scDNA/CHISEL/10X/FIT208A3/rdr.tsv
CTGTTTATCTGGGCAC-1	R1	10X	20	R1_4	tumour	/mnt/iribhm/homes/aste0033/projects/MPNST/scDNA/CHISEL/10X/FIT208A3/rdr.tsv
CTTAGGACACGCACGT-1	R1	10X	20	R1_4	tumour	/mnt/iribhm/homes/aste0033/projects/MPNST/scDNA/CHISEL/10X/FIT208A3/rdr.tsv
CTTAGGAGTAAAGTCA-1	R1	10X	20	R1_4	tumour	/mnt/iribhm/homes/aste0033/projects/MPNST/scDNA/CHISEL/10X/FIT208A3/rdr.tsv
CTTGGCTAGCGTCAAG-1	R1	10X	20	R1_4	tumour	/mnt/iribhm/homes/aste0033/projects/MPNST/scDNA/CHISEL/10X/FIT208A3/rdr.tsv
CTTGGCTCAGTGCTGC-1	R1	10X	20	R1_4	tumour	/mnt/iribhm/homes/aste0033/projects/MPNST/scDNA/CHISEL/10X/FIT208A3/rdr.tsv
GAATGAATCGATGGTT-1	R1	10X	20	R1_4	tumour	/mnt/iribhm/homes/aste0033/projects/MPNST/scDNA/CHISEL/10X/FIT208A3/rdr.tsv
GACACGCTCAAGCCGC-1	R1	10X	20	R1_4	tumour	/mnt/iribhm/homes/aste0033/projects/MPNST/scDNA/CHISEL/10X/FIT208A3/rdr.tsv
GACGGCTGTTGACGGA-1	R1	10X	20	R1_4	tumour	/mnt/iribhm/homes/aste0033/projects/MPNST/scDNA/CHISEL/10X/FIT208A3/rdr.tsv
GACGTGCGTGTCTGTA-1	R1	10X	20	R1_4	tumour	/mnt/iribhm/homes/aste0033/projects/MPNST/scDNA/CHISEL/10X/FIT208A3/rdr.tsv
GACTGCGGTATGAAAC-1	R1	10X	20	R1_4	tumour	/mnt/iribhm/homes/aste0033/projects/MPNST/scDNA/CHISEL/10X/FIT208A3/rdr.tsv
GAGCAGACAATAACAG-1	R1	10X	20	R1_4	tumour	/mnt/iribhm/homes/aste0033/projects/MPNST/scDNA/CHISEL/10X/FIT208A3/rdr.tsv
GATCAGTCACTTGCAA-1	R1	10X	20	R1_4	tumour	/mnt/iribhm/homes/aste0033/projects/MPNST/scDNA/CHISEL/10X/FIT208A3/rdr.tsv
GATGAGGTCGCGATGC-1	R1	10X	20	R1_4	tumour	/mnt/iribhm/homes/aste0033/projects/MPNST/scDNA/CHISEL/10X/FIT208A3/rdr.tsv
GATTCAGGTTGCAGCC-1	R1	10X	20	R1_4	tumour	/mnt/iribhm/homes/aste0033/projects/MPNST/scDNA/CHISEL/10X/FIT208A3/rdr.tsv
GCACTCTTCGGAAGAC-1	R1	10X	20	R1_4	tumour	/mnt/iribhm/homes/aste0033/projects/MPNST/scDNA/CHISEL/10X/FIT208A3/rdr.tsv
GCATGCGTCTACAGCA-1	R1	10X	20	R1_4	tumour	/mnt/iribhm/homes/aste0033/projects/MPNST/scDNA/CHISEL/10X/FIT208A3/rdr.tsv
GCATGTAAGTGATTGA-1	R1	10X	20	R1_4	tumour	/mnt/iribhm/homes/aste0033/projects/MPNST/scDNA/CHISEL/10X/FIT208A3/rdr.tsv
GCTCCTAAGACTAGGC-1	R1	10X	20	R1_4	tumour	/mnt/iribhm/homes/aste0033/projects/MPNST/scDNA/CHISEL/10X/FIT208A3/rdr.tsv
GCTCTGTAGCAATCTC-1	R1	10X	20	R1_4	tumour	/mnt/iribhm/homes/aste0033/projects/MPNST/scDNA/CHISEL/10X/FIT208A3/rdr.tsv
GCTGGGTCAATAACAG-1	R1	10X	20	R1_4	tumour	/mnt/iribhm/homes/aste0033/projects/MPNST/scDNA/CHISEL/10X/FIT208A3/rdr.tsv
GCTTCCATCCGTGCTT-1	R1	10X	20	R1_4	tumour	/mnt/iribhm/homes/aste0033/projects/MPNST/scDNA/CHISEL/10X/FIT208A3/rdr.tsv
GGAATAAGTAACACTC-1	R1	10X	20	R1_4	tumour	/mnt/iribhm/homes/aste0033/projects/MPNST/scDNA/CHISEL/10X/FIT208A3/rdr.tsv
GGACGTCTCCACGATA-1	R1	10X	20	R1_4	tumour	/mnt/iribhm/homes/aste0033/projects/MPNST/scDNA/CHISEL/10X/FIT208A3/rdr.tsv
GGCTCGAGTTAACCTG-1	R1	10X	20	R1_4	tumour	/mnt/iribhm/homes/aste0033/projects/MPNST/scDNA/CHISEL/10X/FIT208A3/rdr.tsv
GGGATGACACGTCATA-1	R1	10X	20	R1_4	tumour	/mnt/iribhm/homes/aste0033/projects/MPNST/scDNA/CHISEL/10X/FIT208A3/rdr.tsv
GGGCACTGTTTAGCAC-1	R1	10X	20	R1_4	tumour	/mnt/iribhm/homes/aste0033/projects/MPNST/scDNA/CHISEL/10X/FIT208A3/rdr.tsv
GGGCATCCACATTCAG-1	R1	10X	20	R1_4	tumour	/mnt/iribhm/homes/aste0033/projects/MPNST/scDNA/CHISEL/10X/FIT208A3/rdr.tsv
GGTATTGAGGCCGAAT-1	R1	10X	20	R1_4	tumour	/mnt/iribhm/homes/aste0033/projects/MPNST/scDNA/CHISEL/10X/FIT208A3/rdr.tsv
GGTGTTAGTCGAGTAG-1	R1	10X	20	R1_4	tumour	/mnt/iribhm/homes/aste0033/projects/MPNST/scDNA/CHISEL/10X/FIT208A3/rdr.tsv
GTACTTTGTAACTGTC-1	R1	10X	20	R1_4	tumour	/mnt/iribhm/homes/aste0033/projects/MPNST/scDNA/CHISEL/10X/FIT208A3/rdr.tsv
GTCACGGGTGTCCCTT-1	R1	10X	20	R1_4	tumour	/mnt/iribhm/homes/aste0033/projects/MPNST/scDNA/CHISEL/10X/FIT208A3/rdr.tsv
GTGGGTCCACCAGTGC-1	R1	10X	20	R1_4	tumour	/mnt/iribhm/homes/aste0033/projects/MPNST/scDNA/CHISEL/10X/FIT208A3/rdr.tsv
GTGGGTCCATCGGGCT-1	R1	10X	20	R1_4	tumour	/mnt/iribhm/homes/aste0033/projects/MPNST/scDNA/CHISEL/10X/FIT208A3/rdr.tsv
TACGGGCCAAAGCGCA-1	R1	10X	20	R1_4	tumour	/mnt/iribhm/homes/aste0033/projects/MPNST/scDNA/CHISEL/10X/FIT208A3/rdr.tsv
TACTCATAGAGACTAT-1	R1	10X	20	R1_4	tumour	/mnt/iribhm/homes/aste0033/projects/MPNST/scDNA/CHISEL/10X/FIT208A3/rdr.tsv
TACTCATGTCTTCGCT-1	R1	10X	20	R1_4	tumour	/mnt/iribhm/homes/aste0033/projects/MPNST/scDNA/CHISEL/10X/FIT208A3/rdr.tsv
TACTCGCCACGCGATC-1	R1	10X	20	R1_4	tumour	/mnt/iribhm/homes/aste0033/projects/MPNST/scDNA/CHISEL/10X/FIT208A3/rdr.tsv
TAGACCATCCGATACA-1	R2	10X	20	R1_4	tumour	/mnt/iribhm/homes/aste0033/projects/MPNST/scDNA/CHISEL/10X/FIT208A4/rdr.tsv
TCACAAGCATAGTGAA-1	R1	10X	20	R1_4	tumour	/mnt/iribhm/homes/aste0033/projects/MPNST/scDNA/CHISEL/10X/FIT208A3/rdr.tsv
TCCCGATAGAAGATTC-1	R1	10X	20	R1_4	tumour	/mnt/iribhm/homes/aste0033/projects/MPNST/scDNA/CHISEL/10X/FIT208A3/rdr.tsv
TCGGTAATCTCGTGGG-1	R1	10X	20	R1_4	tumour	/mnt/iribhm/homes/aste0033/projects/MPNST/scDNA/CHISEL/10X/FIT208A3/rdr.tsv
TCTATTGTCACCGCAG-1	R1	10X	20	R1_4	tumour	/mnt/iribhm/homes/aste0033/projects/MPNST/scDNA/CHISEL/10X/FIT208A3/rdr.tsv
TCTGGAAAGTGTTAGA-1	R1	10X	20	R1_4	tumour	/mnt/iribhm/homes/aste0033/projects/MPNST/scDNA/CHISEL/10X/FIT208A3/rdr.tsv
TCTTCGGCACGTCATA-1	R1	10X	20	R1_4	tumour	/mnt/iribhm/homes/aste0033/projects/MPNST/scDNA/CHISEL/10X/FIT208A3/rdr.tsv
TCTTTCCAGGGTAACC-1	R1	10X	20	R1_4	tumour	/mnt/iribhm/homes/aste0033/projects/MPNST/scDNA/CHISEL/10X/FIT208A3/rdr.tsv
TGACGGCGTGATTTGC-1	R1	10X	20	R1_4	tumour	/mnt/iribhm/homes/aste0033/projects/MPNST/scDNA/CHISEL/10X/FIT208A3/rdr.tsv
TGAGAGGGTGTTCCGG-1	R1	10X	20	R1_4	tumour	/mnt/iribhm/homes/aste0033/projects/MPNST/scDNA/CHISEL/10X/FIT208A3/rdr.tsv
TGAGGGAAGGTGTTAA-1	R1	10X	20	R1_4	tumour	/mnt/iribhm/homes/aste0033/projects/MPNST/scDNA/CHISEL/10X/FIT208A3/rdr.tsv
TGATTTCTCTCCACAC-1	R1	10X	20	R1_4	tumour	/mnt/iribhm/homes/aste0033/projects/MPNST/scDNA/CHISEL/10X/FIT208A3/rdr.tsv
TGCCAAACATCTCGAA-1	R1	10X	20	R1_4	tumour	/mnt/iribhm/homes/aste0033/projects/MPNST/scDNA/CHISEL/10X/FIT208A3/rdr.tsv
TGCTACCCAATGGCTT-1	R1	10X	20	R1_4	tumour	/mnt/iribhm/homes/aste0033/projects/MPNST/scDNA/CHISEL/10X/FIT208A3/rdr.tsv
TGGACGCTCATCGGTA-1	R1	10X	20	R1_4	tumour	/mnt/iribhm/homes/aste0033/projects/MPNST/scDNA/CHISEL/10X/FIT208A3/rdr.tsv
TGGCGCAAGGATCGCA-1	R1	10X	20	R1_4	tumour	/mnt/iribhm/homes/aste0033/projects/MPNST/scDNA/CHISEL/10X/FIT208A3/rdr.tsv
TGGCTGGTCGGGAAAC-1	R1	10X	20	R1_4	tumour	/mnt/iribhm/homes/aste0033/projects/MPNST/scDNA/CHISEL/10X/FIT208A3/rdr.tsv
TGGTTCCAGTAGATGT-1	P	10X	20	R1_4	tumour	/mnt/iribhm/homes/aste0033/projects/MPNST/scDNA/CHISEL/10X/FIT208A8/rdr.tsv
TGTGGTATCCGTATTT-1	R1	10X	20	R1_4	tumour	/mnt/iribhm/homes/aste0033/projects/MPNST/scDNA/CHISEL/10X/FIT208A3/rdr.tsv
TGTGTTTTCCCAAAGT-1	R1	10X	20	R1_4	tumour	/mnt/iribhm/homes/aste0033/projects/MPNST/scDNA/CHISEL/10X/FIT208A3/rdr.tsv
TTAGTTCTCTAGACAC-1	R1	10X	20	R1_4	tumour	/mnt/iribhm/homes/aste0033/projects/MPNST/scDNA/CHISEL/10X/FIT208A3/rdr.tsv
TTGAACGCAACTCCGG-1	R1	10X	20	R1_4	tumour	/mnt/iribhm/homes/aste0033/projects/MPNST/scDNA/CHISEL/10X/FIT208A3/rdr.tsv
TTGGCAAAGCAATCTC-1	R1	10X	20	R1_4	tumour	/mnt/iribhm/homes/aste0033/projects/MPNST/scDNA/CHISEL/10X/FIT208A3/rdr.tsv
TTTGCGCAGATCGGGT-1	R1	10X	20	R1_4	tumour	/mnt/iribhm/homes/aste0033/projects/MPNST/scDNA/CHISEL/10X/FIT208A3/rdr.tsv
LES4677A1_124574_15x_18y	R1	DLP	20	R1_4	tumour	/srv/home/aste0033/projects/MPNST/scDNA/CHISEL/DLPp/R1/rdr.tsv
LES4677A1_124574_15x_22y	R1	DLP	20	R1_4	tumour	/srv/home/aste0033/projects/MPNST/scDNA/CHISEL/DLPp/R1/rdr.tsv
LES4677A1_124574_15x_30y	R1	DLP	20	R1_4	tumour	/srv/home/aste0033/projects/MPNST/scDNA/CHISEL/DLPp/R1/rdr.tsv
LES4677A1_124574_15x_35y	R1	DLP	20	R1_4	tumour	/srv/home/aste0033/projects/MPNST/scDNA/CHISEL/DLPp/R1/rdr.tsv
LES4677A1_124574_16x_21y	R1	DLP	20	R1_4	tumour	/srv/home/aste0033/projects/MPNST/scDNA/CHISEL/DLPp/R1/rdr.tsv
LES4677A1_124574_16x_23y	R1	DLP	20	R1_4	tumour	/srv/home/aste0033/projects/MPNST/scDNA/CHISEL/DLPp/R1/rdr.tsv
LES4677A1_124574_16x_29y	R1	DLP	20	R1_4	tumour	/srv/home/aste0033/projects/MPNST/scDNA/CHISEL/DLPp/R1/rdr.tsv
LES4677A1_124574_17x_14y	R1	DLP	20	R1_4	tumour	/srv/home/aste0033/projects/MPNST/scDNA/CHISEL/DLPp/R1/rdr.tsv
LES4677A1_124574_17x_19y	R1	DLP	20	R1_4	tumour	/srv/home/aste0033/projects/MPNST/scDNA/CHISEL/DLPp/R1/rdr.tsv
LES4677A1_124574_17x_21y	R1	DLP	20	R1_4	tumour	/srv/home/aste0033/projects/MPNST/scDNA/CHISEL/DLPp/R1/rdr.tsv
LES4677A1_124574_19x_26y	R1	DLP	20	R1_4	tumour	/srv/home/aste0033/projects/MPNST/scDNA/CHISEL/DLPp/R1/rdr.tsv
LES4677A1_124574_19x_30y	R1	DLP	20	R1_4	tumour	/srv/home/aste0033/projects/MPNST/scDNA/CHISEL/DLPp/R1/rdr.tsv
LES4677A1_124574_21x_27y	R1	DLP	20	R1_4	tumour	/srv/home/aste0033/projects/MPNST/scDNA/CHISEL/DLPp/R1/rdr.tsv
LES4677A1_124574_21x_31y	R1	DLP	20	R1_4	tumour	/srv/home/aste0033/projects/MPNST/scDNA/CHISEL/DLPp/R1/rdr.tsv
LES4677A1_124574_22x_12y	R1	DLP	20	R1_4	tumour	/srv/home/aste0033/projects/MPNST/scDNA/CHISEL/DLPp/R1/rdr.tsv
LES4677A1_124574_22x_15y	R1	DLP	20	R1_4	tumour	/srv/home/aste0033/projects/MPNST/scDNA/CHISEL/DLPp/R1/rdr.tsv
LES4677A1_124574_22x_19y	R1	DLP	20	R1_4	tumour	/srv/home/aste0033/projects/MPNST/scDNA/CHISEL/DLPp/R1/rdr.tsv
LES4677A1_124574_22x_27y	R1	DLP	20	R1_4	tumour	/srv/home/aste0033/projects/MPNST/scDNA/CHISEL/DLPp/R1/rdr.tsv
LES4677A1_124574_23x_21y	R1	DLP	20	R1_4	tumour	/srv/home/aste0033/projects/MPNST/scDNA/CHISEL/DLPp/R1/rdr.tsv
LES4677A1_124574_24x_13y	R1	DLP	20	R1_4	tumour	/srv/home/aste0033/projects/MPNST/scDNA/CHISEL/DLPp/R1/rdr.tsv
LES4677A1_124574_24x_19y	R1	DLP	20	R1_4	tumour	/srv/home/aste0033/projects/MPNST/scDNA/CHISEL/DLPp/R1/rdr.tsv
LES4677A1_124574_24x_32y	R1	DLP	20	R1_4	tumour	/srv/home/aste0033/projects/MPNST/scDNA/CHISEL/DLPp/R1/rdr.tsv
LES4677A1_124574_25x_22y	R1	DLP	20	R1_4	tumour	/srv/home/aste0033/projects/MPNST/scDNA/CHISEL/DLPp/R1/rdr.tsv
LES4677A1_124574_25x_27y	R1	DLP	20	R1_4	tumour	/srv/home/aste0033/projects/MPNST/scDNA/CHISEL/DLPp/R1/rdr.tsv
LES4677A1_124574_25x_32y	R1	DLP	20	R1_4	tumour	/srv/home/aste0033/projects/MPNST/scDNA/CHISEL/DLPp/R1/rdr.tsv
LES4677A1_124574_26x_26y	R1	DLP	20	R1_4	tumour	/srv/home/aste0033/projects/MPNST/scDNA/CHISEL/DLPp/R1/rdr.tsv
LES4677A1_124574_27x_15y	R1	DLP	20	R1_4	tumour	/srv/home/aste0033/projects/MPNST/scDNA/CHISEL/DLPp/R1/rdr.tsv
LES4677A1_124574_27x_19y	R1	DLP	20	R1_4	tumour	/srv/home/aste0033/projects/MPNST/scDNA/CHISEL/DLPp/R1/rdr.tsv
LES4677A1_124574_27x_23y	R1	DLP	20	R1_4	tumour	/srv/home/aste0033/projects/MPNST/scDNA/CHISEL/DLPp/R1/rdr.tsv
LES4677A1_124574_27x_30y	R1	DLP	20	R1_4	tumour	/srv/home/aste0033/projects/MPNST/scDNA/CHISEL/DLPp/R1/rdr.tsv
LES4677A1_124574_27x_34y	R1	DLP	20	R1_4	tumour	/srv/home/aste0033/projects/MPNST/scDNA/CHISEL/DLPp/R1/rdr.tsv
LES4677A1_124574_28x_22y	R1	DLP	20	R1_4	tumour	/srv/home/aste0033/projects/MPNST/scDNA/CHISEL/DLPp/R1/rdr.tsv
LES4677A1_124574_28x_24y	R1	DLP	20	R1_4	tumour	/srv/home/aste0033/projects/MPNST/scDNA/CHISEL/DLPp/R1/rdr.tsv
LES4677A1_124574_28x_29y	R1	DLP	20	R1_4	tumour	/srv/home/aste0033/projects/MPNST/scDNA/CHISEL/DLPp/R1/rdr.tsv
LES4677A1_124574_28x_32y	R1	DLP	20	R1_4	tumour	/srv/home/aste0033/projects/MPNST/scDNA/CHISEL/DLPp/R1/rdr.tsv
LES4677A1_124574_29x_14y	R1	DLP	20	R1_4	tumour	/srv/home/aste0033/projects/MPNST/scDNA/CHISEL/DLPp/R1/rdr.tsv
LES4677A1_124574_29x_22y	R1	DLP	20	R1_4	tumour	/srv/home/aste0033/projects/MPNST/scDNA/CHISEL/DLPp/R1/rdr.tsv
LES4677A1_124574_30x_13y	R1	DLP	20	R1_4	tumour	/srv/home/aste0033/projects/MPNST/scDNA/CHISEL/DLPp/R1/rdr.tsv
LES4677A1_124574_30x_14y	R1	DLP	20	R1_4	tumour	/srv/home/aste0033/projects/MPNST/scDNA/CHISEL/DLPp/R1/rdr.tsv
LES4677A1_124574_32x_11y	R1	DLP	20	R1_4	tumour	/srv/home/aste0033/projects/MPNST/scDNA/CHISEL/DLPp/R1/rdr.tsv
LES4677A1_124574_32x_25y	R1	DLP	20	R1_4	tumour	/srv/home/aste0033/projects/MPNST/scDNA/CHISEL/DLPp/R1/rdr.tsv
LES4677A1_124574_32x_34y	R1	DLP	20	R1_4	tumour	/srv/home/aste0033/projects/MPNST/scDNA/CHISEL/DLPp/R1/rdr.tsv
LES4677A1_124574_34x_24y	R1	DLP	20	R1_4	tumour	/srv/home/aste0033/projects/MPNST/scDNA/CHISEL/DLPp/R1/rdr.tsv
LES4677A1_124574_37x_18y	R1	DLP	20	R1_4	tumour	/srv/home/aste0033/projects/MPNST/scDNA/CHISEL/DLPp/R1/rdr.tsv
LES4677A1_124574_37x_26y	R1	DLP	20	R1_4	tumour	/srv/home/aste0033/projects/MPNST/scDNA/CHISEL/DLPp/R1/rdr.tsv
LES4677A1_124574_39x_25y	R1	DLP	20	R1_4	tumour	/srv/home/aste0033/projects/MPNST/scDNA/CHISEL/DLPp/R1/rdr.tsv
LES4677A1_124574_39x_28y	R1	DLP	20	R1_4	tumour	/srv/home/aste0033/projects/MPNST/scDNA/CHISEL/DLPp/R1/rdr.tsv
LES4677A1_124574_40x_12y	R1	DLP	20	R1_4	tumour	/srv/home/aste0033/projects/MPNST/scDNA/CHISEL/DLPp/R1/rdr.tsv
LES4677A1_124574_40x_13y	R1	DLP	20	R1_4	tumour	/srv/home/aste0033/projects/MPNST/scDNA/CHISEL/DLPp/R1/rdr.tsv
LES4677A1_124574_41x_19y	R1	DLP	20	R1_4	tumour	/srv/home/aste0033/projects/MPNST/scDNA/CHISEL/DLPp/R1/rdr.tsv
LES4677A1_124574_41x_21y	R1	DLP	20	R1_4	tumour	/srv/home/aste0033/projects/MPNST/scDNA/CHISEL/DLPp/R1/rdr.tsv
LES4677A1_124574_41x_26y	R1	DLP	20	R1_4	tumour	/srv/home/aste0033/projects/MPNST/scDNA/CHISEL/DLPp/R1/rdr.tsv
LES4677A1_124574_41x_31y	R1	DLP	20	R1_4	tumour	/srv/home/aste0033/projects/MPNST/scDNA/CHISEL/DLPp/R1/rdr.tsv
LES4677A1_124574_42x_15y	R1	DLP	20	R1_4	tumour	/srv/home/aste0033/projects/MPNST/scDNA/CHISEL/DLPp/R1/rdr.tsv
LES4677A1_124574_42x_33y	R1	DLP	20	R1_4	tumour	/srv/home/aste0033/projects/MPNST/scDNA/CHISEL/DLPp/R1/rdr.tsv
LES4677A1_124574_43x_11y	R1	DLP	20	R1_4	tumour	/srv/home/aste0033/projects/MPNST/scDNA/CHISEL/DLPp/R1/rdr.tsv
LES4677A1_124574_43x_13y	R1	DLP	20	R1_4	tumour	/srv/home/aste0033/projects/MPNST/scDNA/CHISEL/DLPp/R1/rdr.tsv
LES4677A1_124574_44x_31y	R1	DLP	20	R1_4	tumour	/srv/home/aste0033/projects/MPNST/scDNA/CHISEL/DLPp/R1/rdr.tsv
LES4677A1_124574_44x_32y	R1	DLP	20	R1_4	tumour	/srv/home/aste0033/projects/MPNST/scDNA/CHISEL/DLPp/R1/rdr.tsv
LES4677A1_124574_45x_14y	R1	DLP	20	R1_4	tumour	/srv/home/aste0033/projects/MPNST/scDNA/CHISEL/DLPp/R1/rdr.tsv
LES4677A1_124574_45x_17y	R1	DLP	20	R1_4	tumour	/srv/home/aste0033/projects/MPNST/scDNA/CHISEL/DLPp/R1/rdr.tsv
LES4677A1_124574_45x_19y	R1	DLP	20	R1_4	tumour	/srv/home/aste0033/projects/MPNST/scDNA/CHISEL/DLPp/R1/rdr.tsv
LES4677A1_124574_45x_29y	R1	DLP	20	R1_4	tumour	/srv/home/aste0033/projects/MPNST/scDNA/CHISEL/DLPp/R1/rdr.tsv
LES4677A1_124574_45x_34y	R1	DLP	20	R1_4	tumour	/srv/home/aste0033/projects/MPNST/scDNA/CHISEL/DLPp/R1/rdr.tsv
LES4677A1_124574_46x_11y	R1	DLP	20	R1_4	tumour	/srv/home/aste0033/projects/MPNST/scDNA/CHISEL/DLPp/R1/rdr.tsv
LES4677A1_124574_46x_15y	R1	DLP	20	R1_4	tumour	/srv/home/aste0033/projects/MPNST/scDNA/CHISEL/DLPp/R1/rdr.tsv
LES4677A1_124574_46x_16y	R1	DLP	20	R1_4	tumour	/srv/home/aste0033/projects/MPNST/scDNA/CHISEL/DLPp/R1/rdr.tsv
LES4677A1_124574_46x_25y	R1	DLP	20	R1_4	tumour	/srv/home/aste0033/projects/MPNST/scDNA/CHISEL/DLPp/R1/rdr.tsv
LES4677A1_124574_47x_12y	R1	DLP	20	R1_4	tumour	/srv/home/aste0033/projects/MPNST/scDNA/CHISEL/DLPp/R1/rdr.tsv
LES4677A1_124574_47x_14y	R1	DLP	20	R1_4	tumour	/srv/home/aste0033/projects/MPNST/scDNA/CHISEL/DLPp/R1/rdr.tsv
LES4677A1_124574_47x_16y	R1	DLP	20	R1_4	tumour	/srv/home/aste0033/projects/MPNST/scDNA/CHISEL/DLPp/R1/rdr.tsv
LES4677A1_124574_47x_25y	R1	DLP	20	R1_4	tumour	/srv/home/aste0033/projects/MPNST/scDNA/CHISEL/DLPp/R1/rdr.tsv
LES4677A1_124574_47x_26y	R1	DLP	20	R1_4	tumour	/srv/home/aste0033/projects/MPNST/scDNA/CHISEL/DLPp/R1/rdr.tsv
LES4677A1_124574_47x_30y	R1	DLP	20	R1_4	tumour	/srv/home/aste0033/projects/MPNST/scDNA/CHISEL/DLPp/R1/rdr.tsv
LES4677A1_124574_47x_34y	R1	DLP	20	R1_4	tumour	/srv/home/aste0033/projects/MPNST/scDNA/CHISEL/DLPp/R1/rdr.tsv
LES4677A1_124574_48x_16y	R1	DLP	20	R1_4	tumour	/srv/home/aste0033/projects/MPNST/scDNA/CHISEL/DLPp/R1/rdr.tsv
LES4677A1_124574_48x_19y	R1	DLP	20	R1_4	tumour	/srv/home/aste0033/projects/MPNST/scDNA/CHISEL/DLPp/R1/rdr.tsv
LES4677A1_124574_49x_33y	R1	DLP	20	R1_4	tumour	/srv/home/aste0033/projects/MPNST/scDNA/CHISEL/DLPp/R1/rdr.tsv
LES4677A1_124574_49x_35y	R1	DLP	20	R1_4	tumour	/srv/home/aste0033/projects/MPNST/scDNA/CHISEL/DLPp/R1/rdr.tsv
LES4677A1_124574_51x_27y	R1	DLP	20	R1_4	tumour	/srv/home/aste0033/projects/MPNST/scDNA/CHISEL/DLPp/R1/rdr.tsv
LES4677A1_124574_52x_23y	R1	DLP	20	R1_4	tumour	/srv/home/aste0033/projects/MPNST/scDNA/CHISEL/DLPp/R1/rdr.tsv
LES4677A1_124574_52x_29y	R1	DLP	20	R1_4	tumour	/srv/home/aste0033/projects/MPNST/scDNA/CHISEL/DLPp/R1/rdr.tsv
LES4677A1_124574_53x_11y	R1	DLP	20	R1_4	tumour	/srv/home/aste0033/projects/MPNST/scDNA/CHISEL/DLPp/R1/rdr.tsv
LES4677A1_124574_53x_13y	R1	DLP	20	R1_4	tumour	/srv/home/aste0033/projects/MPNST/scDNA/CHISEL/DLPp/R1/rdr.tsv
LES4677A1_124574_53x_35y	R1	DLP	20	R1_4	tumour	/srv/home/aste0033/projects/MPNST/scDNA/CHISEL/DLPp/R1/rdr.tsv
LES4677A1_124574_54x_12y	R1	DLP	20	R1_4	tumour	/srv/home/aste0033/projects/MPNST/scDNA/CHISEL/DLPp/R1/rdr.tsv
LES4677A1_124574_54x_16y	R1	DLP	20	R1_4	tumour	/srv/home/aste0033/projects/MPNST/scDNA/CHISEL/DLPp/R1/rdr.tsv
LES4677A1_124574_54x_19y	R1	DLP	20	R1_4	tumour	/srv/home/aste0033/projects/MPNST/scDNA/CHISEL/DLPp/R1/rdr.tsv
LES4677A1_124574_55x_22y	R1	DLP	20	R1_4	tumour	/srv/home/aste0033/projects/MPNST/scDNA/CHISEL/DLPp/R1/rdr.tsv
LES4677A1_124574_55x_24y	R1	DLP	20	R1_4	tumour	/srv/home/aste0033/projects/MPNST/scDNA/CHISEL/DLPp/R1/rdr.tsv
LES4677A1_124574_55x_25y	R1	DLP	20	R1_4	tumour	/srv/home/aste0033/projects/MPNST/scDNA/CHISEL/DLPp/R1/rdr.tsv
LES4677A1_124574_56x_13y	R1	DLP	20	R1_4	tumour	/srv/home/aste0033/projects/MPNST/scDNA/CHISEL/DLPp/R1/rdr.tsv
LES4677A1_124574_56x_14y	R1	DLP	20	R1_4	tumour	/srv/home/aste0033/projects/MPNST/scDNA/CHISEL/DLPp/R1/rdr.tsv
LES4677A1_124574_57x_11y	R1	DLP	20	R1_4	tumour	/srv/home/aste0033/projects/MPNST/scDNA/CHISEL/DLPp/R1/rdr.tsv
LES4677A1_124574_57x_13y	R1	DLP	20	R1_4	tumour	/srv/home/aste0033/projects/MPNST/scDNA/CHISEL/DLPp/R1/rdr.tsv
LES4677A1_124574_57x_32y	R1	DLP	20	R1_4	tumour	/srv/home/aste0033/projects/MPNST/scDNA/CHISEL/DLPp/R1/rdr.tsv
LES4677A1_124574_59x_18y	R1	DLP	20	R1_4	tumour	/srv/home/aste0033/projects/MPNST/scDNA/CHISEL/DLPp/R1/rdr.tsv
LES4677A1_124574_59x_27y	R1	DLP	20	R1_4	tumour	/srv/home/aste0033/projects/MPNST/scDNA/CHISEL/DLPp/R1/rdr.tsv
LES4677A1_124574_61x_24y	R1	DLP	20	R1_4	tumour	/srv/home/aste0033/projects/MPNST/scDNA/CHISEL/DLPp/R1/rdr.tsv
LES4677A1_124574_61x_27y	R1	DLP	20	R1_4	tumour	/srv/home/aste0033/projects/MPNST/scDNA/CHISEL/DLPp/R1/rdr.tsv
LES4677A1_124574_61x_28y	R1	DLP	20	R1_4	tumour	/srv/home/aste0033/projects/MPNST/scDNA/CHISEL/DLPp/R1/rdr.tsv
LES4677A1_124574_61x_34y	R1	DLP	20	R1_4	tumour	/srv/home/aste0033/projects/MPNST/scDNA/CHISEL/DLPp/R1/rdr.tsv
LES4677A1_124574_62x_20y	R1	DLP	20	R1_4	tumour	/srv/home/aste0033/projects/MPNST/scDNA/CHISEL/DLPp/R1/rdr.tsv
LES4677A4_124668_19x_53y	R5	DLP	20	R1_4	tumour	/srv/home/aste0033/projects/MPNST/scDNA/CHISEL/DLPp/R5/rdr.tsv
AAACCTGCACAATGTC-1	R2	10X	8	R2_1	tumour	/mnt/iribhm/homes/aste0033/projects/MPNST/scDNA/CHISEL/10X/FIT208A4/rdr.tsv
AAACGGGAGACACGAC-1	R2	10X	8	R2_1	tumour	/mnt/iribhm/homes/aste0033/projects/MPNST/scDNA/CHISEL/10X/FIT208A4/rdr.tsv
AAACGGGAGGCAGGTT-1	R2	10X	8	R2_1	tumour	/mnt/iribhm/homes/aste0033/projects/MPNST/scDNA/CHISEL/10X/FIT208A4/rdr.tsv
AACACGTGTCTTGCGG-1	R2	10X	8	R2_1	tumour	/mnt/iribhm/homes/aste0033/projects/MPNST/scDNA/CHISEL/10X/FIT208A4/rdr.tsv
AACCATGAGGGCTTGA-1	R2	10X	8	R2_1	tumour	/mnt/iribhm/homes/aste0033/projects/MPNST/scDNA/CHISEL/10X/FIT208A4/rdr.tsv
AACTGGTAGTGGAGTC-1	R2	10X	8	R2_1	tumour	/mnt/iribhm/homes/aste0033/projects/MPNST/scDNA/CHISEL/10X/FIT208A4/rdr.tsv
AACTGGTTCCAACGTA-1	R2	10X	8	R2_1	tumour	/mnt/iribhm/homes/aste0033/projects/MPNST/scDNA/CHISEL/10X/FIT208A4/rdr.tsv
AAGACCTAGGCTAGCA-1	R2	10X	8	R2_1	tumour	/mnt/iribhm/homes/aste0033/projects/MPNST/scDNA/CHISEL/10X/FIT208A4/rdr.tsv
AAGACCTTCGACCATA-1	R2	10X	8	R2_1	tumour	/mnt/iribhm/homes/aste0033/projects/MPNST/scDNA/CHISEL/10X/FIT208A4/rdr.tsv
AAGGAGCTCCTGAAAC-1	R2	10X	8	R2_1	tumour	/mnt/iribhm/homes/aste0033/projects/MPNST/scDNA/CHISEL/10X/FIT208A4/rdr.tsv
AAGTCTGCAACTCATG-1	R2	10X	8	R2_1	tumour	/mnt/iribhm/homes/aste0033/projects/MPNST/scDNA/CHISEL/10X/FIT208A4/rdr.tsv
AATCCAGCATCGCATA-1	R2	10X	8	R2_1	tumour	/mnt/iribhm/homes/aste0033/projects/MPNST/scDNA/CHISEL/10X/FIT208A4/rdr.tsv
AATCGGTCAAATCGCT-1	R2	10X	8	R2_1	tumour	/mnt/iribhm/homes/aste0033/projects/MPNST/scDNA/CHISEL/10X/FIT208A4/rdr.tsv
ACACCAATCGCGGCAT-1	R2	10X	8	R2_1	tumour	/mnt/iribhm/homes/aste0033/projects/MPNST/scDNA/CHISEL/10X/FIT208A4/rdr.tsv
ACACTGACAACTCATG-1	R2	10X	8	R2_1	tumour	/mnt/iribhm/homes/aste0033/projects/MPNST/scDNA/CHISEL/10X/FIT208A4/rdr.tsv
ACACTGACACATTGGT-1	R2	10X	8	R2_1	tumour	/mnt/iribhm/homes/aste0033/projects/MPNST/scDNA/CHISEL/10X/FIT208A4/rdr.tsv
ACAGCCGAGAAACCTA-1	R2	10X	8	R2_1	tumour	/mnt/iribhm/homes/aste0033/projects/MPNST/scDNA/CHISEL/10X/FIT208A4/rdr.tsv
ACATACGGTGACGGTA-1	R2	10X	8	R2_1	tumour	/mnt/iribhm/homes/aste0033/projects/MPNST/scDNA/CHISEL/10X/FIT208A4/rdr.tsv
ACATCAGGTCCTCGGA-1	R2	10X	8	R2_1	tumour	/mnt/iribhm/homes/aste0033/projects/MPNST/scDNA/CHISEL/10X/FIT208A4/rdr.tsv
ACCGTAAAGCAGCGTA-1	R2	10X	8	R2_1	tumour	/mnt/iribhm/homes/aste0033/projects/MPNST/scDNA/CHISEL/10X/FIT208A4/rdr.tsv
ACGAGGATCGAGAGGT-1	R2	10X	8	R2_1	tumour	/mnt/iribhm/homes/aste0033/projects/MPNST/scDNA/CHISEL/10X/FIT208A4/rdr.tsv
ACGATGTTCGTGTACA-1	R2	10X	8	R2_1	tumour	/mnt/iribhm/homes/aste0033/projects/MPNST/scDNA/CHISEL/10X/FIT208A4/rdr.tsv
ACGCCAGCATAACTCG-1	R2	10X	8	R2_1	tumour	/mnt/iribhm/homes/aste0033/projects/MPNST/scDNA/CHISEL/10X/FIT208A4/rdr.tsv
ACGGCCAAGGTGTAGC-1	R2	10X	8	R2_1	tumour	/mnt/iribhm/homes/aste0033/projects/MPNST/scDNA/CHISEL/10X/FIT208A4/rdr.tsv
ACGGCCACAGATGAAT-1	R3	10X	8	R2_1	tumour	/mnt/iribhm/homes/aste0033/projects/MPNST/scDNA/CHISEL/10X/FIT208A5/rdr.tsv
ACGTCAACAACACGTT-1	R2	10X	8	R2_1	tumour	/mnt/iribhm/homes/aste0033/projects/MPNST/scDNA/CHISEL/10X/FIT208A4/rdr.tsv
ACGTCAATCGTTGCTC-1	R2	10X	8	R2_1	tumour	/mnt/iribhm/homes/aste0033/projects/MPNST/scDNA/CHISEL/10X/FIT208A4/rdr.tsv
ACTATCTTCTGGATCA-1	R2	10X	8	R2_1	tumour	/mnt/iribhm/homes/aste0033/projects/MPNST/scDNA/CHISEL/10X/FIT208A4/rdr.tsv
ACTGAACTCCGAGTCG-1	R2	10X	8	R2_1	tumour	/mnt/iribhm/homes/aste0033/projects/MPNST/scDNA/CHISEL/10X/FIT208A4/rdr.tsv
ACTGAGTTCAGCCACG-1	R2	10X	8	R2_1	tumour	/mnt/iribhm/homes/aste0033/projects/MPNST/scDNA/CHISEL/10X/FIT208A4/rdr.tsv
ACTGCTCAGTGTACCT-1	R2	10X	8	R2_1	tumour	/mnt/iribhm/homes/aste0033/projects/MPNST/scDNA/CHISEL/10X/FIT208A4/rdr.tsv
ACTGCTCGTCTCTCGT-1	R2	10X	8	R2_1	tumour	/mnt/iribhm/homes/aste0033/projects/MPNST/scDNA/CHISEL/10X/FIT208A4/rdr.tsv
ACTTGTTCACAAACTC-1	R2	10X	8	R2_1	tumour	/mnt/iribhm/homes/aste0033/projects/MPNST/scDNA/CHISEL/10X/FIT208A4/rdr.tsv
ACTTGTTTCGACCCTT-1	R2	10X	8	R2_1	tumour	/mnt/iribhm/homes/aste0033/projects/MPNST/scDNA/CHISEL/10X/FIT208A4/rdr.tsv
AGAATAGAGATCCTGT-1	R2	10X	8	R2_1	tumour	/mnt/iribhm/homes/aste0033/projects/MPNST/scDNA/CHISEL/10X/FIT208A4/rdr.tsv
AGACGTTAGTAAGTAC-1	R2	10X	8	R2_1	tumour	/mnt/iribhm/homes/aste0033/projects/MPNST/scDNA/CHISEL/10X/FIT208A4/rdr.tsv
AGAGCTTGTGTGCTTA-1	R2	10X	8	R2_1	tumour	/mnt/iribhm/homes/aste0033/projects/MPNST/scDNA/CHISEL/10X/FIT208A4/rdr.tsv
AGATCTGAGTGACTCT-1	R2	10X	8	R2_1	tumour	/mnt/iribhm/homes/aste0033/projects/MPNST/scDNA/CHISEL/10X/FIT208A4/rdr.tsv
AGATCTGTCGTTCGAA-1	R2	10X	8	R2_1	tumour	/mnt/iribhm/homes/aste0033/projects/MPNST/scDNA/CHISEL/10X/FIT208A4/rdr.tsv
AGATTGCCACCTCCAT-1	R2	10X	8	R2_1	tumour	/mnt/iribhm/homes/aste0033/projects/MPNST/scDNA/CHISEL/10X/FIT208A4/rdr.tsv
AGCATACAGCCATGCC-1	R2	10X	8	R2_1	tumour	/mnt/iribhm/homes/aste0033/projects/MPNST/scDNA/CHISEL/10X/FIT208A4/rdr.tsv
AGCATACAGTTCGCAT-1	R2	10X	8	R2_1	tumour	/mnt/iribhm/homes/aste0033/projects/MPNST/scDNA/CHISEL/10X/FIT208A4/rdr.tsv
AGCCTAAAGCATTCAC-1	R2	10X	8	R2_1	tumour	/mnt/iribhm/homes/aste0033/projects/MPNST/scDNA/CHISEL/10X/FIT208A4/rdr.tsv
AGCCTAAGTGTTCCGG-1	R2	10X	8	R2_1	tumour	/mnt/iribhm/homes/aste0033/projects/MPNST/scDNA/CHISEL/10X/FIT208A4/rdr.tsv
AGCCTAAGTTTGTCAG-1	R2	10X	8	R2_1	tumour	/mnt/iribhm/homes/aste0033/projects/MPNST/scDNA/CHISEL/10X/FIT208A4/rdr.tsv
AGCCTAATCCGTTCAC-1	R2	10X	8	R2_1	tumour	/mnt/iribhm/homes/aste0033/projects/MPNST/scDNA/CHISEL/10X/FIT208A4/rdr.tsv
AGCTCCTAGATGTAAC-1	R2	10X	8	R2_1	tumour	/mnt/iribhm/homes/aste0033/projects/MPNST/scDNA/CHISEL/10X/FIT208A4/rdr.tsv
AGCTTGAAGGCAGGTT-1	R2	10X	8	R2_1	tumour	/mnt/iribhm/homes/aste0033/projects/MPNST/scDNA/CHISEL/10X/FIT208A4/rdr.tsv
AGCTTGAAGTCGTACT-1	R2	10X	8	R2_1	tumour	/mnt/iribhm/homes/aste0033/projects/MPNST/scDNA/CHISEL/10X/FIT208A4/rdr.tsv
AGGCCACCAGTAATCC-1	R2	10X	8	R2_1	tumour	/mnt/iribhm/homes/aste0033/projects/MPNST/scDNA/CHISEL/10X/FIT208A4/rdr.tsv
AGGGAGTGTGATAAGT-1	R2	10X	8	R2_1	tumour	/mnt/iribhm/homes/aste0033/projects/MPNST/scDNA/CHISEL/10X/FIT208A4/rdr.tsv
AGGGATGTCGGAGAAC-1	R2	10X	8	R2_1	tumour	/mnt/iribhm/homes/aste0033/projects/MPNST/scDNA/CHISEL/10X/FIT208A4/rdr.tsv
AGGTCCGAGAATTCCC-1	R2	10X	8	R2_1	tumour	/mnt/iribhm/homes/aste0033/projects/MPNST/scDNA/CHISEL/10X/FIT208A4/rdr.tsv
AGGTCCGAGCAGTAGC-1	R2	10X	8	R2_1	tumour	/mnt/iribhm/homes/aste0033/projects/MPNST/scDNA/CHISEL/10X/FIT208A4/rdr.tsv
AGTCTTTAGGCTCTCG-1	R2	10X	8	R2_1	tumour	/mnt/iribhm/homes/aste0033/projects/MPNST/scDNA/CHISEL/10X/FIT208A4/rdr.tsv
AGTGGGATCCCAGAAT-1	R2	10X	8	R2_1	tumour	/mnt/iribhm/homes/aste0033/projects/MPNST/scDNA/CHISEL/10X/FIT208A4/rdr.tsv
AGTGGGATCGTTACCC-1	R2	10X	8	R2_1	tumour	/mnt/iribhm/homes/aste0033/projects/MPNST/scDNA/CHISEL/10X/FIT208A4/rdr.tsv
AGTGTCAAGAATGTGT-1	R2	10X	8	R2_1	tumour	/mnt/iribhm/homes/aste0033/projects/MPNST/scDNA/CHISEL/10X/FIT208A4/rdr.tsv
AGTGTCAGTAGGTTTC-1	R1	10X	8	R2_1	tumour	/mnt/iribhm/homes/aste0033/projects/MPNST/scDNA/CHISEL/10X/FIT208A3/rdr.tsv
ATAACGCTCATCGGTA-1	R2	10X	8	R2_1	tumour	/mnt/iribhm/homes/aste0033/projects/MPNST/scDNA/CHISEL/10X/FIT208A4/rdr.tsv
ATAGACCAGCACAGGT-1	R2	10X	8	R2_1	tumour	/mnt/iribhm/homes/aste0033/projects/MPNST/scDNA/CHISEL/10X/FIT208A4/rdr.tsv
ATCCGAAAGTCGCCGT-1	R2	10X	8	R2_1	tumour	/mnt/iribhm/homes/aste0033/projects/MPNST/scDNA/CHISEL/10X/FIT208A4/rdr.tsv
ATCGAGTCAGATTGTC-1	R2	10X	8	R2_1	tumour	/mnt/iribhm/homes/aste0033/projects/MPNST/scDNA/CHISEL/10X/FIT208A4/rdr.tsv
ATCGAGTTCCTAGACA-1	R2	10X	8	R2_1	tumour	/mnt/iribhm/homes/aste0033/projects/MPNST/scDNA/CHISEL/10X/FIT208A4/rdr.tsv
ATCGAGTTCTGCTGAA-1	R2	10X	8	R2_1	tumour	/mnt/iribhm/homes/aste0033/projects/MPNST/scDNA/CHISEL/10X/FIT208A4/rdr.tsv
ATGGGAGAGGAGTACC-1	R2	10X	8	R2_1	tumour	/mnt/iribhm/homes/aste0033/projects/MPNST/scDNA/CHISEL/10X/FIT208A4/rdr.tsv
ATGGGAGGTTCCCTAC-1	R2	10X	8	R2_1	tumour	/mnt/iribhm/homes/aste0033/projects/MPNST/scDNA/CHISEL/10X/FIT208A4/rdr.tsv
ATTCTACGTTAGAGCG-1	R2	10X	8	R2_1	tumour	/mnt/iribhm/homes/aste0033/projects/MPNST/scDNA/CHISEL/10X/FIT208A4/rdr.tsv
ATTGGACTCCTGCGTT-1	R2	10X	8	R2_1	tumour	/mnt/iribhm/homes/aste0033/projects/MPNST/scDNA/CHISEL/10X/FIT208A4/rdr.tsv
ATTGGTGAGGCTCAGA-1	R2	10X	8	R2_1	tumour	/mnt/iribhm/homes/aste0033/projects/MPNST/scDNA/CHISEL/10X/FIT208A4/rdr.tsv
ATTGGTGCAGAAGAAG-1	R2	10X	8	R2_1	tumour	/mnt/iribhm/homes/aste0033/projects/MPNST/scDNA/CHISEL/10X/FIT208A4/rdr.tsv
ATTTCTGTCGCGCACA-1	R2	10X	8	R2_1	tumour	/mnt/iribhm/homes/aste0033/projects/MPNST/scDNA/CHISEL/10X/FIT208A4/rdr.tsv
CAAGGCCCAGTGCTTA-1	R2	10X	8	R2_1	tumour	/mnt/iribhm/homes/aste0033/projects/MPNST/scDNA/CHISEL/10X/FIT208A4/rdr.tsv
CAAGTTGGTTCGTAAC-1	R2	10X	8	R2_1	tumour	/mnt/iribhm/homes/aste0033/projects/MPNST/scDNA/CHISEL/10X/FIT208A4/rdr.tsv
CACAAACCAACGGCTC-1	R2	10X	8	R2_1	tumour	/mnt/iribhm/homes/aste0033/projects/MPNST/scDNA/CHISEL/10X/FIT208A4/rdr.tsv
CACACTCGTTCCACAA-1	R2	10X	8	R2_1	tumour	/mnt/iribhm/homes/aste0033/projects/MPNST/scDNA/CHISEL/10X/FIT208A4/rdr.tsv
CACAGGCCACTCTGGG-1	R2	10X	8	R2_1	tumour	/mnt/iribhm/homes/aste0033/projects/MPNST/scDNA/CHISEL/10X/FIT208A4/rdr.tsv
CACAGTAAGCGCGTCT-1	R2	10X	8	R2_1	tumour	/mnt/iribhm/homes/aste0033/projects/MPNST/scDNA/CHISEL/10X/FIT208A4/rdr.tsv
CACCAGGCACCACATA-1	R2	10X	8	R2_1	tumour	/mnt/iribhm/homes/aste0033/projects/MPNST/scDNA/CHISEL/10X/FIT208A4/rdr.tsv
CAGAATCAGGGAAACA-1	R2	10X	8	R2_1	tumour	/mnt/iribhm/homes/aste0033/projects/MPNST/scDNA/CHISEL/10X/FIT208A4/rdr.tsv
CAGAGAGCAGCCCATG-1	R2	10X	8	R2_1	tumour	/mnt/iribhm/homes/aste0033/projects/MPNST/scDNA/CHISEL/10X/FIT208A4/rdr.tsv
CAGCAGCCATCCGTTC-1	R2	10X	8	R2_1	tumour	/mnt/iribhm/homes/aste0033/projects/MPNST/scDNA/CHISEL/10X/FIT208A4/rdr.tsv
CAGCGACAGTGTTTGC-1	R2	10X	8	R2_1	tumour	/mnt/iribhm/homes/aste0033/projects/MPNST/scDNA/CHISEL/10X/FIT208A4/rdr.tsv
CAGCGACTCACACGTA-1	R2	10X	8	R2_1	tumour	/mnt/iribhm/homes/aste0033/projects/MPNST/scDNA/CHISEL/10X/FIT208A4/rdr.tsv
CAGCTAACATACTGCA-1	R2	10X	8	R2_1	tumour	/mnt/iribhm/homes/aste0033/projects/MPNST/scDNA/CHISEL/10X/FIT208A4/rdr.tsv
CAGCTGGGTGGCCTGT-1	R2	10X	8	R2_1	tumour	/mnt/iribhm/homes/aste0033/projects/MPNST/scDNA/CHISEL/10X/FIT208A4/rdr.tsv
CAGTAACAGGCTAGAC-1	R3	10X	8	R2_1	tumour	/mnt/iribhm/homes/aste0033/projects/MPNST/scDNA/CHISEL/10X/FIT208A5/rdr.tsv
CAGTCCTTCTGTGGCG-1	R2	10X	8	R2_1	tumour	/mnt/iribhm/homes/aste0033/projects/MPNST/scDNA/CHISEL/10X/FIT208A4/rdr.tsv
CATATTCAGTCGACTT-1	R2	10X	8	R2_1	tumour	/mnt/iribhm/homes/aste0033/projects/MPNST/scDNA/CHISEL/10X/FIT208A4/rdr.tsv
CATCCACTCCCTGAGG-1	R2	10X	8	R2_1	tumour	/mnt/iribhm/homes/aste0033/projects/MPNST/scDNA/CHISEL/10X/FIT208A4/rdr.tsv
CATTATCAGAAGGACA-1	R2	10X	8	R2_1	tumour	/mnt/iribhm/homes/aste0033/projects/MPNST/scDNA/CHISEL/10X/FIT208A4/rdr.tsv
CATTATCAGCAAATCA-1	R2	10X	8	R2_1	tumour	/mnt/iribhm/homes/aste0033/projects/MPNST/scDNA/CHISEL/10X/FIT208A4/rdr.tsv
CCAATCCAGCTGTTCA-1	R2	10X	8	R2_1	tumour	/mnt/iribhm/homes/aste0033/projects/MPNST/scDNA/CHISEL/10X/FIT208A4/rdr.tsv
CCAATCCGTGGCCTGT-1	R2	10X	8	R2_1	tumour	/mnt/iribhm/homes/aste0033/projects/MPNST/scDNA/CHISEL/10X/FIT208A4/rdr.tsv
CCACGGAAGGGATTCG-1	R2	10X	8	R2_1	tumour	/mnt/iribhm/homes/aste0033/projects/MPNST/scDNA/CHISEL/10X/FIT208A4/rdr.tsv
CCATTCGAGACGCACA-1	R2	10X	8	R2_1	tumour	/mnt/iribhm/homes/aste0033/projects/MPNST/scDNA/CHISEL/10X/FIT208A4/rdr.tsv
CCATTCGAGCATGAGC-1	R2	10X	8	R2_1	tumour	/mnt/iribhm/homes/aste0033/projects/MPNST/scDNA/CHISEL/10X/FIT208A4/rdr.tsv
CCATTCGAGCTAGCCC-1	R2	10X	8	R2_1	tumour	/mnt/iribhm/homes/aste0033/projects/MPNST/scDNA/CHISEL/10X/FIT208A4/rdr.tsv
CCATTCGCAACGCGTC-1	R2	10X	8	R2_1	tumour	/mnt/iribhm/homes/aste0033/projects/MPNST/scDNA/CHISEL/10X/FIT208A4/rdr.tsv
CCCATACTCGGGCTCA-1	R2	10X	8	R2_1	tumour	/mnt/iribhm/homes/aste0033/projects/MPNST/scDNA/CHISEL/10X/FIT208A4/rdr.tsv
CCCTCCTAGACTAAGT-1	R2	10X	8	R2_1	tumour	/mnt/iribhm/homes/aste0033/projects/MPNST/scDNA/CHISEL/10X/FIT208A4/rdr.tsv
CCGTACTCAGAGGCTA-1	R2	10X	8	R2_1	tumour	/mnt/iribhm/homes/aste0033/projects/MPNST/scDNA/CHISEL/10X/FIT208A4/rdr.tsv
CCGTGGATCGGAGAAC-1	R2	10X	8	R2_1	tumour	/mnt/iribhm/homes/aste0033/projects/MPNST/scDNA/CHISEL/10X/FIT208A4/rdr.tsv
CCTAAAGGTGCTCTGG-1	R2	10X	8	R2_1	tumour	/mnt/iribhm/homes/aste0033/projects/MPNST/scDNA/CHISEL/10X/FIT208A4/rdr.tsv
CCTACACTCGAGCACC-1	R2	10X	8	R2_1	tumour	/mnt/iribhm/homes/aste0033/projects/MPNST/scDNA/CHISEL/10X/FIT208A4/rdr.tsv
CCTACCAGTTGATCTG-1	R2	10X	8	R2_1	tumour	/mnt/iribhm/homes/aste0033/projects/MPNST/scDNA/CHISEL/10X/FIT208A4/rdr.tsv
CCTACCATCTCGAACA-1	R2	10X	8	R2_1	tumour	/mnt/iribhm/homes/aste0033/projects/MPNST/scDNA/CHISEL/10X/FIT208A4/rdr.tsv
CCTTACGCAGTACCTA-1	R2	10X	8	R2_1	tumour	/mnt/iribhm/homes/aste0033/projects/MPNST/scDNA/CHISEL/10X/FIT208A4/rdr.tsv
CCTTCCCTCCGTGCTT-1	R2	10X	8	R2_1	tumour	/mnt/iribhm/homes/aste0033/projects/MPNST/scDNA/CHISEL/10X/FIT208A4/rdr.tsv
CGAACATGTTCTCTCG-1	R2	10X	8	R2_1	tumour	/mnt/iribhm/homes/aste0033/projects/MPNST/scDNA/CHISEL/10X/FIT208A4/rdr.tsv
CGAATGTAGGATGTAT-1	R2	10X	8	R2_1	tumour	/mnt/iribhm/homes/aste0033/projects/MPNST/scDNA/CHISEL/10X/FIT208A4/rdr.tsv
CGAATGTTCACGTATG-1	R2	10X	8	R2_1	tumour	/mnt/iribhm/homes/aste0033/projects/MPNST/scDNA/CHISEL/10X/FIT208A4/rdr.tsv
CGACCTTCAACGCGTC-1	R2	10X	8	R2_1	tumour	/mnt/iribhm/homes/aste0033/projects/MPNST/scDNA/CHISEL/10X/FIT208A4/rdr.tsv
CGAGAAGAGAGCCCAA-1	R2	10X	8	R2_1	tumour	/mnt/iribhm/homes/aste0033/projects/MPNST/scDNA/CHISEL/10X/FIT208A4/rdr.tsv
CGAGCCAAGGCTCAGA-1	R2	10X	8	R2_1	tumour	/mnt/iribhm/homes/aste0033/projects/MPNST/scDNA/CHISEL/10X/FIT208A4/rdr.tsv
CGATGGCCAATGGGAC-1	R2	10X	8	R2_1	tumour	/mnt/iribhm/homes/aste0033/projects/MPNST/scDNA/CHISEL/10X/FIT208A4/rdr.tsv
CGATGGCCACTAACTG-1	R2	10X	8	R2_1	tumour	/mnt/iribhm/homes/aste0033/projects/MPNST/scDNA/CHISEL/10X/FIT208A4/rdr.tsv
CGCCAAGCATTACTTC-1	R2	10X	8	R2_1	tumour	/mnt/iribhm/homes/aste0033/projects/MPNST/scDNA/CHISEL/10X/FIT208A4/rdr.tsv
CGCGGTAAGTGATGGC-1	R2	10X	8	R2_1	tumour	/mnt/iribhm/homes/aste0033/projects/MPNST/scDNA/CHISEL/10X/FIT208A4/rdr.tsv
CGCGTTTAGAATTGTG-1	R2	10X	8	R2_1	tumour	/mnt/iribhm/homes/aste0033/projects/MPNST/scDNA/CHISEL/10X/FIT208A4/rdr.tsv
CGCTATCGTGTGTTCA-1	R2	10X	8	R2_1	tumour	/mnt/iribhm/homes/aste0033/projects/MPNST/scDNA/CHISEL/10X/FIT208A4/rdr.tsv
CGCTTCAGTGACCCGT-1	R1	10X	8	R2_1	tumour	/mnt/iribhm/homes/aste0033/projects/MPNST/scDNA/CHISEL/10X/FIT208A3/rdr.tsv
CGCTTCAGTGATGTTC-1	R2	10X	8	R2_1	tumour	/mnt/iribhm/homes/aste0033/projects/MPNST/scDNA/CHISEL/10X/FIT208A4/rdr.tsv
CGGAGCTGTTAAAGGT-1	R2	10X	8	R2_1	tumour	/mnt/iribhm/homes/aste0033/projects/MPNST/scDNA/CHISEL/10X/FIT208A4/rdr.tsv
CGGAGTCCACCAGTGC-1	R2	10X	8	R2_1	tumour	/mnt/iribhm/homes/aste0033/projects/MPNST/scDNA/CHISEL/10X/FIT208A4/rdr.tsv
CGGCTAGAGTCAAGCG-1	R2	10X	8	R2_1	tumour	/mnt/iribhm/homes/aste0033/projects/MPNST/scDNA/CHISEL/10X/FIT208A4/rdr.tsv
CGTCACTAGGTGTGCA-1	R2	10X	8	R2_1	tumour	/mnt/iribhm/homes/aste0033/projects/MPNST/scDNA/CHISEL/10X/FIT208A4/rdr.tsv
CGTCACTCAACCTCAA-1	R2	10X	8	R2_1	tumour	/mnt/iribhm/homes/aste0033/projects/MPNST/scDNA/CHISEL/10X/FIT208A4/rdr.tsv
CGTCCATTCCTTGCAC-1	R2	10X	8	R2_1	tumour	/mnt/iribhm/homes/aste0033/projects/MPNST/scDNA/CHISEL/10X/FIT208A4/rdr.tsv
CGTCTACTCCGCGAGT-1	R2	10X	8	R2_1	tumour	/mnt/iribhm/homes/aste0033/projects/MPNST/scDNA/CHISEL/10X/FIT208A4/rdr.tsv
CGTTCTGCAGACTCCG-1	R1	10X	8	R2_1	tumour	/mnt/iribhm/homes/aste0033/projects/MPNST/scDNA/CHISEL/10X/FIT208A3/rdr.tsv
CGTTCTGCAGCGTGTC-1	R2	10X	8	R2_1	tumour	/mnt/iribhm/homes/aste0033/projects/MPNST/scDNA/CHISEL/10X/FIT208A4/rdr.tsv
CTAACTTTCCGCTTGT-1	R2	10X	8	R2_1	tumour	/mnt/iribhm/homes/aste0033/projects/MPNST/scDNA/CHISEL/10X/FIT208A4/rdr.tsv
CTAGCCTTCATCAGGT-1	R2	10X	8	R2_1	tumour	/mnt/iribhm/homes/aste0033/projects/MPNST/scDNA/CHISEL/10X/FIT208A4/rdr.tsv
CTAGTGAAGGGAGTAA-1	R2	10X	8	R2_1	tumour	/mnt/iribhm/homes/aste0033/projects/MPNST/scDNA/CHISEL/10X/FIT208A4/rdr.tsv
CTCACACGTTTACGGT-1	R2	10X	8	R2_1	tumour	/mnt/iribhm/homes/aste0033/projects/MPNST/scDNA/CHISEL/10X/FIT208A4/rdr.tsv
CTCAGAATCATGTCAG-1	R2	10X	8	R2_1	tumour	/mnt/iribhm/homes/aste0033/projects/MPNST/scDNA/CHISEL/10X/FIT208A4/rdr.tsv
CTCCTAGTCATCGCGG-1	R2	10X	8	R2_1	tumour	/mnt/iribhm/homes/aste0033/projects/MPNST/scDNA/CHISEL/10X/FIT208A4/rdr.tsv
CTCGAAACAGTAATCC-1	R2	10X	8	R2_1	tumour	/mnt/iribhm/homes/aste0033/projects/MPNST/scDNA/CHISEL/10X/FIT208A4/rdr.tsv
CTCGGAGCACGATGGA-1	R2	10X	8	R2_1	tumour	/mnt/iribhm/homes/aste0033/projects/MPNST/scDNA/CHISEL/10X/FIT208A4/rdr.tsv
CTCTGGTCAGCTCATA-1	R2	10X	8	R2_1	tumour	/mnt/iribhm/homes/aste0033/projects/MPNST/scDNA/CHISEL/10X/FIT208A4/rdr.tsv
CTCTGGTGTAACTTCG-1	R2	10X	8	R2_1	tumour	/mnt/iribhm/homes/aste0033/projects/MPNST/scDNA/CHISEL/10X/FIT208A4/rdr.tsv
CTTAGGACATTCTTGT-1	R2	10X	8	R2_1	tumour	/mnt/iribhm/homes/aste0033/projects/MPNST/scDNA/CHISEL/10X/FIT208A4/rdr.tsv
CTTCTCTTCGTTAGGT-1	R2	10X	8	R2_1	tumour	/mnt/iribhm/homes/aste0033/projects/MPNST/scDNA/CHISEL/10X/FIT208A4/rdr.tsv
CTTGGCTCATAGCACT-1	R2	10X	8	R2_1	tumour	/mnt/iribhm/homes/aste0033/projects/MPNST/scDNA/CHISEL/10X/FIT208A4/rdr.tsv
GAACCTAAGCAATCTC-1	R2	10X	8	R2_1	tumour	/mnt/iribhm/homes/aste0033/projects/MPNST/scDNA/CHISEL/10X/FIT208A4/rdr.tsv
GAAGCAGTCTAGAGCT-1	R2	10X	8	R2_1	tumour	/mnt/iribhm/homes/aste0033/projects/MPNST/scDNA/CHISEL/10X/FIT208A4/rdr.tsv
GACACGCAGAATGTGT-1	R2	10X	8	R2_1	tumour	/mnt/iribhm/homes/aste0033/projects/MPNST/scDNA/CHISEL/10X/FIT208A4/rdr.tsv
GACAGAGAGCGCTCAC-1	R2	10X	8	R2_1	tumour	/mnt/iribhm/homes/aste0033/projects/MPNST/scDNA/CHISEL/10X/FIT208A4/rdr.tsv
GACCTGGCAGTGGATG-1	R2	10X	8	R2_1	tumour	/mnt/iribhm/homes/aste0033/projects/MPNST/scDNA/CHISEL/10X/FIT208A4/rdr.tsv
GACCTGGTCGTATCCC-1	R2	10X	8	R2_1	tumour	/mnt/iribhm/homes/aste0033/projects/MPNST/scDNA/CHISEL/10X/FIT208A4/rdr.tsv
GACGCGTGTCCTTGGG-1	R2	10X	8	R2_1	tumour	/mnt/iribhm/homes/aste0033/projects/MPNST/scDNA/CHISEL/10X/FIT208A4/rdr.tsv
GACGGCTAGAGTAGCC-1	R2	10X	8	R2_1	tumour	/mnt/iribhm/homes/aste0033/projects/MPNST/scDNA/CHISEL/10X/FIT208A4/rdr.tsv
GACGTGCTCGCAACGC-1	R2	10X	8	R2_1	tumour	/mnt/iribhm/homes/aste0033/projects/MPNST/scDNA/CHISEL/10X/FIT208A4/rdr.tsv
GACTAACAGAGCTGGT-1	R2	10X	8	R2_1	tumour	/mnt/iribhm/homes/aste0033/projects/MPNST/scDNA/CHISEL/10X/FIT208A4/rdr.tsv
GACTAACAGTTAGGGC-1	R2	10X	8	R2_1	tumour	/mnt/iribhm/homes/aste0033/projects/MPNST/scDNA/CHISEL/10X/FIT208A4/rdr.tsv
GACTACACAGTGCTGC-1	R2	10X	8	R2_1	tumour	/mnt/iribhm/homes/aste0033/projects/MPNST/scDNA/CHISEL/10X/FIT208A4/rdr.tsv
GACTGCGCATCTTTCA-1	R2	10X	8	R2_1	tumour	/mnt/iribhm/homes/aste0033/projects/MPNST/scDNA/CHISEL/10X/FIT208A4/rdr.tsv
GACTGCGCATTTCTTG-1	R2	10X	8	R2_1	tumour	/mnt/iribhm/homes/aste0033/projects/MPNST/scDNA/CHISEL/10X/FIT208A4/rdr.tsv
GAGTCCGCACCCGTGA-1	R2	10X	8	R2_1	tumour	/mnt/iribhm/homes/aste0033/projects/MPNST/scDNA/CHISEL/10X/FIT208A4/rdr.tsv
GATCAGTGTGCTCTGG-1	R2	10X	8	R2_1	tumour	/mnt/iribhm/homes/aste0033/projects/MPNST/scDNA/CHISEL/10X/FIT208A4/rdr.tsv
GATCGCGTCATATCTC-1	R2	10X	8	R2_1	tumour	/mnt/iribhm/homes/aste0033/projects/MPNST/scDNA/CHISEL/10X/FIT208A4/rdr.tsv
GATCTAGTCTAACACG-1	R2	10X	8	R2_1	tumour	/mnt/iribhm/homes/aste0033/projects/MPNST/scDNA/CHISEL/10X/FIT208A4/rdr.tsv
GATGAGGCATAGCACT-1	R2	10X	8	R2_1	tumour	/mnt/iribhm/homes/aste0033/projects/MPNST/scDNA/CHISEL/10X/FIT208A4/rdr.tsv
GATGCTACAGACGAGT-1	R2	10X	8	R2_1	tumour	/mnt/iribhm/homes/aste0033/projects/MPNST/scDNA/CHISEL/10X/FIT208A4/rdr.tsv
GATTCAGTCCGTTCAC-1	R2	10X	8	R2_1	tumour	/mnt/iribhm/homes/aste0033/projects/MPNST/scDNA/CHISEL/10X/FIT208A4/rdr.tsv
GCAATCAAGGTGATTA-1	R2	10X	8	R2_1	tumour	/mnt/iribhm/homes/aste0033/projects/MPNST/scDNA/CHISEL/10X/FIT208A4/rdr.tsv
GCATGATAGGGCTTCC-1	R2	10X	8	R2_1	tumour	/mnt/iribhm/homes/aste0033/projects/MPNST/scDNA/CHISEL/10X/FIT208A4/rdr.tsv
GCATGATTCTGTGAAC-1	R2	10X	8	R2_1	tumour	/mnt/iribhm/homes/aste0033/projects/MPNST/scDNA/CHISEL/10X/FIT208A4/rdr.tsv
GCATGTATCTACCGTC-1	R2	10X	8	R2_1	tumour	/mnt/iribhm/homes/aste0033/projects/MPNST/scDNA/CHISEL/10X/FIT208A4/rdr.tsv
GCCTCTAAGCCACGTC-1	R2	10X	8	R2_1	tumour	/mnt/iribhm/homes/aste0033/projects/MPNST/scDNA/CHISEL/10X/FIT208A4/rdr.tsv
GCCTCTACAACACCGC-1	R2	10X	8	R2_1	tumour	/mnt/iribhm/homes/aste0033/projects/MPNST/scDNA/CHISEL/10X/FIT208A4/rdr.tsv
GCGACCATCAACGATC-1	R2	10X	8	R2_1	tumour	/mnt/iribhm/homes/aste0033/projects/MPNST/scDNA/CHISEL/10X/FIT208A4/rdr.tsv
GCGCAACAGACCTTTG-1	R2	10X	8	R2_1	tumour	/mnt/iribhm/homes/aste0033/projects/MPNST/scDNA/CHISEL/10X/FIT208A4/rdr.tsv
GCTCCTAGTGGCAAAC-1	R2	10X	8	R2_1	tumour	/mnt/iribhm/homes/aste0033/projects/MPNST/scDNA/CHISEL/10X/FIT208A4/rdr.tsv
GCTGCAGCAGCCAGTC-1	R2	10X	8	R2_1	tumour	/mnt/iribhm/homes/aste0033/projects/MPNST/scDNA/CHISEL/10X/FIT208A4/rdr.tsv
GCTGCAGTCGACCCTT-1	R2	10X	8	R2_1	tumour	/mnt/iribhm/homes/aste0033/projects/MPNST/scDNA/CHISEL/10X/FIT208A4/rdr.tsv
GCTGCGATCACGACGC-1	R2	10X	8	R2_1	tumour	/mnt/iribhm/homes/aste0033/projects/MPNST/scDNA/CHISEL/10X/FIT208A4/rdr.tsv
GCTTCCACACCACACG-1	R2	10X	8	R2_1	tumour	/mnt/iribhm/homes/aste0033/projects/MPNST/scDNA/CHISEL/10X/FIT208A4/rdr.tsv
GGAAAGCGTAACTTCG-1	R2	10X	8	R2_1	tumour	/mnt/iribhm/homes/aste0033/projects/MPNST/scDNA/CHISEL/10X/FIT208A4/rdr.tsv
GGAACTTCAACGACGA-1	R2	10X	8	R2_1	tumour	/mnt/iribhm/homes/aste0033/projects/MPNST/scDNA/CHISEL/10X/FIT208A4/rdr.tsv
GGAACTTCAAGACGAC-1	R2	10X	8	R2_1	tumour	/mnt/iribhm/homes/aste0033/projects/MPNST/scDNA/CHISEL/10X/FIT208A4/rdr.tsv
GGAACTTGTGACCCAC-1	R2	10X	8	R2_1	tumour	/mnt/iribhm/homes/aste0033/projects/MPNST/scDNA/CHISEL/10X/FIT208A4/rdr.tsv
GGATGTTCATCTCGAA-1	R2	10X	8	R2_1	tumour	/mnt/iribhm/homes/aste0033/projects/MPNST/scDNA/CHISEL/10X/FIT208A4/rdr.tsv
GGATGTTTCGCAACGC-1	R2	10X	8	R2_1	tumour	/mnt/iribhm/homes/aste0033/projects/MPNST/scDNA/CHISEL/10X/FIT208A4/rdr.tsv
GGATTACGTCTTCGCT-1	R2	10X	8	R2_1	tumour	/mnt/iribhm/homes/aste0033/projects/MPNST/scDNA/CHISEL/10X/FIT208A4/rdr.tsv
GGCTCGATCACCGCAG-1	R2	10X	8	R2_1	tumour	/mnt/iribhm/homes/aste0033/projects/MPNST/scDNA/CHISEL/10X/FIT208A4/rdr.tsv
GGGAATGCAGCGTCAC-1	R2	10X	8	R2_1	tumour	/mnt/iribhm/homes/aste0033/projects/MPNST/scDNA/CHISEL/10X/FIT208A4/rdr.tsv
GGGACCTTCAGCGGCT-1	R2	10X	8	R2_1	tumour	/mnt/iribhm/homes/aste0033/projects/MPNST/scDNA/CHISEL/10X/FIT208A4/rdr.tsv
GGGAGATGTATGACTC-1	R2	10X	8	R2_1	tumour	/mnt/iribhm/homes/aste0033/projects/MPNST/scDNA/CHISEL/10X/FIT208A4/rdr.tsv
GGGATGAAGCAGCCCT-1	R2	10X	8	R2_1	tumour	/mnt/iribhm/homes/aste0033/projects/MPNST/scDNA/CHISEL/10X/FIT208A4/rdr.tsv
GGGATGAGTCAAGTCT-1	R2	10X	8	R2_1	tumour	/mnt/iribhm/homes/aste0033/projects/MPNST/scDNA/CHISEL/10X/FIT208A4/rdr.tsv
GGGCATCGTTAGTGAA-1	R2	10X	8	R2_1	tumour	/mnt/iribhm/homes/aste0033/projects/MPNST/scDNA/CHISEL/10X/FIT208A4/rdr.tsv
GGTATTGGTCCCACAG-1	R2	10X	8	R2_1	tumour	/mnt/iribhm/homes/aste0033/projects/MPNST/scDNA/CHISEL/10X/FIT208A4/rdr.tsv
GTACGTAAGCGTGAGT-1	R2	10X	8	R2_1	tumour	/mnt/iribhm/homes/aste0033/projects/MPNST/scDNA/CHISEL/10X/FIT208A4/rdr.tsv
GTACGTACACAGTGTT-1	R2	10X	8	R2_1	tumour	/mnt/iribhm/homes/aste0033/projects/MPNST/scDNA/CHISEL/10X/FIT208A4/rdr.tsv
GTACTCCGTTTCCGAA-1	R2	10X	8	R2_1	tumour	/mnt/iribhm/homes/aste0033/projects/MPNST/scDNA/CHISEL/10X/FIT208A4/rdr.tsv
GTACTCCTCCGCGGAT-1	R2	10X	8	R2_1	tumour	/mnt/iribhm/homes/aste0033/projects/MPNST/scDNA/CHISEL/10X/FIT208A4/rdr.tsv
GTATCTTTCTGGTGGC-1	R2	10X	8	R2_1	tumour	/mnt/iribhm/homes/aste0033/projects/MPNST/scDNA/CHISEL/10X/FIT208A4/rdr.tsv
GTCACAAGTTCCACAA-1	R2	10X	8	R2_1	tumour	/mnt/iribhm/homes/aste0033/projects/MPNST/scDNA/CHISEL/10X/FIT208A4/rdr.tsv
GTCACGGGTGAAGCCA-1	R2	10X	8	R2_1	tumour	/mnt/iribhm/homes/aste0033/projects/MPNST/scDNA/CHISEL/10X/FIT208A4/rdr.tsv
GTCCTCAGTGAGTCAG-1	R2	10X	8	R2_1	tumour	/mnt/iribhm/homes/aste0033/projects/MPNST/scDNA/CHISEL/10X/FIT208A4/rdr.tsv
GTCTCGTGTTCCCACT-1	R2	10X	8	R2_1	tumour	/mnt/iribhm/homes/aste0033/projects/MPNST/scDNA/CHISEL/10X/FIT208A4/rdr.tsv
GTCTTCGCACACCTAA-1	R2	10X	8	R2_1	tumour	/mnt/iribhm/homes/aste0033/projects/MPNST/scDNA/CHISEL/10X/FIT208A4/rdr.tsv
GTGCGGTCACGGAGTA-1	R2	10X	8	R2_1	tumour	/mnt/iribhm/homes/aste0033/projects/MPNST/scDNA/CHISEL/10X/FIT208A4/rdr.tsv
GTGCGGTTCCGTACCT-1	R2	10X	8	R2_1	tumour	/mnt/iribhm/homes/aste0033/projects/MPNST/scDNA/CHISEL/10X/FIT208A4/rdr.tsv
GTGTTAGCAAGTACAA-1	R2	10X	8	R2_1	tumour	/mnt/iribhm/homes/aste0033/projects/MPNST/scDNA/CHISEL/10X/FIT208A4/rdr.tsv
GTTAAGCCAGGGAAGG-1	R2	10X	8	R2_1	tumour	/mnt/iribhm/homes/aste0033/projects/MPNST/scDNA/CHISEL/10X/FIT208A4/rdr.tsv
GTTAAGCGTATCGCCG-1	R2	10X	8	R2_1	tumour	/mnt/iribhm/homes/aste0033/projects/MPNST/scDNA/CHISEL/10X/FIT208A4/rdr.tsv
GTTCATTGTCACATGT-1	R2	10X	8	R2_1	tumour	/mnt/iribhm/homes/aste0033/projects/MPNST/scDNA/CHISEL/10X/FIT208A4/rdr.tsv
GTTCTCGGTGATTTGC-1	R2	10X	8	R2_1	tumour	/mnt/iribhm/homes/aste0033/projects/MPNST/scDNA/CHISEL/10X/FIT208A4/rdr.tsv
GTTTCTATCCACGATA-1	R2	10X	8	R2_1	tumour	/mnt/iribhm/homes/aste0033/projects/MPNST/scDNA/CHISEL/10X/FIT208A4/rdr.tsv
TAAACCGAGACGCACA-1	R2	10X	8	R2_1	tumour	/mnt/iribhm/homes/aste0033/projects/MPNST/scDNA/CHISEL/10X/FIT208A4/rdr.tsv
TAAGTGCGTCATCCAA-1	R2	10X	8	R2_1	tumour	/mnt/iribhm/homes/aste0033/projects/MPNST/scDNA/CHISEL/10X/FIT208A4/rdr.tsv
TAAGTGCGTTCTTTGT-1	R2	10X	8	R2_1	tumour	/mnt/iribhm/homes/aste0033/projects/MPNST/scDNA/CHISEL/10X/FIT208A4/rdr.tsv
TACACGAAGTGGGTAC-1	R2	10X	8	R2_1	tumour	/mnt/iribhm/homes/aste0033/projects/MPNST/scDNA/CHISEL/10X/FIT208A4/rdr.tsv
TACGGGCCACGGAATG-1	R2	10X	8	R2_1	tumour	/mnt/iribhm/homes/aste0033/projects/MPNST/scDNA/CHISEL/10X/FIT208A4/rdr.tsv
TACGGTACAGCGGTCT-1	R2	10X	8	R2_1	tumour	/mnt/iribhm/homes/aste0033/projects/MPNST/scDNA/CHISEL/10X/FIT208A4/rdr.tsv
TACTCATTCCGACGTG-1	R2	10X	8	R2_1	tumour	/mnt/iribhm/homes/aste0033/projects/MPNST/scDNA/CHISEL/10X/FIT208A4/rdr.tsv
TACTCGCAGTGTACGG-1	R2	10X	8	R2_1	tumour	/mnt/iribhm/homes/aste0033/projects/MPNST/scDNA/CHISEL/10X/FIT208A4/rdr.tsv
TACTTACAGGGTAGGG-1	R2	10X	8	R2_1	tumour	/mnt/iribhm/homes/aste0033/projects/MPNST/scDNA/CHISEL/10X/FIT208A4/rdr.tsv
TAGAGCTCAAAGTTAG-1	R2	10X	8	R2_1	tumour	/mnt/iribhm/homes/aste0033/projects/MPNST/scDNA/CHISEL/10X/FIT208A4/rdr.tsv
TAGCCGGCATCAGGGA-1	R2	10X	8	R2_1	tumour	/mnt/iribhm/homes/aste0033/projects/MPNST/scDNA/CHISEL/10X/FIT208A4/rdr.tsv
TAGCCGGTCTAGACAC-1	R2	10X	8	R2_1	tumour	/mnt/iribhm/homes/aste0033/projects/MPNST/scDNA/CHISEL/10X/FIT208A4/rdr.tsv
TAGGCATCAGTCCCTT-1	R2	10X	8	R2_1	tumour	/mnt/iribhm/homes/aste0033/projects/MPNST/scDNA/CHISEL/10X/FIT208A4/rdr.tsv
TATTACCTCGGGCTCA-1	R2	10X	8	R2_1	tumour	/mnt/iribhm/homes/aste0033/projects/MPNST/scDNA/CHISEL/10X/FIT208A4/rdr.tsv
TCAACGATCAAAGCGG-1	R2	10X	8	R2_1	tumour	/mnt/iribhm/homes/aste0033/projects/MPNST/scDNA/CHISEL/10X/FIT208A4/rdr.tsv
TCAATCTTCCAACGAT-1	R2	10X	8	R2_1	tumour	/mnt/iribhm/homes/aste0033/projects/MPNST/scDNA/CHISEL/10X/FIT208A4/rdr.tsv
TCACGAATCTAATGGC-1	R2	10X	8	R2_1	tumour	/mnt/iribhm/homes/aste0033/projects/MPNST/scDNA/CHISEL/10X/FIT208A4/rdr.tsv
TCAGATGTCTAGCCTC-1	R2	10X	8	R2_1	tumour	/mnt/iribhm/homes/aste0033/projects/MPNST/scDNA/CHISEL/10X/FIT208A4/rdr.tsv
TCAGCAACAACGGCTC-1	R2	10X	8	R2_1	tumour	/mnt/iribhm/homes/aste0033/projects/MPNST/scDNA/CHISEL/10X/FIT208A4/rdr.tsv
TCAGCAAGTCGCTCAG-1	R2	10X	8	R2_1	tumour	/mnt/iribhm/homes/aste0033/projects/MPNST/scDNA/CHISEL/10X/FIT208A4/rdr.tsv
TCAGCAAGTTGATCTG-1	R2	10X	8	R2_1	tumour	/mnt/iribhm/homes/aste0033/projects/MPNST/scDNA/CHISEL/10X/FIT208A4/rdr.tsv
TCATTACTCCGCGACA-1	R2	10X	8	R2_1	tumour	/mnt/iribhm/homes/aste0033/projects/MPNST/scDNA/CHISEL/10X/FIT208A4/rdr.tsv
TCATTTGAGCAAATCA-1	R2	10X	8	R2_1	tumour	/mnt/iribhm/homes/aste0033/projects/MPNST/scDNA/CHISEL/10X/FIT208A4/rdr.tsv
TCGTACCGTGCACACC-1	R2	10X	8	R2_1	tumour	/mnt/iribhm/homes/aste0033/projects/MPNST/scDNA/CHISEL/10X/FIT208A4/rdr.tsv
TCGTAGACAAAGTGGC-1	R2	10X	8	R2_1	tumour	/mnt/iribhm/homes/aste0033/projects/MPNST/scDNA/CHISEL/10X/FIT208A4/rdr.tsv
TCGTAGATCCCAAAGT-1	R2	10X	8	R2_1	tumour	/mnt/iribhm/homes/aste0033/projects/MPNST/scDNA/CHISEL/10X/FIT208A4/rdr.tsv
TCTGGAAGTTCCGTCT-1	R2	10X	8	R2_1	tumour	/mnt/iribhm/homes/aste0033/projects/MPNST/scDNA/CHISEL/10X/FIT208A4/rdr.tsv
TCTTCGGAGGGATGGG-1	R2	10X	8	R2_1	tumour	/mnt/iribhm/homes/aste0033/projects/MPNST/scDNA/CHISEL/10X/FIT208A4/rdr.tsv
TGACAACCAAACCGAG-1	R2	10X	8	R2_1	tumour	/mnt/iribhm/homes/aste0033/projects/MPNST/scDNA/CHISEL/10X/FIT208A4/rdr.tsv
TGACAACCAACCCAAT-1	R2	10X	8	R2_1	tumour	/mnt/iribhm/homes/aste0033/projects/MPNST/scDNA/CHISEL/10X/FIT208A4/rdr.tsv
TGACAACCAATCGCGC-1	R2	10X	8	R2_1	tumour	/mnt/iribhm/homes/aste0033/projects/MPNST/scDNA/CHISEL/10X/FIT208A4/rdr.tsv
TGACGGCAGACACGAC-1	R2	10X	8	R2_1	tumour	/mnt/iribhm/homes/aste0033/projects/MPNST/scDNA/CHISEL/10X/FIT208A4/rdr.tsv
TGACTAGTCCGCGAGT-1	R2	10X	8	R2_1	tumour	/mnt/iribhm/homes/aste0033/projects/MPNST/scDNA/CHISEL/10X/FIT208A4/rdr.tsv
TGCACCTTCGCTCTAC-1	R2	10X	8	R2_1	tumour	/mnt/iribhm/homes/aste0033/projects/MPNST/scDNA/CHISEL/10X/FIT208A4/rdr.tsv
TGCGGGTCACAGCCAC-1	R2	10X	8	R2_1	tumour	/mnt/iribhm/homes/aste0033/projects/MPNST/scDNA/CHISEL/10X/FIT208A4/rdr.tsv
TGCGTGGTCATGTGAC-1	R2	10X	8	R2_1	tumour	/mnt/iribhm/homes/aste0033/projects/MPNST/scDNA/CHISEL/10X/FIT208A4/rdr.tsv
TGCTACCGTGTAAAGT-1	R2	10X	8	R2_1	tumour	/mnt/iribhm/homes/aste0033/projects/MPNST/scDNA/CHISEL/10X/FIT208A4/rdr.tsv
TGGACGCCAACGACAG-1	R2	10X	8	R2_1	tumour	/mnt/iribhm/homes/aste0033/projects/MPNST/scDNA/CHISEL/10X/FIT208A4/rdr.tsv
TGGACGCGTACGTGCC-1	R1	10X	8	R2_1	tumour	/mnt/iribhm/homes/aste0033/projects/MPNST/scDNA/CHISEL/10X/FIT208A3/rdr.tsv
TGGACGCTCCGTGCTT-1	R2	10X	8	R2_1	tumour	/mnt/iribhm/homes/aste0033/projects/MPNST/scDNA/CHISEL/10X/FIT208A4/rdr.tsv
TGGCCAGGTGAAAGAG-1	R2	10X	8	R2_1	tumour	/mnt/iribhm/homes/aste0033/projects/MPNST/scDNA/CHISEL/10X/FIT208A4/rdr.tsv
TGGCTGGTCCGACGTG-1	R2	10X	8	R2_1	tumour	/mnt/iribhm/homes/aste0033/projects/MPNST/scDNA/CHISEL/10X/FIT208A4/rdr.tsv
TGGTTAGTCTGCTGAA-1	P	10X	8	R2_1	tumour	/mnt/iribhm/homes/aste0033/projects/MPNST/scDNA/CHISEL/10X/FIT208A8/rdr.tsv
TGGTTCCAGCGTCTAT-1	R2	10X	8	R2_1	tumour	/mnt/iribhm/homes/aste0033/projects/MPNST/scDNA/CHISEL/10X/FIT208A4/rdr.tsv
TGTCCCACAGAAGAAG-1	R2	10X	8	R2_1	tumour	/mnt/iribhm/homes/aste0033/projects/MPNST/scDNA/CHISEL/10X/FIT208A4/rdr.tsv
TGTTCCGGTTGGTGAG-1	R2	10X	8	R2_1	tumour	/mnt/iribhm/homes/aste0033/projects/MPNST/scDNA/CHISEL/10X/FIT208A4/rdr.tsv
TTAACTCGTGCAACCC-1	R2	10X	8	R2_1	tumour	/mnt/iribhm/homes/aste0033/projects/MPNST/scDNA/CHISEL/10X/FIT208A4/rdr.tsv
TTAGGACCAACGCGTC-1	R2	10X	8	R2_1	tumour	/mnt/iribhm/homes/aste0033/projects/MPNST/scDNA/CHISEL/10X/FIT208A4/rdr.tsv
TTAGGACCAATCTCTT-1	R2	10X	8	R2_1	tumour	/mnt/iribhm/homes/aste0033/projects/MPNST/scDNA/CHISEL/10X/FIT208A4/rdr.tsv
TTAGGACTCGTTGGAT-1	R2	10X	8	R2_1	tumour	/mnt/iribhm/homes/aste0033/projects/MPNST/scDNA/CHISEL/10X/FIT208A4/rdr.tsv
TTATGCTAGTGGCACA-1	R2	10X	8	R2_1	tumour	/mnt/iribhm/homes/aste0033/projects/MPNST/scDNA/CHISEL/10X/FIT208A4/rdr.tsv
TTCGAAGTCCGCTGAG-1	R2	10X	8	R2_1	tumour	/mnt/iribhm/homes/aste0033/projects/MPNST/scDNA/CHISEL/10X/FIT208A4/rdr.tsv
TTCGGTCGTAAGCGCA-1	R2	10X	8	R2_1	tumour	/mnt/iribhm/homes/aste0033/projects/MPNST/scDNA/CHISEL/10X/FIT208A4/rdr.tsv
TTCTACAGTTGTAGCT-1	R2	10X	8	R2_1	tumour	/mnt/iribhm/homes/aste0033/projects/MPNST/scDNA/CHISEL/10X/FIT208A4/rdr.tsv
TTCTCCTGTGGTGCAA-1	R2	10X	8	R2_1	tumour	/mnt/iribhm/homes/aste0033/projects/MPNST/scDNA/CHISEL/10X/FIT208A4/rdr.tsv
TTGAACGTCAAAGTGA-1	R2	10X	8	R2_1	tumour	/mnt/iribhm/homes/aste0033/projects/MPNST/scDNA/CHISEL/10X/FIT208A4/rdr.tsv
TTGCGTCAGATGTAAC-1	R2	10X	8	R2_1	tumour	/mnt/iribhm/homes/aste0033/projects/MPNST/scDNA/CHISEL/10X/FIT208A4/rdr.tsv
TTTATGCGTCAACTCA-1	R2	10X	8	R2_1	tumour	/mnt/iribhm/homes/aste0033/projects/MPNST/scDNA/CHISEL/10X/FIT208A4/rdr.tsv
TTTATGCTCCGTGCTT-1	P	10X	8	R2_1	tumour	/mnt/iribhm/homes/aste0033/projects/MPNST/scDNA/CHISEL/10X/FIT208A8/rdr.tsv
TTTGCGCGTCAATTCG-1	R2	10X	8	R2_1	tumour	/mnt/iribhm/homes/aste0033/projects/MPNST/scDNA/CHISEL/10X/FIT208A4/rdr.tsv
TTTGGTTGTCACATGT-1	R2	10X	8	R2_1	tumour	/mnt/iribhm/homes/aste0033/projects/MPNST/scDNA/CHISEL/10X/FIT208A4/rdr.tsv
TTTGTCACAGTTTGCA-1	R2	10X	8	R2_1	tumour	/mnt/iribhm/homes/aste0033/projects/MPNST/scDNA/CHISEL/10X/FIT208A4/rdr.tsv
TTTGTCAGTGTCCCTT-1	R2	10X	8	R2_1	tumour	/mnt/iribhm/homes/aste0033/projects/MPNST/scDNA/CHISEL/10X/FIT208A4/rdr.tsv
LES4677A1_124574_14x_38y	R2	DLP	8	R2_1	tumour	/srv/home/aste0033/projects/MPNST/scDNA/CHISEL/DLPp/R2/rdr.tsv
LES4677A1_124574_14x_41y	R2	DLP	8	R2_1	tumour	/srv/home/aste0033/projects/MPNST/scDNA/CHISEL/DLPp/R2/rdr.tsv
LES4677A1_124574_14x_44y	R2	DLP	8	R2_1	tumour	/srv/home/aste0033/projects/MPNST/scDNA/CHISEL/DLPp/R2/rdr.tsv
LES4677A1_124574_14x_46y	R2	DLP	8	R2_1	tumour	/srv/home/aste0033/projects/MPNST/scDNA/CHISEL/DLPp/R2/rdr.tsv
LES4677A1_124574_14x_53y	R2	DLP	8	R2_1	tumour	/srv/home/aste0033/projects/MPNST/scDNA/CHISEL/DLPp/R2/rdr.tsv
LES4677A1_124574_15x_51y	R2	DLP	8	R2_1	tumour	/srv/home/aste0033/projects/MPNST/scDNA/CHISEL/DLPp/R2/rdr.tsv
LES4677A1_124574_15x_52y	R2	DLP	8	R2_1	tumour	/srv/home/aste0033/projects/MPNST/scDNA/CHISEL/DLPp/R2/rdr.tsv
LES4677A1_124574_15x_59y	R2	DLP	8	R2_1	tumour	/srv/home/aste0033/projects/MPNST/scDNA/CHISEL/DLPp/R2/rdr.tsv
LES4677A1_124574_16x_15y	R1	DLP	8	R2_1	tumour	/srv/home/aste0033/projects/MPNST/scDNA/CHISEL/DLPp/R1/rdr.tsv
LES4677A1_124574_16x_48y	R2	DLP	8	R2_1	tumour	/srv/home/aste0033/projects/MPNST/scDNA/CHISEL/DLPp/R2/rdr.tsv
LES4677A1_124574_16x_50y	R2	DLP	8	R2_1	tumour	/srv/home/aste0033/projects/MPNST/scDNA/CHISEL/DLPp/R2/rdr.tsv
LES4677A1_124574_17x_39y	R2	DLP	8	R2_1	tumour	/srv/home/aste0033/projects/MPNST/scDNA/CHISEL/DLPp/R2/rdr.tsv
LES4677A1_124574_17x_40y	R2	DLP	8	R2_1	tumour	/srv/home/aste0033/projects/MPNST/scDNA/CHISEL/DLPp/R2/rdr.tsv
LES4677A1_124574_17x_46y	R2	DLP	8	R2_1	tumour	/srv/home/aste0033/projects/MPNST/scDNA/CHISEL/DLPp/R2/rdr.tsv
LES4677A1_124574_17x_54y	R2	DLP	8	R2_1	tumour	/srv/home/aste0033/projects/MPNST/scDNA/CHISEL/DLPp/R2/rdr.tsv
LES4677A1_124574_17x_60y	R2	DLP	8	R2_1	tumour	/srv/home/aste0033/projects/MPNST/scDNA/CHISEL/DLPp/R2/rdr.tsv
LES4677A1_124574_18x_37y	R2	DLP	8	R2_1	tumour	/srv/home/aste0033/projects/MPNST/scDNA/CHISEL/DLPp/R2/rdr.tsv
LES4677A1_124574_18x_59y	R2	DLP	8	R2_1	tumour	/srv/home/aste0033/projects/MPNST/scDNA/CHISEL/DLPp/R2/rdr.tsv
LES4677A1_124574_18x_60y	R2	DLP	8	R2_1	tumour	/srv/home/aste0033/projects/MPNST/scDNA/CHISEL/DLPp/R2/rdr.tsv
LES4677A1_124574_18x_61y	R2	DLP	8	R2_1	tumour	/srv/home/aste0033/projects/MPNST/scDNA/CHISEL/DLPp/R2/rdr.tsv
LES4677A1_124574_19x_39y	R2	DLP	8	R2_1	tumour	/srv/home/aste0033/projects/MPNST/scDNA/CHISEL/DLPp/R2/rdr.tsv
LES4677A1_124574_19x_42y	R2	DLP	8	R2_1	tumour	/srv/home/aste0033/projects/MPNST/scDNA/CHISEL/DLPp/R2/rdr.tsv
LES4677A1_124574_19x_51y	R2	DLP	8	R2_1	tumour	/srv/home/aste0033/projects/MPNST/scDNA/CHISEL/DLPp/R2/rdr.tsv
LES4677A1_124574_21x_39y	R2	DLP	8	R2_1	tumour	/srv/home/aste0033/projects/MPNST/scDNA/CHISEL/DLPp/R2/rdr.tsv
LES4677A1_124574_21x_41y	R2	DLP	8	R2_1	tumour	/srv/home/aste0033/projects/MPNST/scDNA/CHISEL/DLPp/R2/rdr.tsv
LES4677A1_124574_21x_56y	R2	DLP	8	R2_1	tumour	/srv/home/aste0033/projects/MPNST/scDNA/CHISEL/DLPp/R2/rdr.tsv
LES4677A1_124574_21x_58y	R2	DLP	8	R2_1	tumour	/srv/home/aste0033/projects/MPNST/scDNA/CHISEL/DLPp/R2/rdr.tsv
LES4677A1_124574_22x_43y	R2	DLP	8	R2_1	tumour	/srv/home/aste0033/projects/MPNST/scDNA/CHISEL/DLPp/R2/rdr.tsv
LES4677A1_124574_22x_46y	R2	DLP	8	R2_1	tumour	/srv/home/aste0033/projects/MPNST/scDNA/CHISEL/DLPp/R2/rdr.tsv
LES4677A1_124574_22x_49y	R2	DLP	8	R2_1	tumour	/srv/home/aste0033/projects/MPNST/scDNA/CHISEL/DLPp/R2/rdr.tsv
LES4677A1_124574_22x_59y	R2	DLP	8	R2_1	tumour	/srv/home/aste0033/projects/MPNST/scDNA/CHISEL/DLPp/R2/rdr.tsv
LES4677A1_124574_23x_57y	R2	DLP	8	R2_1	tumour	/srv/home/aste0033/projects/MPNST/scDNA/CHISEL/DLPp/R2/rdr.tsv
LES4677A1_124574_24x_38y	R2	DLP	8	R2_1	tumour	/srv/home/aste0033/projects/MPNST/scDNA/CHISEL/DLPp/R2/rdr.tsv
LES4677A1_124574_24x_39y	R2	DLP	8	R2_1	tumour	/srv/home/aste0033/projects/MPNST/scDNA/CHISEL/DLPp/R2/rdr.tsv
LES4677A1_124574_24x_48y	R2	DLP	8	R2_1	tumour	/srv/home/aste0033/projects/MPNST/scDNA/CHISEL/DLPp/R2/rdr.tsv
LES4677A1_124574_24x_59y	R2	DLP	8	R2_1	tumour	/srv/home/aste0033/projects/MPNST/scDNA/CHISEL/DLPp/R2/rdr.tsv
LES4677A1_124574_24x_60y	R2	DLP	8	R2_1	tumour	/srv/home/aste0033/projects/MPNST/scDNA/CHISEL/DLPp/R2/rdr.tsv
LES4677A1_124574_25x_40y	R2	DLP	8	R2_1	tumour	/srv/home/aste0033/projects/MPNST/scDNA/CHISEL/DLPp/R2/rdr.tsv
LES4677A1_124574_25x_41y	R2	DLP	8	R2_1	tumour	/srv/home/aste0033/projects/MPNST/scDNA/CHISEL/DLPp/R2/rdr.tsv
LES4677A1_124574_25x_42y	R2	DLP	8	R2_1	tumour	/srv/home/aste0033/projects/MPNST/scDNA/CHISEL/DLPp/R2/rdr.tsv
LES4677A1_124574_25x_44y	R2	DLP	8	R2_1	tumour	/srv/home/aste0033/projects/MPNST/scDNA/CHISEL/DLPp/R2/rdr.tsv
LES4677A1_124574_25x_45y	R2	DLP	8	R2_1	tumour	/srv/home/aste0033/projects/MPNST/scDNA/CHISEL/DLPp/R2/rdr.tsv
LES4677A1_124574_25x_46y	R2	DLP	8	R2_1	tumour	/srv/home/aste0033/projects/MPNST/scDNA/CHISEL/DLPp/R2/rdr.tsv
LES4677A1_124574_25x_57y	R2	DLP	8	R2_1	tumour	/srv/home/aste0033/projects/MPNST/scDNA/CHISEL/DLPp/R2/rdr.tsv
LES4677A1_124574_25x_60y	R2	DLP	8	R2_1	tumour	/srv/home/aste0033/projects/MPNST/scDNA/CHISEL/DLPp/R2/rdr.tsv
LES4677A1_124574_26x_37y	R2	DLP	8	R2_1	tumour	/srv/home/aste0033/projects/MPNST/scDNA/CHISEL/DLPp/R2/rdr.tsv
LES4677A1_124574_26x_39y	R2	DLP	8	R2_1	tumour	/srv/home/aste0033/projects/MPNST/scDNA/CHISEL/DLPp/R2/rdr.tsv
LES4677A1_124574_26x_41y	R2	DLP	8	R2_1	tumour	/srv/home/aste0033/projects/MPNST/scDNA/CHISEL/DLPp/R2/rdr.tsv
LES4677A1_124574_26x_46y	R2	DLP	8	R2_1	tumour	/srv/home/aste0033/projects/MPNST/scDNA/CHISEL/DLPp/R2/rdr.tsv
LES4677A1_124574_26x_48y	R2	DLP	8	R2_1	tumour	/srv/home/aste0033/projects/MPNST/scDNA/CHISEL/DLPp/R2/rdr.tsv
LES4677A1_124574_26x_50y	R2	DLP	8	R2_1	tumour	/srv/home/aste0033/projects/MPNST/scDNA/CHISEL/DLPp/R2/rdr.tsv
LES4677A1_124574_26x_59y	R2	DLP	8	R2_1	tumour	/srv/home/aste0033/projects/MPNST/scDNA/CHISEL/DLPp/R2/rdr.tsv
LES4677A1_124574_27x_40y	R2	DLP	8	R2_1	tumour	/srv/home/aste0033/projects/MPNST/scDNA/CHISEL/DLPp/R2/rdr.tsv
LES4677A1_124574_27x_57y	R2	DLP	8	R2_1	tumour	/srv/home/aste0033/projects/MPNST/scDNA/CHISEL/DLPp/R2/rdr.tsv
LES4677A1_124574_28x_41y	R2	DLP	8	R2_1	tumour	/srv/home/aste0033/projects/MPNST/scDNA/CHISEL/DLPp/R2/rdr.tsv
LES4677A1_124574_28x_46y	R2	DLP	8	R2_1	tumour	/srv/home/aste0033/projects/MPNST/scDNA/CHISEL/DLPp/R2/rdr.tsv
LES4677A1_124574_28x_52y	R2	DLP	8	R2_1	tumour	/srv/home/aste0033/projects/MPNST/scDNA/CHISEL/DLPp/R2/rdr.tsv
LES4677A1_124574_28x_54y	R2	DLP	8	R2_1	tumour	/srv/home/aste0033/projects/MPNST/scDNA/CHISEL/DLPp/R2/rdr.tsv
LES4677A1_124574_28x_56y	R2	DLP	8	R2_1	tumour	/srv/home/aste0033/projects/MPNST/scDNA/CHISEL/DLPp/R2/rdr.tsv
LES4677A1_124574_28x_57y	R2	DLP	8	R2_1	tumour	/srv/home/aste0033/projects/MPNST/scDNA/CHISEL/DLPp/R2/rdr.tsv
LES4677A1_124574_29x_40y	R2	DLP	8	R2_1	tumour	/srv/home/aste0033/projects/MPNST/scDNA/CHISEL/DLPp/R2/rdr.tsv
LES4677A1_124574_29x_44y	R2	DLP	8	R2_1	tumour	/srv/home/aste0033/projects/MPNST/scDNA/CHISEL/DLPp/R2/rdr.tsv
LES4677A1_124574_29x_45y	R2	DLP	8	R2_1	tumour	/srv/home/aste0033/projects/MPNST/scDNA/CHISEL/DLPp/R2/rdr.tsv
LES4677A1_124574_29x_46y	R2	DLP	8	R2_1	tumour	/srv/home/aste0033/projects/MPNST/scDNA/CHISEL/DLPp/R2/rdr.tsv
LES4677A1_124574_29x_55y	R2	DLP	8	R2_1	tumour	/srv/home/aste0033/projects/MPNST/scDNA/CHISEL/DLPp/R2/rdr.tsv
LES4677A1_124574_30x_39y	R2	DLP	8	R2_1	tumour	/srv/home/aste0033/projects/MPNST/scDNA/CHISEL/DLPp/R2/rdr.tsv
LES4677A1_124574_30x_45y	R2	DLP	8	R2_1	tumour	/srv/home/aste0033/projects/MPNST/scDNA/CHISEL/DLPp/R2/rdr.tsv
LES4677A1_124574_31x_42y	R2	DLP	8	R2_1	tumour	/srv/home/aste0033/projects/MPNST/scDNA/CHISEL/DLPp/R2/rdr.tsv
LES4677A1_124574_31x_48y	R2	DLP	8	R2_1	tumour	/srv/home/aste0033/projects/MPNST/scDNA/CHISEL/DLPp/R2/rdr.tsv
LES4677A1_124574_31x_50y	R2	DLP	8	R2_1	tumour	/srv/home/aste0033/projects/MPNST/scDNA/CHISEL/DLPp/R2/rdr.tsv
LES4677A1_124574_32x_37y	R2	DLP	8	R2_1	tumour	/srv/home/aste0033/projects/MPNST/scDNA/CHISEL/DLPp/R2/rdr.tsv
LES4677A1_124574_33x_37y	R2	DLP	8	R2_1	tumour	/srv/home/aste0033/projects/MPNST/scDNA/CHISEL/DLPp/R2/rdr.tsv
LES4677A1_124574_33x_46y	R2	DLP	8	R2_1	tumour	/srv/home/aste0033/projects/MPNST/scDNA/CHISEL/DLPp/R2/rdr.tsv
LES4677A1_124574_33x_57y	R2	DLP	8	R2_1	tumour	/srv/home/aste0033/projects/MPNST/scDNA/CHISEL/DLPp/R2/rdr.tsv
LES4677A1_124574_34x_38y	R2	DLP	8	R2_1	tumour	/srv/home/aste0033/projects/MPNST/scDNA/CHISEL/DLPp/R2/rdr.tsv
LES4677A1_124574_34x_42y	R2	DLP	8	R2_1	tumour	/srv/home/aste0033/projects/MPNST/scDNA/CHISEL/DLPp/R2/rdr.tsv
LES4677A1_124574_34x_54y	R2	DLP	8	R2_1	tumour	/srv/home/aste0033/projects/MPNST/scDNA/CHISEL/DLPp/R2/rdr.tsv
LES4677A1_124574_34x_55y	R2	DLP	8	R2_1	tumour	/srv/home/aste0033/projects/MPNST/scDNA/CHISEL/DLPp/R2/rdr.tsv
LES4677A1_124574_35x_57y	R2	DLP	8	R2_1	tumour	/srv/home/aste0033/projects/MPNST/scDNA/CHISEL/DLPp/R2/rdr.tsv
LES4677A1_124574_36x_41y	R2	DLP	8	R2_1	tumour	/srv/home/aste0033/projects/MPNST/scDNA/CHISEL/DLPp/R2/rdr.tsv
LES4677A1_124574_36x_45y	R2	DLP	8	R2_1	tumour	/srv/home/aste0033/projects/MPNST/scDNA/CHISEL/DLPp/R2/rdr.tsv
LES4677A1_124574_36x_56y	R2	DLP	8	R2_1	tumour	/srv/home/aste0033/projects/MPNST/scDNA/CHISEL/DLPp/R2/rdr.tsv
LES4677A1_124574_37x_37y	R2	DLP	8	R2_1	tumour	/srv/home/aste0033/projects/MPNST/scDNA/CHISEL/DLPp/R2/rdr.tsv
LES4677A1_124574_37x_42y	R2	DLP	8	R2_1	tumour	/srv/home/aste0033/projects/MPNST/scDNA/CHISEL/DLPp/R2/rdr.tsv
LES4677A1_124574_38x_40y	R2	DLP	8	R2_1	tumour	/srv/home/aste0033/projects/MPNST/scDNA/CHISEL/DLPp/R2/rdr.tsv
LES4677A1_124574_38x_51y	R2	DLP	8	R2_1	tumour	/srv/home/aste0033/projects/MPNST/scDNA/CHISEL/DLPp/R2/rdr.tsv
LES4677A1_124574_38x_52y	R2	DLP	8	R2_1	tumour	/srv/home/aste0033/projects/MPNST/scDNA/CHISEL/DLPp/R2/rdr.tsv
LES4677A1_124574_38x_55y	R2	DLP	8	R2_1	tumour	/srv/home/aste0033/projects/MPNST/scDNA/CHISEL/DLPp/R2/rdr.tsv
LES4677A1_124574_38x_60y	R2	DLP	8	R2_1	tumour	/srv/home/aste0033/projects/MPNST/scDNA/CHISEL/DLPp/R2/rdr.tsv
LES4677A1_124574_39x_40y	R2	DLP	8	R2_1	tumour	/srv/home/aste0033/projects/MPNST/scDNA/CHISEL/DLPp/R2/rdr.tsv
LES4677A1_124574_39x_45y	R2	DLP	8	R2_1	tumour	/srv/home/aste0033/projects/MPNST/scDNA/CHISEL/DLPp/R2/rdr.tsv
LES4677A1_124574_39x_49y	R2	DLP	8	R2_1	tumour	/srv/home/aste0033/projects/MPNST/scDNA/CHISEL/DLPp/R2/rdr.tsv
LES4677A1_124574_39x_51y	R2	DLP	8	R2_1	tumour	/srv/home/aste0033/projects/MPNST/scDNA/CHISEL/DLPp/R2/rdr.tsv
LES4677A1_124574_39x_53y	R2	DLP	8	R2_1	tumour	/srv/home/aste0033/projects/MPNST/scDNA/CHISEL/DLPp/R2/rdr.tsv
LES4677A1_124574_39x_55y	R2	DLP	8	R2_1	tumour	/srv/home/aste0033/projects/MPNST/scDNA/CHISEL/DLPp/R2/rdr.tsv
LES4677A1_124574_39x_59y	R2	DLP	8	R2_1	tumour	/srv/home/aste0033/projects/MPNST/scDNA/CHISEL/DLPp/R2/rdr.tsv
LES4677A1_124574_40x_39y	R2	DLP	8	R2_1	tumour	/srv/home/aste0033/projects/MPNST/scDNA/CHISEL/DLPp/R2/rdr.tsv
LES4677A1_124574_40x_46y	R2	DLP	8	R2_1	tumour	/srv/home/aste0033/projects/MPNST/scDNA/CHISEL/DLPp/R2/rdr.tsv
LES4677A1_124574_40x_49y	R2	DLP	8	R2_1	tumour	/srv/home/aste0033/projects/MPNST/scDNA/CHISEL/DLPp/R2/rdr.tsv
LES4677A1_124574_40x_57y	R2	DLP	8	R2_1	tumour	/srv/home/aste0033/projects/MPNST/scDNA/CHISEL/DLPp/R2/rdr.tsv
LES4677A1_124574_40x_60y	R2	DLP	8	R2_1	tumour	/srv/home/aste0033/projects/MPNST/scDNA/CHISEL/DLPp/R2/rdr.tsv
LES4677A1_124574_40x_61y	R2	DLP	8	R2_1	tumour	/srv/home/aste0033/projects/MPNST/scDNA/CHISEL/DLPp/R2/rdr.tsv
LES4677A1_124574_41x_41y	R2	DLP	8	R2_1	tumour	/srv/home/aste0033/projects/MPNST/scDNA/CHISEL/DLPp/R2/rdr.tsv
LES4677A1_124574_41x_52y	R2	DLP	8	R2_1	tumour	/srv/home/aste0033/projects/MPNST/scDNA/CHISEL/DLPp/R2/rdr.tsv
LES4677A1_124574_41x_53y	R2	DLP	8	R2_1	tumour	/srv/home/aste0033/projects/MPNST/scDNA/CHISEL/DLPp/R2/rdr.tsv
LES4677A1_124574_41x_55y	R2	DLP	8	R2_1	tumour	/srv/home/aste0033/projects/MPNST/scDNA/CHISEL/DLPp/R2/rdr.tsv
LES4677A1_124574_41x_57y	R2	DLP	8	R2_1	tumour	/srv/home/aste0033/projects/MPNST/scDNA/CHISEL/DLPp/R2/rdr.tsv
LES4677A1_124574_41x_61y	R2	DLP	8	R2_1	tumour	/srv/home/aste0033/projects/MPNST/scDNA/CHISEL/DLPp/R2/rdr.tsv
LES4677A1_124574_42x_61y	R2	DLP	8	R2_1	tumour	/srv/home/aste0033/projects/MPNST/scDNA/CHISEL/DLPp/R2/rdr.tsv
LES4677A1_124574_43x_25y	R1	DLP	8	R2_1	tumour	/srv/home/aste0033/projects/MPNST/scDNA/CHISEL/DLPp/R1/rdr.tsv
LES4677A1_124574_43x_37y	R2	DLP	8	R2_1	tumour	/srv/home/aste0033/projects/MPNST/scDNA/CHISEL/DLPp/R2/rdr.tsv
LES4677A1_124574_43x_39y	R2	DLP	8	R2_1	tumour	/srv/home/aste0033/projects/MPNST/scDNA/CHISEL/DLPp/R2/rdr.tsv
LES4677A1_124574_43x_54y	R2	DLP	8	R2_1	tumour	/srv/home/aste0033/projects/MPNST/scDNA/CHISEL/DLPp/R2/rdr.tsv
LES4677A1_124574_43x_55y	R2	DLP	8	R2_1	tumour	/srv/home/aste0033/projects/MPNST/scDNA/CHISEL/DLPp/R2/rdr.tsv
LES4677A1_124574_43x_61y	R2	DLP	8	R2_1	tumour	/srv/home/aste0033/projects/MPNST/scDNA/CHISEL/DLPp/R2/rdr.tsv
LES4677A1_124574_44x_39y	R2	DLP	8	R2_1	tumour	/srv/home/aste0033/projects/MPNST/scDNA/CHISEL/DLPp/R2/rdr.tsv
LES4677A1_124574_44x_57y	R2	DLP	8	R2_1	tumour	/srv/home/aste0033/projects/MPNST/scDNA/CHISEL/DLPp/R2/rdr.tsv
LES4677A1_124574_44x_58y	R2	DLP	8	R2_1	tumour	/srv/home/aste0033/projects/MPNST/scDNA/CHISEL/DLPp/R2/rdr.tsv
LES4677A1_124574_44x_59y	R2	DLP	8	R2_1	tumour	/srv/home/aste0033/projects/MPNST/scDNA/CHISEL/DLPp/R2/rdr.tsv
LES4677A1_124574_45x_38y	R2	DLP	8	R2_1	tumour	/srv/home/aste0033/projects/MPNST/scDNA/CHISEL/DLPp/R2/rdr.tsv
LES4677A1_124574_45x_42y	R2	DLP	8	R2_1	tumour	/srv/home/aste0033/projects/MPNST/scDNA/CHISEL/DLPp/R2/rdr.tsv
LES4677A1_124574_45x_45y	R2	DLP	8	R2_1	tumour	/srv/home/aste0033/projects/MPNST/scDNA/CHISEL/DLPp/R2/rdr.tsv
LES4677A1_124574_45x_47y	R2	DLP	8	R2_1	tumour	/srv/home/aste0033/projects/MPNST/scDNA/CHISEL/DLPp/R2/rdr.tsv
LES4677A1_124574_45x_49y	R2	DLP	8	R2_1	tumour	/srv/home/aste0033/projects/MPNST/scDNA/CHISEL/DLPp/R2/rdr.tsv
LES4677A1_124574_45x_50y	R2	DLP	8	R2_1	tumour	/srv/home/aste0033/projects/MPNST/scDNA/CHISEL/DLPp/R2/rdr.tsv
LES4677A1_124574_45x_53y	R2	DLP	8	R2_1	tumour	/srv/home/aste0033/projects/MPNST/scDNA/CHISEL/DLPp/R2/rdr.tsv
LES4677A1_124574_46x_50y	R2	DLP	8	R2_1	tumour	/srv/home/aste0033/projects/MPNST/scDNA/CHISEL/DLPp/R2/rdr.tsv
LES4677A1_124574_46x_57y	R2	DLP	8	R2_1	tumour	/srv/home/aste0033/projects/MPNST/scDNA/CHISEL/DLPp/R2/rdr.tsv
LES4677A1_124574_46x_58y	R2	DLP	8	R2_1	tumour	/srv/home/aste0033/projects/MPNST/scDNA/CHISEL/DLPp/R2/rdr.tsv
LES4677A1_124574_46x_60y	R2	DLP	8	R2_1	tumour	/srv/home/aste0033/projects/MPNST/scDNA/CHISEL/DLPp/R2/rdr.tsv
LES4677A1_124574_47x_45y	R2	DLP	8	R2_1	tumour	/srv/home/aste0033/projects/MPNST/scDNA/CHISEL/DLPp/R2/rdr.tsv
LES4677A1_124574_47x_47y	R2	DLP	8	R2_1	tumour	/srv/home/aste0033/projects/MPNST/scDNA/CHISEL/DLPp/R2/rdr.tsv
LES4677A1_124574_47x_49y	R2	DLP	8	R2_1	tumour	/srv/home/aste0033/projects/MPNST/scDNA/CHISEL/DLPp/R2/rdr.tsv
LES4677A1_124574_47x_50y	R2	DLP	8	R2_1	tumour	/srv/home/aste0033/projects/MPNST/scDNA/CHISEL/DLPp/R2/rdr.tsv
LES4677A1_124574_47x_51y	R2	DLP	8	R2_1	tumour	/srv/home/aste0033/projects/MPNST/scDNA/CHISEL/DLPp/R2/rdr.tsv
LES4677A1_124574_47x_55y	R2	DLP	8	R2_1	tumour	/srv/home/aste0033/projects/MPNST/scDNA/CHISEL/DLPp/R2/rdr.tsv
LES4677A1_124574_48x_37y	R2	DLP	8	R2_1	tumour	/srv/home/aste0033/projects/MPNST/scDNA/CHISEL/DLPp/R2/rdr.tsv
LES4677A1_124574_48x_40y	R2	DLP	8	R2_1	tumour	/srv/home/aste0033/projects/MPNST/scDNA/CHISEL/DLPp/R2/rdr.tsv
LES4677A1_124574_48x_45y	R2	DLP	8	R2_1	tumour	/srv/home/aste0033/projects/MPNST/scDNA/CHISEL/DLPp/R2/rdr.tsv
LES4677A1_124574_48x_49y	R2	DLP	8	R2_1	tumour	/srv/home/aste0033/projects/MPNST/scDNA/CHISEL/DLPp/R2/rdr.tsv
LES4677A1_124574_48x_50y	R2	DLP	8	R2_1	tumour	/srv/home/aste0033/projects/MPNST/scDNA/CHISEL/DLPp/R2/rdr.tsv
LES4677A1_124574_48x_56y	R2	DLP	8	R2_1	tumour	/srv/home/aste0033/projects/MPNST/scDNA/CHISEL/DLPp/R2/rdr.tsv
LES4677A1_124574_49x_41y	R2	DLP	8	R2_1	tumour	/srv/home/aste0033/projects/MPNST/scDNA/CHISEL/DLPp/R2/rdr.tsv
LES4677A1_124574_49x_43y	R2	DLP	8	R2_1	tumour	/srv/home/aste0033/projects/MPNST/scDNA/CHISEL/DLPp/R2/rdr.tsv
LES4677A1_124574_50x_46y	R2	DLP	8	R2_1	tumour	/srv/home/aste0033/projects/MPNST/scDNA/CHISEL/DLPp/R2/rdr.tsv
LES4677A1_124574_51x_30y	R1	DLP	8	R2_1	tumour	/srv/home/aste0033/projects/MPNST/scDNA/CHISEL/DLPp/R1/rdr.tsv
LES4677A1_124574_51x_38y	R2	DLP	8	R2_1	tumour	/srv/home/aste0033/projects/MPNST/scDNA/CHISEL/DLPp/R2/rdr.tsv
LES4677A1_124574_51x_46y	R2	DLP	8	R2_1	tumour	/srv/home/aste0033/projects/MPNST/scDNA/CHISEL/DLPp/R2/rdr.tsv
LES4677A1_124574_51x_51y	R2	DLP	8	R2_1	tumour	/srv/home/aste0033/projects/MPNST/scDNA/CHISEL/DLPp/R2/rdr.tsv
LES4677A1_124574_51x_53y	R2	DLP	8	R2_1	tumour	/srv/home/aste0033/projects/MPNST/scDNA/CHISEL/DLPp/R2/rdr.tsv
LES4677A1_124574_52x_42y	R2	DLP	8	R2_1	tumour	/srv/home/aste0033/projects/MPNST/scDNA/CHISEL/DLPp/R2/rdr.tsv
LES4677A1_124574_52x_48y	R2	DLP	8	R2_1	tumour	/srv/home/aste0033/projects/MPNST/scDNA/CHISEL/DLPp/R2/rdr.tsv
LES4677A1_124574_52x_53y	R2	DLP	8	R2_1	tumour	/srv/home/aste0033/projects/MPNST/scDNA/CHISEL/DLPp/R2/rdr.tsv
LES4677A1_124574_52x_57y	R2	DLP	8	R2_1	tumour	/srv/home/aste0033/projects/MPNST/scDNA/CHISEL/DLPp/R2/rdr.tsv
LES4677A1_124574_52x_61y	R2	DLP	8	R2_1	tumour	/srv/home/aste0033/projects/MPNST/scDNA/CHISEL/DLPp/R2/rdr.tsv
LES4677A1_124574_53x_39y	R2	DLP	8	R2_1	tumour	/srv/home/aste0033/projects/MPNST/scDNA/CHISEL/DLPp/R2/rdr.tsv
LES4677A1_124574_53x_42y	R2	DLP	8	R2_1	tumour	/srv/home/aste0033/projects/MPNST/scDNA/CHISEL/DLPp/R2/rdr.tsv
LES4677A1_124574_53x_47y	R2	DLP	8	R2_1	tumour	/srv/home/aste0033/projects/MPNST/scDNA/CHISEL/DLPp/R2/rdr.tsv
LES4677A1_124574_53x_49y	R2	DLP	8	R2_1	tumour	/srv/home/aste0033/projects/MPNST/scDNA/CHISEL/DLPp/R2/rdr.tsv
LES4677A1_124574_54x_39y	R2	DLP	8	R2_1	tumour	/srv/home/aste0033/projects/MPNST/scDNA/CHISEL/DLPp/R2/rdr.tsv
LES4677A1_124574_54x_40y	R2	DLP	8	R2_1	tumour	/srv/home/aste0033/projects/MPNST/scDNA/CHISEL/DLPp/R2/rdr.tsv
LES4677A1_124574_54x_49y	R2	DLP	8	R2_1	tumour	/srv/home/aste0033/projects/MPNST/scDNA/CHISEL/DLPp/R2/rdr.tsv
LES4677A1_124574_54x_50y	R2	DLP	8	R2_1	tumour	/srv/home/aste0033/projects/MPNST/scDNA/CHISEL/DLPp/R2/rdr.tsv
LES4677A1_124574_55x_13y	R1	DLP	8	R2_1	tumour	/srv/home/aste0033/projects/MPNST/scDNA/CHISEL/DLPp/R1/rdr.tsv
LES4677A1_124574_55x_47y	R2	DLP	8	R2_1	tumour	/srv/home/aste0033/projects/MPNST/scDNA/CHISEL/DLPp/R2/rdr.tsv
LES4677A1_124574_56x_37y	R2	DLP	8	R2_1	tumour	/srv/home/aste0033/projects/MPNST/scDNA/CHISEL/DLPp/R2/rdr.tsv
LES4677A1_124574_56x_40y	R2	DLP	8	R2_1	tumour	/srv/home/aste0033/projects/MPNST/scDNA/CHISEL/DLPp/R2/rdr.tsv
LES4677A1_124574_56x_41y	R2	DLP	8	R2_1	tumour	/srv/home/aste0033/projects/MPNST/scDNA/CHISEL/DLPp/R2/rdr.tsv
LES4677A1_124574_57x_37y	R2	DLP	8	R2_1	tumour	/srv/home/aste0033/projects/MPNST/scDNA/CHISEL/DLPp/R2/rdr.tsv
LES4677A1_124574_57x_38y	R2	DLP	8	R2_1	tumour	/srv/home/aste0033/projects/MPNST/scDNA/CHISEL/DLPp/R2/rdr.tsv
LES4677A1_124574_57x_40y	R2	DLP	8	R2_1	tumour	/srv/home/aste0033/projects/MPNST/scDNA/CHISEL/DLPp/R2/rdr.tsv
LES4677A1_124574_57x_41y	R2	DLP	8	R2_1	tumour	/srv/home/aste0033/projects/MPNST/scDNA/CHISEL/DLPp/R2/rdr.tsv
LES4677A1_124574_57x_46y	R2	DLP	8	R2_1	tumour	/srv/home/aste0033/projects/MPNST/scDNA/CHISEL/DLPp/R2/rdr.tsv
LES4677A1_124574_57x_50y	R2	DLP	8	R2_1	tumour	/srv/home/aste0033/projects/MPNST/scDNA/CHISEL/DLPp/R2/rdr.tsv
LES4677A1_124574_58x_46y	R2	DLP	8	R2_1	tumour	/srv/home/aste0033/projects/MPNST/scDNA/CHISEL/DLPp/R2/rdr.tsv
LES4677A1_124574_58x_48y	R2	DLP	8	R2_1	tumour	/srv/home/aste0033/projects/MPNST/scDNA/CHISEL/DLPp/R2/rdr.tsv
LES4677A1_124574_59x_47y	R2	DLP	8	R2_1	tumour	/srv/home/aste0033/projects/MPNST/scDNA/CHISEL/DLPp/R2/rdr.tsv
LES4677A1_124574_59x_50y	R2	DLP	8	R2_1	tumour	/srv/home/aste0033/projects/MPNST/scDNA/CHISEL/DLPp/R2/rdr.tsv
LES4677A1_124574_60x_40y	R2	DLP	8	R2_1	tumour	/srv/home/aste0033/projects/MPNST/scDNA/CHISEL/DLPp/R2/rdr.tsv
LES4677A1_124574_60x_41y	R2	DLP	8	R2_1	tumour	/srv/home/aste0033/projects/MPNST/scDNA/CHISEL/DLPp/R2/rdr.tsv
LES4677A1_124574_60x_45y	R2	DLP	8	R2_1	tumour	/srv/home/aste0033/projects/MPNST/scDNA/CHISEL/DLPp/R2/rdr.tsv
LES4677A1_124574_60x_47y	R2	DLP	8	R2_1	tumour	/srv/home/aste0033/projects/MPNST/scDNA/CHISEL/DLPp/R2/rdr.tsv
LES4677A1_124574_61x_19y	R1	DLP	8	R2_1	tumour	/srv/home/aste0033/projects/MPNST/scDNA/CHISEL/DLPp/R1/rdr.tsv
LES4677A1_124574_61x_38y	R2	DLP	8	R2_1	tumour	/srv/home/aste0033/projects/MPNST/scDNA/CHISEL/DLPp/R2/rdr.tsv
LES4677A1_124574_61x_42y	R2	DLP	8	R2_1	tumour	/srv/home/aste0033/projects/MPNST/scDNA/CHISEL/DLPp/R2/rdr.tsv
LES4677A1_124574_61x_45y	R2	DLP	8	R2_1	tumour	/srv/home/aste0033/projects/MPNST/scDNA/CHISEL/DLPp/R2/rdr.tsv
LES4677A1_124574_61x_49y	R2	DLP	8	R2_1	tumour	/srv/home/aste0033/projects/MPNST/scDNA/CHISEL/DLPp/R2/rdr.tsv
LES4677A1_124574_62x_40y	R2	DLP	8	R2_1	tumour	/srv/home/aste0033/projects/MPNST/scDNA/CHISEL/DLPp/R2/rdr.tsv
LES4677A1_124574_62x_47y	R2	DLP	8	R2_1	tumour	/srv/home/aste0033/projects/MPNST/scDNA/CHISEL/DLPp/R2/rdr.tsv
LES4677A1_124574_62x_48y	R2	DLP	8	R2_1	tumour	/srv/home/aste0033/projects/MPNST/scDNA/CHISEL/DLPp/R2/rdr.tsv
LES4677A1_124574_62x_49y	R2	DLP	8	R2_1	tumour	/srv/home/aste0033/projects/MPNST/scDNA/CHISEL/DLPp/R2/rdr.tsv
LES4677A2_124576_40x_38y	R3	DLP	8	R2_1	tumour	/srv/home/aste0033/projects/MPNST/scDNA/CHISEL/DLPp/R3/rdr.tsv
LES4677A2_124576_56x_23y	R4	DLP	8	R2_1	tumour	/srv/home/aste0033/projects/MPNST/scDNA/CHISEL/DLPp/R4/rdr.tsv
AAACCTGTCAATAGAG-1	R2	10X	13	R2_2	tumour	/mnt/iribhm/homes/aste0033/projects/MPNST/scDNA/CHISEL/10X/FIT208A4/rdr.tsv
AAACGGGCAAATTCCG-1	R2	10X	13	R2_2	tumour	/mnt/iribhm/homes/aste0033/projects/MPNST/scDNA/CHISEL/10X/FIT208A4/rdr.tsv
AAACGGGGTACCTCGG-1	R2	10X	13	R2_2	tumour	/mnt/iribhm/homes/aste0033/projects/MPNST/scDNA/CHISEL/10X/FIT208A4/rdr.tsv
AAAGATGCAATCTCTT-1	R2	10X	13	R2_2	tumour	/mnt/iribhm/homes/aste0033/projects/MPNST/scDNA/CHISEL/10X/FIT208A4/rdr.tsv
AAAGCAATCCTGAAGT-1	R2	10X	13	R2_2	tumour	/mnt/iribhm/homes/aste0033/projects/MPNST/scDNA/CHISEL/10X/FIT208A4/rdr.tsv
AAAGTAGCAGACTCCG-1	R2	10X	13	R2_2	tumour	/mnt/iribhm/homes/aste0033/projects/MPNST/scDNA/CHISEL/10X/FIT208A4/rdr.tsv
AAAGTAGCATTTCCAT-1	R2	10X	13	R2_2	tumour	/mnt/iribhm/homes/aste0033/projects/MPNST/scDNA/CHISEL/10X/FIT208A4/rdr.tsv
AAAGTAGTCTACAAGC-1	R2	10X	13	R2_2	tumour	/mnt/iribhm/homes/aste0033/projects/MPNST/scDNA/CHISEL/10X/FIT208A4/rdr.tsv
AACACGTCATCTAAGC-1	R2	10X	13	R2_2	tumour	/mnt/iribhm/homes/aste0033/projects/MPNST/scDNA/CHISEL/10X/FIT208A4/rdr.tsv
AACCATGCACGCACCA-1	R2	10X	13	R2_2	tumour	/mnt/iribhm/homes/aste0033/projects/MPNST/scDNA/CHISEL/10X/FIT208A4/rdr.tsv
AACGTTGAGCAGCCCT-1	R2	10X	13	R2_2	tumour	/mnt/iribhm/homes/aste0033/projects/MPNST/scDNA/CHISEL/10X/FIT208A4/rdr.tsv
AACTCCCAGCAGCGTA-1	R2	10X	13	R2_2	tumour	/mnt/iribhm/homes/aste0033/projects/MPNST/scDNA/CHISEL/10X/FIT208A4/rdr.tsv
AACTTTCCACGATAGG-1	R2	10X	13	R2_2	tumour	/mnt/iribhm/homes/aste0033/projects/MPNST/scDNA/CHISEL/10X/FIT208A4/rdr.tsv
AAGACCTAGTAATCCC-1	R2	10X	13	R2_2	tumour	/mnt/iribhm/homes/aste0033/projects/MPNST/scDNA/CHISEL/10X/FIT208A4/rdr.tsv
AATCCAGCAGTGGATG-1	R2	10X	13	R2_2	tumour	/mnt/iribhm/homes/aste0033/projects/MPNST/scDNA/CHISEL/10X/FIT208A4/rdr.tsv
AATCCAGTCATAGGAA-1	R2	10X	13	R2_2	tumour	/mnt/iribhm/homes/aste0033/projects/MPNST/scDNA/CHISEL/10X/FIT208A4/rdr.tsv
AATCGGTGTAATATGG-1	R2	10X	13	R2_2	tumour	/mnt/iribhm/homes/aste0033/projects/MPNST/scDNA/CHISEL/10X/FIT208A4/rdr.tsv
AATCGGTTCCCGTTGT-1	R2	10X	13	R2_2	tumour	/mnt/iribhm/homes/aste0033/projects/MPNST/scDNA/CHISEL/10X/FIT208A4/rdr.tsv
ACACCCTAGACTTTCG-1	R2	10X	13	R2_2	tumour	/mnt/iribhm/homes/aste0033/projects/MPNST/scDNA/CHISEL/10X/FIT208A4/rdr.tsv
ACACCGGCATATCGTG-1	R2	10X	13	R2_2	tumour	/mnt/iribhm/homes/aste0033/projects/MPNST/scDNA/CHISEL/10X/FIT208A4/rdr.tsv
ACACTGACAACCCTGG-1	R2	10X	13	R2_2	tumour	/mnt/iribhm/homes/aste0033/projects/MPNST/scDNA/CHISEL/10X/FIT208A4/rdr.tsv
ACACTGAGTGGCCACT-1	R2	10X	13	R2_2	tumour	/mnt/iribhm/homes/aste0033/projects/MPNST/scDNA/CHISEL/10X/FIT208A4/rdr.tsv
ACAGCCGAGAGACGAA-1	R2	10X	13	R2_2	tumour	/mnt/iribhm/homes/aste0033/projects/MPNST/scDNA/CHISEL/10X/FIT208A4/rdr.tsv
ACATACGAGGACACCA-1	R2	10X	13	R2_2	tumour	/mnt/iribhm/homes/aste0033/projects/MPNST/scDNA/CHISEL/10X/FIT208A4/rdr.tsv
ACATCAGGTACTAGGG-1	R2	10X	13	R2_2	tumour	/mnt/iribhm/homes/aste0033/projects/MPNST/scDNA/CHISEL/10X/FIT208A4/rdr.tsv
ACATCAGTCGAGCCGT-1	R2	10X	13	R2_2	tumour	/mnt/iribhm/homes/aste0033/projects/MPNST/scDNA/CHISEL/10X/FIT208A4/rdr.tsv
ACATGGTCACGGCTGT-1	R2	10X	13	R2_2	tumour	/mnt/iribhm/homes/aste0033/projects/MPNST/scDNA/CHISEL/10X/FIT208A4/rdr.tsv
ACATGGTCACTACATG-1	R2	10X	13	R2_2	tumour	/mnt/iribhm/homes/aste0033/projects/MPNST/scDNA/CHISEL/10X/FIT208A4/rdr.tsv
ACATGGTTCGGGAAAC-1	R2	10X	13	R2_2	tumour	/mnt/iribhm/homes/aste0033/projects/MPNST/scDNA/CHISEL/10X/FIT208A4/rdr.tsv
ACATGGTTCTTCCGAC-1	R2	10X	13	R2_2	tumour	/mnt/iribhm/homes/aste0033/projects/MPNST/scDNA/CHISEL/10X/FIT208A4/rdr.tsv
ACCCACTCATAGGACG-1	R2	10X	13	R2_2	tumour	/mnt/iribhm/homes/aste0033/projects/MPNST/scDNA/CHISEL/10X/FIT208A4/rdr.tsv
ACCCACTCATAGGTCT-1	R2	10X	13	R2_2	tumour	/mnt/iribhm/homes/aste0033/projects/MPNST/scDNA/CHISEL/10X/FIT208A4/rdr.tsv
ACCGTAACACGAGCTC-1	R2	10X	13	R2_2	tumour	/mnt/iribhm/homes/aste0033/projects/MPNST/scDNA/CHISEL/10X/FIT208A4/rdr.tsv
ACCTTTACAATACTGC-1	R2	10X	13	R2_2	tumour	/mnt/iribhm/homes/aste0033/projects/MPNST/scDNA/CHISEL/10X/FIT208A4/rdr.tsv
ACCTTTAGTGTTCGAT-1	R2	10X	13	R2_2	tumour	/mnt/iribhm/homes/aste0033/projects/MPNST/scDNA/CHISEL/10X/FIT208A4/rdr.tsv
ACGAGCCGTCCAGCCA-1	R2	10X	13	R2_2	tumour	/mnt/iribhm/homes/aste0033/projects/MPNST/scDNA/CHISEL/10X/FIT208A4/rdr.tsv
ACGAGCCGTCTTCGCT-1	R2	10X	13	R2_2	tumour	/mnt/iribhm/homes/aste0033/projects/MPNST/scDNA/CHISEL/10X/FIT208A4/rdr.tsv
ACGAGGACACGATAGG-1	R2	10X	13	R2_2	tumour	/mnt/iribhm/homes/aste0033/projects/MPNST/scDNA/CHISEL/10X/FIT208A4/rdr.tsv
ACGATACAGCAGCCCT-1	R2	10X	13	R2_2	tumour	/mnt/iribhm/homes/aste0033/projects/MPNST/scDNA/CHISEL/10X/FIT208A4/rdr.tsv
ACGATACGTGCTCTGG-1	R2	10X	13	R2_2	tumour	/mnt/iribhm/homes/aste0033/projects/MPNST/scDNA/CHISEL/10X/FIT208A4/rdr.tsv
ACGATGTCAAGTGCAG-1	R2	10X	13	R2_2	tumour	/mnt/iribhm/homes/aste0033/projects/MPNST/scDNA/CHISEL/10X/FIT208A4/rdr.tsv
ACGCAGCAGGTGCTAG-1	R2	10X	13	R2_2	tumour	/mnt/iribhm/homes/aste0033/projects/MPNST/scDNA/CHISEL/10X/FIT208A4/rdr.tsv
ACGCAGCGTCCTCGGA-1	R2	10X	13	R2_2	tumour	/mnt/iribhm/homes/aste0033/projects/MPNST/scDNA/CHISEL/10X/FIT208A4/rdr.tsv
ACGCAGCTCTCGAACA-1	R2	10X	13	R2_2	tumour	/mnt/iribhm/homes/aste0033/projects/MPNST/scDNA/CHISEL/10X/FIT208A4/rdr.tsv
ACGCCAGCATCTCAAG-1	R2	10X	13	R2_2	tumour	/mnt/iribhm/homes/aste0033/projects/MPNST/scDNA/CHISEL/10X/FIT208A4/rdr.tsv
ACGCCAGGTAAGCGCA-1	R2	10X	13	R2_2	tumour	/mnt/iribhm/homes/aste0033/projects/MPNST/scDNA/CHISEL/10X/FIT208A4/rdr.tsv
ACGCCAGTCAACGATC-1	R2	10X	13	R2_2	tumour	/mnt/iribhm/homes/aste0033/projects/MPNST/scDNA/CHISEL/10X/FIT208A4/rdr.tsv
ACGCCGAAGAAAGTGG-1	R2	10X	13	R2_2	tumour	/mnt/iribhm/homes/aste0033/projects/MPNST/scDNA/CHISEL/10X/FIT208A4/rdr.tsv
ACGCCGATCCAAAGAA-1	R2	10X	13	R2_2	tumour	/mnt/iribhm/homes/aste0033/projects/MPNST/scDNA/CHISEL/10X/FIT208A4/rdr.tsv
ACGGCCAAGACTTCCA-1	R2	10X	13	R2_2	tumour	/mnt/iribhm/homes/aste0033/projects/MPNST/scDNA/CHISEL/10X/FIT208A4/rdr.tsv
ACGGGCTAGGGATTTA-1	R2	10X	13	R2_2	tumour	/mnt/iribhm/homes/aste0033/projects/MPNST/scDNA/CHISEL/10X/FIT208A4/rdr.tsv
ACGGGCTTCACGTAGT-1	R2	10X	13	R2_2	tumour	/mnt/iribhm/homes/aste0033/projects/MPNST/scDNA/CHISEL/10X/FIT208A4/rdr.tsv
ACGGGTCCAAGCTATC-1	R2	10X	13	R2_2	tumour	/mnt/iribhm/homes/aste0033/projects/MPNST/scDNA/CHISEL/10X/FIT208A4/rdr.tsv
ACTATCTCATCATGCA-1	R2	10X	13	R2_2	tumour	/mnt/iribhm/homes/aste0033/projects/MPNST/scDNA/CHISEL/10X/FIT208A4/rdr.tsv
ACTGAGTCAGCCCGAT-1	R2	10X	13	R2_2	tumour	/mnt/iribhm/homes/aste0033/projects/MPNST/scDNA/CHISEL/10X/FIT208A4/rdr.tsv
ACTGAGTTCTACGGAT-1	R2	10X	13	R2_2	tumour	/mnt/iribhm/homes/aste0033/projects/MPNST/scDNA/CHISEL/10X/FIT208A4/rdr.tsv
ACTGATGTCTAATGGC-1	R2	10X	13	R2_2	tumour	/mnt/iribhm/homes/aste0033/projects/MPNST/scDNA/CHISEL/10X/FIT208A4/rdr.tsv
ACTGCTCCACCCTCTA-1	R2	10X	13	R2_2	tumour	/mnt/iribhm/homes/aste0033/projects/MPNST/scDNA/CHISEL/10X/FIT208A4/rdr.tsv
ACTGTCCAGACAAAGG-1	R2	10X	13	R2_2	tumour	/mnt/iribhm/homes/aste0033/projects/MPNST/scDNA/CHISEL/10X/FIT208A4/rdr.tsv
ACTGTCCAGCAATCTC-1	R2	10X	13	R2_2	tumour	/mnt/iribhm/homes/aste0033/projects/MPNST/scDNA/CHISEL/10X/FIT208A4/rdr.tsv
ACTGTCCAGGACCACA-1	R2	10X	13	R2_2	tumour	/mnt/iribhm/homes/aste0033/projects/MPNST/scDNA/CHISEL/10X/FIT208A4/rdr.tsv
ACTTACTTCGCGTGGT-1	R2	10X	13	R2_2	tumour	/mnt/iribhm/homes/aste0033/projects/MPNST/scDNA/CHISEL/10X/FIT208A4/rdr.tsv
AGAATAGGTGTTTCAG-1	R2	10X	13	R2_2	tumour	/mnt/iribhm/homes/aste0033/projects/MPNST/scDNA/CHISEL/10X/FIT208A4/rdr.tsv
AGACGTTAGTCCGTAT-1	R2	10X	13	R2_2	tumour	/mnt/iribhm/homes/aste0033/projects/MPNST/scDNA/CHISEL/10X/FIT208A4/rdr.tsv
AGAGCTTGTTGGGACA-1	R2	10X	13	R2_2	tumour	/mnt/iribhm/homes/aste0033/projects/MPNST/scDNA/CHISEL/10X/FIT208A4/rdr.tsv
AGAGTGGCAAACTCAC-1	R2	10X	13	R2_2	tumour	/mnt/iribhm/homes/aste0033/projects/MPNST/scDNA/CHISEL/10X/FIT208A4/rdr.tsv
AGATCTGGTACGTGCC-1	R2	10X	13	R2_2	tumour	/mnt/iribhm/homes/aste0033/projects/MPNST/scDNA/CHISEL/10X/FIT208A4/rdr.tsv
AGCAGCCTCGAGGTGA-1	R2	10X	13	R2_2	tumour	/mnt/iribhm/homes/aste0033/projects/MPNST/scDNA/CHISEL/10X/FIT208A4/rdr.tsv
AGCCTAACATGGATTC-1	R2	10X	13	R2_2	tumour	/mnt/iribhm/homes/aste0033/projects/MPNST/scDNA/CHISEL/10X/FIT208A4/rdr.tsv
AGCCTAATCAGACACT-1	R2	10X	13	R2_2	tumour	/mnt/iribhm/homes/aste0033/projects/MPNST/scDNA/CHISEL/10X/FIT208A4/rdr.tsv
AGCCTAATCTAGAACC-1	R2	10X	13	R2_2	tumour	/mnt/iribhm/homes/aste0033/projects/MPNST/scDNA/CHISEL/10X/FIT208A4/rdr.tsv
AGCTCTCCATCGTCAA-1	R2	10X	13	R2_2	tumour	/mnt/iribhm/homes/aste0033/projects/MPNST/scDNA/CHISEL/10X/FIT208A4/rdr.tsv
AGCTCTCGTTGAACAA-1	R2	10X	13	R2_2	tumour	/mnt/iribhm/homes/aste0033/projects/MPNST/scDNA/CHISEL/10X/FIT208A4/rdr.tsv
AGCTTGAAGGCAACAC-1	R2	10X	13	R2_2	tumour	/mnt/iribhm/homes/aste0033/projects/MPNST/scDNA/CHISEL/10X/FIT208A4/rdr.tsv
AGGCCACAGACTGTAA-1	R2	10X	13	R2_2	tumour	/mnt/iribhm/homes/aste0033/projects/MPNST/scDNA/CHISEL/10X/FIT208A4/rdr.tsv
AGGCCACGTTTACTCT-1	R2	10X	13	R2_2	tumour	/mnt/iribhm/homes/aste0033/projects/MPNST/scDNA/CHISEL/10X/FIT208A4/rdr.tsv
AGGCCGTTCAGTAAAG-1	R2	10X	13	R2_2	tumour	/mnt/iribhm/homes/aste0033/projects/MPNST/scDNA/CHISEL/10X/FIT208A4/rdr.tsv
AGGCCGTTCTGGATCA-1	R2	10X	13	R2_2	tumour	/mnt/iribhm/homes/aste0033/projects/MPNST/scDNA/CHISEL/10X/FIT208A4/rdr.tsv
AGGGAGTAGAAAGCTT-1	R2	10X	13	R2_2	tumour	/mnt/iribhm/homes/aste0033/projects/MPNST/scDNA/CHISEL/10X/FIT208A4/rdr.tsv
AGGGAGTCAAGAATCA-1	R2	10X	13	R2_2	tumour	/mnt/iribhm/homes/aste0033/projects/MPNST/scDNA/CHISEL/10X/FIT208A4/rdr.tsv
AGGGAGTCATATGTGC-1	R2	10X	13	R2_2	tumour	/mnt/iribhm/homes/aste0033/projects/MPNST/scDNA/CHISEL/10X/FIT208A4/rdr.tsv
AGGGAGTGTACGGTGA-1	R2	10X	13	R2_2	tumour	/mnt/iribhm/homes/aste0033/projects/MPNST/scDNA/CHISEL/10X/FIT208A4/rdr.tsv
AGGGATGCATTGAAAG-1	R2	10X	13	R2_2	tumour	/mnt/iribhm/homes/aste0033/projects/MPNST/scDNA/CHISEL/10X/FIT208A4/rdr.tsv
AGTAGTCTCCGTCTAC-1	R2	10X	13	R2_2	tumour	/mnt/iribhm/homes/aste0033/projects/MPNST/scDNA/CHISEL/10X/FIT208A4/rdr.tsv
AGTGAGGAGACAGAGA-1	R2	10X	13	R2_2	tumour	/mnt/iribhm/homes/aste0033/projects/MPNST/scDNA/CHISEL/10X/FIT208A4/rdr.tsv
AGTGGGACAATAGGAT-1	R2	10X	13	R2_2	tumour	/mnt/iribhm/homes/aste0033/projects/MPNST/scDNA/CHISEL/10X/FIT208A4/rdr.tsv
AGTGGGAGTACAAGAT-1	R2	10X	13	R2_2	tumour	/mnt/iribhm/homes/aste0033/projects/MPNST/scDNA/CHISEL/10X/FIT208A4/rdr.tsv
AGTGGGATCATTCGCC-1	R2	10X	13	R2_2	tumour	/mnt/iribhm/homes/aste0033/projects/MPNST/scDNA/CHISEL/10X/FIT208A4/rdr.tsv
AGTGTCAAGCAGTACG-1	R2	10X	13	R2_2	tumour	/mnt/iribhm/homes/aste0033/projects/MPNST/scDNA/CHISEL/10X/FIT208A4/rdr.tsv
AGTGTCACAAGGTGAC-1	R2	10X	13	R2_2	tumour	/mnt/iribhm/homes/aste0033/projects/MPNST/scDNA/CHISEL/10X/FIT208A4/rdr.tsv
AGTGTCACATCCACGG-1	R2	10X	13	R2_2	tumour	/mnt/iribhm/homes/aste0033/projects/MPNST/scDNA/CHISEL/10X/FIT208A4/rdr.tsv
ATAAGAGCACCTGCAG-1	R2	10X	13	R2_2	tumour	/mnt/iribhm/homes/aste0033/projects/MPNST/scDNA/CHISEL/10X/FIT208A4/rdr.tsv
ATAAGAGGTCGTAATC-1	R2	10X	13	R2_2	tumour	/mnt/iribhm/homes/aste0033/projects/MPNST/scDNA/CHISEL/10X/FIT208A4/rdr.tsv
ATAAGAGTCACGGTAT-1	R2	10X	13	R2_2	tumour	/mnt/iribhm/homes/aste0033/projects/MPNST/scDNA/CHISEL/10X/FIT208A4/rdr.tsv
ATAAGAGTCCGTAATG-1	R2	10X	13	R2_2	tumour	/mnt/iribhm/homes/aste0033/projects/MPNST/scDNA/CHISEL/10X/FIT208A4/rdr.tsv
ATCATCTTCATTTCGT-1	R2	10X	13	R2_2	tumour	/mnt/iribhm/homes/aste0033/projects/MPNST/scDNA/CHISEL/10X/FIT208A4/rdr.tsv
ATCCACCAGTACGATA-1	R2	10X	13	R2_2	tumour	/mnt/iribhm/homes/aste0033/projects/MPNST/scDNA/CHISEL/10X/FIT208A4/rdr.tsv
ATCGAGTTCTACACCC-1	R2	10X	13	R2_2	tumour	/mnt/iribhm/homes/aste0033/projects/MPNST/scDNA/CHISEL/10X/FIT208A4/rdr.tsv
ATCGAGTTCTACCGTC-1	R2	10X	13	R2_2	tumour	/mnt/iribhm/homes/aste0033/projects/MPNST/scDNA/CHISEL/10X/FIT208A4/rdr.tsv
ATCTACTAGATTCACC-1	R2	10X	13	R2_2	tumour	/mnt/iribhm/homes/aste0033/projects/MPNST/scDNA/CHISEL/10X/FIT208A4/rdr.tsv
ATCTACTTCATATCTC-1	R2	10X	13	R2_2	tumour	/mnt/iribhm/homes/aste0033/projects/MPNST/scDNA/CHISEL/10X/FIT208A4/rdr.tsv
ATCTACTTCGCTCTGT-1	R2	10X	13	R2_2	tumour	/mnt/iribhm/homes/aste0033/projects/MPNST/scDNA/CHISEL/10X/FIT208A4/rdr.tsv
ATGAGGGAGTCCGTAT-1	R2	10X	13	R2_2	tumour	/mnt/iribhm/homes/aste0033/projects/MPNST/scDNA/CHISEL/10X/FIT208A4/rdr.tsv
ATGAGGGGTCAGGTAG-1	R2	10X	13	R2_2	tumour	/mnt/iribhm/homes/aste0033/projects/MPNST/scDNA/CHISEL/10X/FIT208A4/rdr.tsv
ATGGGAGTCGTAGCGC-1	R2	10X	13	R2_2	tumour	/mnt/iribhm/homes/aste0033/projects/MPNST/scDNA/CHISEL/10X/FIT208A4/rdr.tsv
ATTGGACCAGTCGGAA-1	R2	10X	13	R2_2	tumour	/mnt/iribhm/homes/aste0033/projects/MPNST/scDNA/CHISEL/10X/FIT208A4/rdr.tsv
ATTGGTGCACTAGGCC-1	R2	10X	13	R2_2	tumour	/mnt/iribhm/homes/aste0033/projects/MPNST/scDNA/CHISEL/10X/FIT208A4/rdr.tsv
ATTGGTGTCGCTATGA-1	R2	10X	13	R2_2	tumour	/mnt/iribhm/homes/aste0033/projects/MPNST/scDNA/CHISEL/10X/FIT208A4/rdr.tsv
ATTTCTGAGAAGCCCA-1	R2	10X	13	R2_2	tumour	/mnt/iribhm/homes/aste0033/projects/MPNST/scDNA/CHISEL/10X/FIT208A4/rdr.tsv
ATTTCTGCACTAACTG-1	R2	10X	13	R2_2	tumour	/mnt/iribhm/homes/aste0033/projects/MPNST/scDNA/CHISEL/10X/FIT208A4/rdr.tsv
ATTTCTGGTTACTGAC-1	R2	10X	13	R2_2	tumour	/mnt/iribhm/homes/aste0033/projects/MPNST/scDNA/CHISEL/10X/FIT208A4/rdr.tsv
ATTTCTGTCTGCGGGT-1	R2	10X	13	R2_2	tumour	/mnt/iribhm/homes/aste0033/projects/MPNST/scDNA/CHISEL/10X/FIT208A4/rdr.tsv
CAACCTCTCACCATCC-1	R2	10X	13	R2_2	tumour	/mnt/iribhm/homes/aste0033/projects/MPNST/scDNA/CHISEL/10X/FIT208A4/rdr.tsv
CAACCTCTCGAACAAA-1	R2	10X	13	R2_2	tumour	/mnt/iribhm/homes/aste0033/projects/MPNST/scDNA/CHISEL/10X/FIT208A4/rdr.tsv
CAACTAGTCATCGCCT-1	R2	10X	13	R2_2	tumour	/mnt/iribhm/homes/aste0033/projects/MPNST/scDNA/CHISEL/10X/FIT208A4/rdr.tsv
CAAGAAAAGGTGTGTG-1	R2	10X	13	R2_2	tumour	/mnt/iribhm/homes/aste0033/projects/MPNST/scDNA/CHISEL/10X/FIT208A4/rdr.tsv
CAAGAAACATCTCGTC-1	R2	10X	13	R2_2	tumour	/mnt/iribhm/homes/aste0033/projects/MPNST/scDNA/CHISEL/10X/FIT208A4/rdr.tsv
CAAGTTGCAACGCCGT-1	R2	10X	13	R2_2	tumour	/mnt/iribhm/homes/aste0033/projects/MPNST/scDNA/CHISEL/10X/FIT208A4/rdr.tsv
CAAGTTGCACGCACGT-1	R2	10X	13	R2_2	tumour	/mnt/iribhm/homes/aste0033/projects/MPNST/scDNA/CHISEL/10X/FIT208A4/rdr.tsv
CAAGTTGGTCACATGT-1	R2	10X	13	R2_2	tumour	/mnt/iribhm/homes/aste0033/projects/MPNST/scDNA/CHISEL/10X/FIT208A4/rdr.tsv
CACACAACAGTACTCA-1	R2	10X	13	R2_2	tumour	/mnt/iribhm/homes/aste0033/projects/MPNST/scDNA/CHISEL/10X/FIT208A4/rdr.tsv
CACACAAGTCACATGT-1	R2	10X	13	R2_2	tumour	/mnt/iribhm/homes/aste0033/projects/MPNST/scDNA/CHISEL/10X/FIT208A4/rdr.tsv
CACAGTAGTCAACATC-1	R2	10X	13	R2_2	tumour	/mnt/iribhm/homes/aste0033/projects/MPNST/scDNA/CHISEL/10X/FIT208A4/rdr.tsv
CACATTTGTCACGCAC-1	P	10X	13	R2_2	tumour	/mnt/iribhm/homes/aste0033/projects/MPNST/scDNA/CHISEL/10X/FIT208A8/rdr.tsv
CACATTTTCTGGAGTT-1	R2	10X	13	R2_2	tumour	/mnt/iribhm/homes/aste0033/projects/MPNST/scDNA/CHISEL/10X/FIT208A4/rdr.tsv
CACCACTGTACCGTCG-1	R2	10X	13	R2_2	tumour	/mnt/iribhm/homes/aste0033/projects/MPNST/scDNA/CHISEL/10X/FIT208A4/rdr.tsv
CACCACTGTTCAGTGT-1	R2	10X	13	R2_2	tumour	/mnt/iribhm/homes/aste0033/projects/MPNST/scDNA/CHISEL/10X/FIT208A4/rdr.tsv
CACCAGGTCCCGAATA-1	R2	10X	13	R2_2	tumour	/mnt/iribhm/homes/aste0033/projects/MPNST/scDNA/CHISEL/10X/FIT208A4/rdr.tsv
CACCTTGAGCGTTGCC-1	R2	10X	13	R2_2	tumour	/mnt/iribhm/homes/aste0033/projects/MPNST/scDNA/CHISEL/10X/FIT208A4/rdr.tsv
CAGAATCAGCTGGTCC-1	R2	10X	13	R2_2	tumour	/mnt/iribhm/homes/aste0033/projects/MPNST/scDNA/CHISEL/10X/FIT208A4/rdr.tsv
CAGAATCAGTTTAGGA-1	R2	10X	13	R2_2	tumour	/mnt/iribhm/homes/aste0033/projects/MPNST/scDNA/CHISEL/10X/FIT208A4/rdr.tsv
CAGAATCGTTGGTATC-1	R2	10X	13	R2_2	tumour	/mnt/iribhm/homes/aste0033/projects/MPNST/scDNA/CHISEL/10X/FIT208A4/rdr.tsv
CAGCAGCCAGTACCTA-1	R2	10X	13	R2_2	tumour	/mnt/iribhm/homes/aste0033/projects/MPNST/scDNA/CHISEL/10X/FIT208A4/rdr.tsv
CAGCCGATCATCAGGT-1	R2	10X	13	R2_2	tumour	/mnt/iribhm/homes/aste0033/projects/MPNST/scDNA/CHISEL/10X/FIT208A4/rdr.tsv
CAGCGACAGACGTCGA-1	R2	10X	13	R2_2	tumour	/mnt/iribhm/homes/aste0033/projects/MPNST/scDNA/CHISEL/10X/FIT208A4/rdr.tsv
CAGCGACTCTTAGCTT-1	R2	10X	13	R2_2	tumour	/mnt/iribhm/homes/aste0033/projects/MPNST/scDNA/CHISEL/10X/FIT208A4/rdr.tsv
CAGCTAAAGACAAAGG-1	R2	10X	13	R2_2	tumour	/mnt/iribhm/homes/aste0033/projects/MPNST/scDNA/CHISEL/10X/FIT208A4/rdr.tsv
CAGCTGGAGATCTGCT-1	R2	10X	13	R2_2	tumour	/mnt/iribhm/homes/aste0033/projects/MPNST/scDNA/CHISEL/10X/FIT208A4/rdr.tsv
CAGCTGGCAACGACTT-1	R2	10X	13	R2_2	tumour	/mnt/iribhm/homes/aste0033/projects/MPNST/scDNA/CHISEL/10X/FIT208A4/rdr.tsv
CAGTCCTAGGGAAACA-1	R2	10X	13	R2_2	tumour	/mnt/iribhm/homes/aste0033/projects/MPNST/scDNA/CHISEL/10X/FIT208A4/rdr.tsv
CATATGGCAATGGCTT-1	R2	10X	13	R2_2	tumour	/mnt/iribhm/homes/aste0033/projects/MPNST/scDNA/CHISEL/10X/FIT208A4/rdr.tsv
CATATTCAGGGTGTGT-1	R2	10X	13	R2_2	tumour	/mnt/iribhm/homes/aste0033/projects/MPNST/scDNA/CHISEL/10X/FIT208A4/rdr.tsv
CATATTCGTCGCTGTG-1	R2	10X	13	R2_2	tumour	/mnt/iribhm/homes/aste0033/projects/MPNST/scDNA/CHISEL/10X/FIT208A4/rdr.tsv
CATCAGACAACACTTG-1	R2	10X	13	R2_2	tumour	/mnt/iribhm/homes/aste0033/projects/MPNST/scDNA/CHISEL/10X/FIT208A4/rdr.tsv
CATCAGACAAGTGCAG-1	R2	10X	13	R2_2	tumour	/mnt/iribhm/homes/aste0033/projects/MPNST/scDNA/CHISEL/10X/FIT208A4/rdr.tsv
CATCAGAGTCGGAAGT-1	R2	10X	13	R2_2	tumour	/mnt/iribhm/homes/aste0033/projects/MPNST/scDNA/CHISEL/10X/FIT208A4/rdr.tsv
CATCAGAGTTGAACTC-1	R2	10X	13	R2_2	tumour	/mnt/iribhm/homes/aste0033/projects/MPNST/scDNA/CHISEL/10X/FIT208A4/rdr.tsv
CATCGAAAGTCCATAC-1	R2	10X	13	R2_2	tumour	/mnt/iribhm/homes/aste0033/projects/MPNST/scDNA/CHISEL/10X/FIT208A4/rdr.tsv
CATCGAAGTTCAAGGG-1	R2	10X	13	R2_2	tumour	/mnt/iribhm/homes/aste0033/projects/MPNST/scDNA/CHISEL/10X/FIT208A4/rdr.tsv
CATCGGGGTGCACTTA-1	R2	10X	13	R2_2	tumour	/mnt/iribhm/homes/aste0033/projects/MPNST/scDNA/CHISEL/10X/FIT208A4/rdr.tsv
CATGCCTTCAAGAAAC-1	R2	10X	13	R2_2	tumour	/mnt/iribhm/homes/aste0033/projects/MPNST/scDNA/CHISEL/10X/FIT208A4/rdr.tsv
CATGGCGCAGAATTCC-1	R2	10X	13	R2_2	tumour	/mnt/iribhm/homes/aste0033/projects/MPNST/scDNA/CHISEL/10X/FIT208A4/rdr.tsv
CATGGCGTCCAAACCA-1	R2	10X	13	R2_2	tumour	/mnt/iribhm/homes/aste0033/projects/MPNST/scDNA/CHISEL/10X/FIT208A4/rdr.tsv
CATTCGCAGTCCAGGA-1	R2	10X	13	R2_2	tumour	/mnt/iribhm/homes/aste0033/projects/MPNST/scDNA/CHISEL/10X/FIT208A4/rdr.tsv
CCAATCCAGTCAAGCG-1	R2	10X	13	R2_2	tumour	/mnt/iribhm/homes/aste0033/projects/MPNST/scDNA/CHISEL/10X/FIT208A4/rdr.tsv
CCAATCCCACAGAAAT-1	R2	10X	13	R2_2	tumour	/mnt/iribhm/homes/aste0033/projects/MPNST/scDNA/CHISEL/10X/FIT208A4/rdr.tsv
CCACCTACACGCACGT-1	R2	10X	13	R2_2	tumour	/mnt/iribhm/homes/aste0033/projects/MPNST/scDNA/CHISEL/10X/FIT208A4/rdr.tsv
CCACGGATCTGGATCA-1	R2	10X	13	R2_2	tumour	/mnt/iribhm/homes/aste0033/projects/MPNST/scDNA/CHISEL/10X/FIT208A4/rdr.tsv
CCACTACAGATATACG-1	R2	10X	13	R2_2	tumour	/mnt/iribhm/homes/aste0033/projects/MPNST/scDNA/CHISEL/10X/FIT208A4/rdr.tsv
CCACTACCATGAGGGT-1	R2	10X	13	R2_2	tumour	/mnt/iribhm/homes/aste0033/projects/MPNST/scDNA/CHISEL/10X/FIT208A4/rdr.tsv
CCAGCGACAAATCAGA-1	R2	10X	13	R2_2	tumour	/mnt/iribhm/homes/aste0033/projects/MPNST/scDNA/CHISEL/10X/FIT208A4/rdr.tsv
CCATTCGAGCACCGCT-1	R2	10X	13	R2_2	tumour	/mnt/iribhm/homes/aste0033/projects/MPNST/scDNA/CHISEL/10X/FIT208A4/rdr.tsv
CCCAATCAGGACTGGT-1	R2	10X	13	R2_2	tumour	/mnt/iribhm/homes/aste0033/projects/MPNST/scDNA/CHISEL/10X/FIT208A4/rdr.tsv
CCCATACCAGGTACGA-1	R2	10X	13	R2_2	tumour	/mnt/iribhm/homes/aste0033/projects/MPNST/scDNA/CHISEL/10X/FIT208A4/rdr.tsv
CCGGGATCAAACCGAG-1	R2	10X	13	R2_2	tumour	/mnt/iribhm/homes/aste0033/projects/MPNST/scDNA/CHISEL/10X/FIT208A4/rdr.tsv
CCGGGATCAACTTTCT-1	R2	10X	13	R2_2	tumour	/mnt/iribhm/homes/aste0033/projects/MPNST/scDNA/CHISEL/10X/FIT208A4/rdr.tsv
CCGGTAGCAACAGTGG-1	R2	10X	13	R2_2	tumour	/mnt/iribhm/homes/aste0033/projects/MPNST/scDNA/CHISEL/10X/FIT208A4/rdr.tsv
CCGTTCATCTTGCTTA-1	R2	10X	13	R2_2	tumour	/mnt/iribhm/homes/aste0033/projects/MPNST/scDNA/CHISEL/10X/FIT208A4/rdr.tsv
CCTAAAGGTGCCTACG-1	R2	10X	13	R2_2	tumour	/mnt/iribhm/homes/aste0033/projects/MPNST/scDNA/CHISEL/10X/FIT208A4/rdr.tsv
CCTACCACAGAACAGC-1	R2	10X	13	R2_2	tumour	/mnt/iribhm/homes/aste0033/projects/MPNST/scDNA/CHISEL/10X/FIT208A4/rdr.tsv
CCTACCAGTAACTGTC-1	R2	10X	13	R2_2	tumour	/mnt/iribhm/homes/aste0033/projects/MPNST/scDNA/CHISEL/10X/FIT208A4/rdr.tsv
CCTACCAGTAATCAGA-1	R2	10X	13	R2_2	tumour	/mnt/iribhm/homes/aste0033/projects/MPNST/scDNA/CHISEL/10X/FIT208A4/rdr.tsv
CCTACCAGTCCATGAT-1	R2	10X	13	R2_2	tumour	/mnt/iribhm/homes/aste0033/projects/MPNST/scDNA/CHISEL/10X/FIT208A4/rdr.tsv
CCTAGCTAGAGTGACC-1	R2	10X	13	R2_2	tumour	/mnt/iribhm/homes/aste0033/projects/MPNST/scDNA/CHISEL/10X/FIT208A4/rdr.tsv
CCTATTACAAATCAGA-1	R2	10X	13	R2_2	tumour	/mnt/iribhm/homes/aste0033/projects/MPNST/scDNA/CHISEL/10X/FIT208A4/rdr.tsv
CCTCAGTCATGATAAG-1	R2	10X	13	R2_2	tumour	/mnt/iribhm/homes/aste0033/projects/MPNST/scDNA/CHISEL/10X/FIT208A4/rdr.tsv
CCTCTGACATCGGTCG-1	R2	10X	13	R2_2	tumour	/mnt/iribhm/homes/aste0033/projects/MPNST/scDNA/CHISEL/10X/FIT208A4/rdr.tsv
CCTCTGAGTAGTTCTG-1	R2	10X	13	R2_2	tumour	/mnt/iribhm/homes/aste0033/projects/MPNST/scDNA/CHISEL/10X/FIT208A4/rdr.tsv
CCTCTGATCTGGGATT-1	R2	10X	13	R2_2	tumour	/mnt/iribhm/homes/aste0033/projects/MPNST/scDNA/CHISEL/10X/FIT208A4/rdr.tsv
CCTTCCCTCGGGCTTG-1	R2	10X	13	R2_2	tumour	/mnt/iribhm/homes/aste0033/projects/MPNST/scDNA/CHISEL/10X/FIT208A4/rdr.tsv
CGAACATTCTCGTCTG-1	R2	10X	13	R2_2	tumour	/mnt/iribhm/homes/aste0033/projects/MPNST/scDNA/CHISEL/10X/FIT208A4/rdr.tsv
CGAATGTGTACCACTA-1	R2	10X	13	R2_2	tumour	/mnt/iribhm/homes/aste0033/projects/MPNST/scDNA/CHISEL/10X/FIT208A4/rdr.tsv
CGACCTTGTGATGTTC-1	R2	10X	13	R2_2	tumour	/mnt/iribhm/homes/aste0033/projects/MPNST/scDNA/CHISEL/10X/FIT208A4/rdr.tsv
CGACCTTTCGGATCCG-1	R2	10X	13	R2_2	tumour	/mnt/iribhm/homes/aste0033/projects/MPNST/scDNA/CHISEL/10X/FIT208A4/rdr.tsv
CGACTTCTCGTGTCAA-1	R2	10X	13	R2_2	tumour	/mnt/iribhm/homes/aste0033/projects/MPNST/scDNA/CHISEL/10X/FIT208A4/rdr.tsv
CGAGAAGGTCAATTCG-1	R2	10X	13	R2_2	tumour	/mnt/iribhm/homes/aste0033/projects/MPNST/scDNA/CHISEL/10X/FIT208A4/rdr.tsv
CGCGGTAGTACCAGCC-1	R2	10X	13	R2_2	tumour	/mnt/iribhm/homes/aste0033/projects/MPNST/scDNA/CHISEL/10X/FIT208A4/rdr.tsv
CGCTATCCAACCCTGG-1	R2	10X	13	R2_2	tumour	/mnt/iribhm/homes/aste0033/projects/MPNST/scDNA/CHISEL/10X/FIT208A4/rdr.tsv
CGCTATCTCCTACCCA-1	R2	10X	13	R2_2	tumour	/mnt/iribhm/homes/aste0033/projects/MPNST/scDNA/CHISEL/10X/FIT208A4/rdr.tsv
CGCTTCAGTGCAACCC-1	R2	10X	13	R2_2	tumour	/mnt/iribhm/homes/aste0033/projects/MPNST/scDNA/CHISEL/10X/FIT208A4/rdr.tsv
CGGACACGTGGGCCTT-1	R2	10X	13	R2_2	tumour	/mnt/iribhm/homes/aste0033/projects/MPNST/scDNA/CHISEL/10X/FIT208A4/rdr.tsv
CGGACACTCTTCACAT-1	R2	10X	13	R2_2	tumour	/mnt/iribhm/homes/aste0033/projects/MPNST/scDNA/CHISEL/10X/FIT208A4/rdr.tsv
CGGACGTCAGAATTCC-1	R2	10X	13	R2_2	tumour	/mnt/iribhm/homes/aste0033/projects/MPNST/scDNA/CHISEL/10X/FIT208A4/rdr.tsv
CGGACGTTCTACGGAT-1	R2	10X	13	R2_2	tumour	/mnt/iribhm/homes/aste0033/projects/MPNST/scDNA/CHISEL/10X/FIT208A4/rdr.tsv
CGGAGCTGTAACCGAG-1	R2	10X	13	R2_2	tumour	/mnt/iribhm/homes/aste0033/projects/MPNST/scDNA/CHISEL/10X/FIT208A4/rdr.tsv
CGGAGCTTCTGCTACC-1	R2	10X	13	R2_2	tumour	/mnt/iribhm/homes/aste0033/projects/MPNST/scDNA/CHISEL/10X/FIT208A4/rdr.tsv
CGGAGTCCATGAGGGT-1	R2	10X	13	R2_2	tumour	/mnt/iribhm/homes/aste0033/projects/MPNST/scDNA/CHISEL/10X/FIT208A4/rdr.tsv
CGGAGTCGTCTTGCGG-1	R2	10X	13	R2_2	tumour	/mnt/iribhm/homes/aste0033/projects/MPNST/scDNA/CHISEL/10X/FIT208A4/rdr.tsv
CGGAGTCTCTCCACAC-1	R2	10X	13	R2_2	tumour	/mnt/iribhm/homes/aste0033/projects/MPNST/scDNA/CHISEL/10X/FIT208A4/rdr.tsv
CGGAGTCTCTCGGTTC-1	R2	10X	13	R2_2	tumour	/mnt/iribhm/homes/aste0033/projects/MPNST/scDNA/CHISEL/10X/FIT208A4/rdr.tsv
CGGCTAGAGTTGTCGT-1	R2	10X	13	R2_2	tumour	/mnt/iribhm/homes/aste0033/projects/MPNST/scDNA/CHISEL/10X/FIT208A4/rdr.tsv
CGGCTAGCACCTTGCT-1	R2	10X	13	R2_2	tumour	/mnt/iribhm/homes/aste0033/projects/MPNST/scDNA/CHISEL/10X/FIT208A4/rdr.tsv
CGTAGCGCATCTCACC-1	R2	10X	13	R2_2	tumour	/mnt/iribhm/homes/aste0033/projects/MPNST/scDNA/CHISEL/10X/FIT208A4/rdr.tsv
CGTAGCGGTACCGCTG-1	R2	10X	13	R2_2	tumour	/mnt/iribhm/homes/aste0033/projects/MPNST/scDNA/CHISEL/10X/FIT208A4/rdr.tsv
CGTAGCGGTCTGCGCA-1	R2	10X	13	R2_2	tumour	/mnt/iribhm/homes/aste0033/projects/MPNST/scDNA/CHISEL/10X/FIT208A4/rdr.tsv
CGTAGCGGTGATTTGC-1	R2	10X	13	R2_2	tumour	/mnt/iribhm/homes/aste0033/projects/MPNST/scDNA/CHISEL/10X/FIT208A4/rdr.tsv
CGTAGGCAGCCCAATT-1	R2	10X	13	R2_2	tumour	/mnt/iribhm/homes/aste0033/projects/MPNST/scDNA/CHISEL/10X/FIT208A4/rdr.tsv
CGTAGGCAGCTAAGAT-1	R2	10X	13	R2_2	tumour	/mnt/iribhm/homes/aste0033/projects/MPNST/scDNA/CHISEL/10X/FIT208A4/rdr.tsv
CGTCACTCAGCGGTCT-1	R2	10X	13	R2_2	tumour	/mnt/iribhm/homes/aste0033/projects/MPNST/scDNA/CHISEL/10X/FIT208A4/rdr.tsv
CGTCACTGTGGCCTGT-1	R2	10X	13	R2_2	tumour	/mnt/iribhm/homes/aste0033/projects/MPNST/scDNA/CHISEL/10X/FIT208A4/rdr.tsv
CGTCAGGCAGTAATCC-1	R2	10X	13	R2_2	tumour	/mnt/iribhm/homes/aste0033/projects/MPNST/scDNA/CHISEL/10X/FIT208A4/rdr.tsv
CGTCTACGTGACGGTA-1	R2	10X	13	R2_2	tumour	/mnt/iribhm/homes/aste0033/projects/MPNST/scDNA/CHISEL/10X/FIT208A4/rdr.tsv
CGTGAGCCATAGGACG-1	R2	10X	13	R2_2	tumour	/mnt/iribhm/homes/aste0033/projects/MPNST/scDNA/CHISEL/10X/FIT208A4/rdr.tsv
CGTTAGATCTTGCTTA-1	R2	10X	13	R2_2	tumour	/mnt/iribhm/homes/aste0033/projects/MPNST/scDNA/CHISEL/10X/FIT208A4/rdr.tsv
CGTTGGGAGCACCGCT-1	R2	10X	13	R2_2	tumour	/mnt/iribhm/homes/aste0033/projects/MPNST/scDNA/CHISEL/10X/FIT208A4/rdr.tsv
CTAACTTAGTGGTAGC-1	R2	10X	13	R2_2	tumour	/mnt/iribhm/homes/aste0033/projects/MPNST/scDNA/CHISEL/10X/FIT208A4/rdr.tsv
CTAACTTTCACTGCGG-1	R2	10X	13	R2_2	tumour	/mnt/iribhm/homes/aste0033/projects/MPNST/scDNA/CHISEL/10X/FIT208A4/rdr.tsv
CTAAGACAGCTATGCT-1	R2	10X	13	R2_2	tumour	/mnt/iribhm/homes/aste0033/projects/MPNST/scDNA/CHISEL/10X/FIT208A4/rdr.tsv
CTAAGACTCCAAGGGA-1	R2	10X	13	R2_2	tumour	/mnt/iribhm/homes/aste0033/projects/MPNST/scDNA/CHISEL/10X/FIT208A4/rdr.tsv
CTAATGGGTAGACCAG-1	R2	10X	13	R2_2	tumour	/mnt/iribhm/homes/aste0033/projects/MPNST/scDNA/CHISEL/10X/FIT208A4/rdr.tsv
CTACACCCATTGGTCA-1	R2	10X	13	R2_2	tumour	/mnt/iribhm/homes/aste0033/projects/MPNST/scDNA/CHISEL/10X/FIT208A4/rdr.tsv
CTACACCGTTATGTGC-1	R2	10X	13	R2_2	tumour	/mnt/iribhm/homes/aste0033/projects/MPNST/scDNA/CHISEL/10X/FIT208A4/rdr.tsv
CTACATTGTCAGGTAG-1	R2	10X	13	R2_2	tumour	/mnt/iribhm/homes/aste0033/projects/MPNST/scDNA/CHISEL/10X/FIT208A4/rdr.tsv
CTACCCAGTAACTGTC-1	R2	10X	13	R2_2	tumour	/mnt/iribhm/homes/aste0033/projects/MPNST/scDNA/CHISEL/10X/FIT208A4/rdr.tsv
CTACGTCCACCTTGCT-1	R2	10X	13	R2_2	tumour	/mnt/iribhm/homes/aste0033/projects/MPNST/scDNA/CHISEL/10X/FIT208A4/rdr.tsv
CTACGTCTCCACTAAG-1	R2	10X	13	R2_2	tumour	/mnt/iribhm/homes/aste0033/projects/MPNST/scDNA/CHISEL/10X/FIT208A4/rdr.tsv
CTACGTCTCCGCCTTA-1	R2	10X	13	R2_2	tumour	/mnt/iribhm/homes/aste0033/projects/MPNST/scDNA/CHISEL/10X/FIT208A4/rdr.tsv
CTAGAGTAGGCAAAGA-1	R2	10X	13	R2_2	tumour	/mnt/iribhm/homes/aste0033/projects/MPNST/scDNA/CHISEL/10X/FIT208A4/rdr.tsv
CTAGAGTTCCGGTTCT-1	R2	10X	13	R2_2	tumour	/mnt/iribhm/homes/aste0033/projects/MPNST/scDNA/CHISEL/10X/FIT208A4/rdr.tsv
CTAGCCTAGCGTGAGT-1	R2	10X	13	R2_2	tumour	/mnt/iribhm/homes/aste0033/projects/MPNST/scDNA/CHISEL/10X/FIT208A4/rdr.tsv
CTAGCCTCAACACTTG-1	R2	10X	13	R2_2	tumour	/mnt/iribhm/homes/aste0033/projects/MPNST/scDNA/CHISEL/10X/FIT208A4/rdr.tsv
CTAGTGAGTGTCTAAC-1	R2	10X	13	R2_2	tumour	/mnt/iribhm/homes/aste0033/projects/MPNST/scDNA/CHISEL/10X/FIT208A4/rdr.tsv
CTCACACCACCTTGCT-1	R2	10X	13	R2_2	tumour	/mnt/iribhm/homes/aste0033/projects/MPNST/scDNA/CHISEL/10X/FIT208A4/rdr.tsv
CTCATTAGTCCTTGGG-1	R2	10X	13	R2_2	tumour	/mnt/iribhm/homes/aste0033/projects/MPNST/scDNA/CHISEL/10X/FIT208A4/rdr.tsv
CTCCTAGAGGATGCGT-1	R2	10X	13	R2_2	tumour	/mnt/iribhm/homes/aste0033/projects/MPNST/scDNA/CHISEL/10X/FIT208A4/rdr.tsv
CTCCTAGTCTGGTAGT-1	R2	10X	13	R2_2	tumour	/mnt/iribhm/homes/aste0033/projects/MPNST/scDNA/CHISEL/10X/FIT208A4/rdr.tsv
CTCGAAATCGAAAGGC-1	R2	10X	13	R2_2	tumour	/mnt/iribhm/homes/aste0033/projects/MPNST/scDNA/CHISEL/10X/FIT208A4/rdr.tsv
CTCGAGGCACAGCTGC-1	R2	10X	13	R2_2	tumour	/mnt/iribhm/homes/aste0033/projects/MPNST/scDNA/CHISEL/10X/FIT208A4/rdr.tsv
CTCGGAGAGCTAGTGG-1	R2	10X	13	R2_2	tumour	/mnt/iribhm/homes/aste0033/projects/MPNST/scDNA/CHISEL/10X/FIT208A4/rdr.tsv
CTCGGAGGTCTCCACT-1	R2	10X	13	R2_2	tumour	/mnt/iribhm/homes/aste0033/projects/MPNST/scDNA/CHISEL/10X/FIT208A4/rdr.tsv
CTCGGGAGTACTGCTA-1	R2	10X	13	R2_2	tumour	/mnt/iribhm/homes/aste0033/projects/MPNST/scDNA/CHISEL/10X/FIT208A4/rdr.tsv
CTCGTACCACCTGGCA-1	R2	10X	13	R2_2	tumour	/mnt/iribhm/homes/aste0033/projects/MPNST/scDNA/CHISEL/10X/FIT208A4/rdr.tsv
CTCGTCAGTTGGGCAA-1	R2	10X	13	R2_2	tumour	/mnt/iribhm/homes/aste0033/projects/MPNST/scDNA/CHISEL/10X/FIT208A4/rdr.tsv
CTCGTCATCAGTACAC-1	R2	10X	13	R2_2	tumour	/mnt/iribhm/homes/aste0033/projects/MPNST/scDNA/CHISEL/10X/FIT208A4/rdr.tsv
CTCTAATCACGCACGT-1	R2	10X	13	R2_2	tumour	/mnt/iribhm/homes/aste0033/projects/MPNST/scDNA/CHISEL/10X/FIT208A4/rdr.tsv
CTCTAATCACTTGAGT-1	R2	10X	13	R2_2	tumour	/mnt/iribhm/homes/aste0033/projects/MPNST/scDNA/CHISEL/10X/FIT208A4/rdr.tsv
CTCTAATTCGATGGTT-1	R2	10X	13	R2_2	tumour	/mnt/iribhm/homes/aste0033/projects/MPNST/scDNA/CHISEL/10X/FIT208A4/rdr.tsv
CTCTGGTGTAGCCCTG-1	R2	10X	13	R2_2	tumour	/mnt/iribhm/homes/aste0033/projects/MPNST/scDNA/CHISEL/10X/FIT208A4/rdr.tsv
CTCTGGTTCTTGCGAA-1	R2	10X	13	R2_2	tumour	/mnt/iribhm/homes/aste0033/projects/MPNST/scDNA/CHISEL/10X/FIT208A4/rdr.tsv
CTGAAACAGGCATTTC-1	R2	10X	13	R2_2	tumour	/mnt/iribhm/homes/aste0033/projects/MPNST/scDNA/CHISEL/10X/FIT208A4/rdr.tsv
CTGAAGTGTTAAACGA-1	R2	10X	13	R2_2	tumour	/mnt/iribhm/homes/aste0033/projects/MPNST/scDNA/CHISEL/10X/FIT208A4/rdr.tsv
CTGAAGTTCCTACCCA-1	R2	10X	13	R2_2	tumour	/mnt/iribhm/homes/aste0033/projects/MPNST/scDNA/CHISEL/10X/FIT208A4/rdr.tsv
CTGATAGCATTCCGAA-1	R2	10X	13	R2_2	tumour	/mnt/iribhm/homes/aste0033/projects/MPNST/scDNA/CHISEL/10X/FIT208A4/rdr.tsv
CTGCGGAGTAACAGCG-1	R2	10X	13	R2_2	tumour	/mnt/iribhm/homes/aste0033/projects/MPNST/scDNA/CHISEL/10X/FIT208A4/rdr.tsv
CTGTGCTAGAGTTGGC-1	R2	10X	13	R2_2	tumour	/mnt/iribhm/homes/aste0033/projects/MPNST/scDNA/CHISEL/10X/FIT208A4/rdr.tsv
CTGTTTACAGTGAATA-1	R2	10X	13	R2_2	tumour	/mnt/iribhm/homes/aste0033/projects/MPNST/scDNA/CHISEL/10X/FIT208A4/rdr.tsv
CTGTTTATCTGCTGAA-1	R2	10X	13	R2_2	tumour	/mnt/iribhm/homes/aste0033/projects/MPNST/scDNA/CHISEL/10X/FIT208A4/rdr.tsv
CTTAACTCAGTAGAAT-1	R2	10X	13	R2_2	tumour	/mnt/iribhm/homes/aste0033/projects/MPNST/scDNA/CHISEL/10X/FIT208A4/rdr.tsv
CTTACCGGTGATCCTA-1	R2	10X	13	R2_2	tumour	/mnt/iribhm/homes/aste0033/projects/MPNST/scDNA/CHISEL/10X/FIT208A4/rdr.tsv
CTTAGGAAGATGTGGC-1	R2	10X	13	R2_2	tumour	/mnt/iribhm/homes/aste0033/projects/MPNST/scDNA/CHISEL/10X/FIT208A4/rdr.tsv
CTTGGCTCATAGGTCT-1	R2	10X	13	R2_2	tumour	/mnt/iribhm/homes/aste0033/projects/MPNST/scDNA/CHISEL/10X/FIT208A4/rdr.tsv
CTTGGCTGTGGTCAAG-1	R2	10X	13	R2_2	tumour	/mnt/iribhm/homes/aste0033/projects/MPNST/scDNA/CHISEL/10X/FIT208A4/rdr.tsv
CTTTGCGGTGTGAAAT-1	R2	10X	13	R2_2	tumour	/mnt/iribhm/homes/aste0033/projects/MPNST/scDNA/CHISEL/10X/FIT208A4/rdr.tsv
GAAACTCTCAGTACAC-1	R2	10X	13	R2_2	tumour	/mnt/iribhm/homes/aste0033/projects/MPNST/scDNA/CHISEL/10X/FIT208A4/rdr.tsv
GAACCTAGTTGGAGCA-1	R2	10X	13	R2_2	tumour	/mnt/iribhm/homes/aste0033/projects/MPNST/scDNA/CHISEL/10X/FIT208A4/rdr.tsv
GAACGGATCGCTCTGT-1	R2	10X	13	R2_2	tumour	/mnt/iribhm/homes/aste0033/projects/MPNST/scDNA/CHISEL/10X/FIT208A4/rdr.tsv
GAATAAGAGTAACCCT-1	R2	10X	13	R2_2	tumour	/mnt/iribhm/homes/aste0033/projects/MPNST/scDNA/CHISEL/10X/FIT208A4/rdr.tsv
GAATGAACACGTCGGT-1	R2	10X	13	R2_2	tumour	/mnt/iribhm/homes/aste0033/projects/MPNST/scDNA/CHISEL/10X/FIT208A4/rdr.tsv
GACACGCAGAGCTGGT-1	R2	10X	13	R2_2	tumour	/mnt/iribhm/homes/aste0033/projects/MPNST/scDNA/CHISEL/10X/FIT208A4/rdr.tsv
GACAGAGGTTCGGTGC-1	R2	10X	13	R2_2	tumour	/mnt/iribhm/homes/aste0033/projects/MPNST/scDNA/CHISEL/10X/FIT208A4/rdr.tsv
GACCAATCACGCCTGA-1	R2	10X	13	R2_2	tumour	/mnt/iribhm/homes/aste0033/projects/MPNST/scDNA/CHISEL/10X/FIT208A4/rdr.tsv
GACCAATCATCCACGG-1	R2	10X	13	R2_2	tumour	/mnt/iribhm/homes/aste0033/projects/MPNST/scDNA/CHISEL/10X/FIT208A4/rdr.tsv
GACCTGGTCTGGCCTT-1	R2	10X	13	R2_2	tumour	/mnt/iribhm/homes/aste0033/projects/MPNST/scDNA/CHISEL/10X/FIT208A4/rdr.tsv
GACGCGTTCTCCACAC-1	R2	10X	13	R2_2	tumour	/mnt/iribhm/homes/aste0033/projects/MPNST/scDNA/CHISEL/10X/FIT208A4/rdr.tsv
GACGGCTCAATGGCAG-1	R2	10X	13	R2_2	tumour	/mnt/iribhm/homes/aste0033/projects/MPNST/scDNA/CHISEL/10X/FIT208A4/rdr.tsv
GACGTTAAGAGGCAAA-1	R2	10X	13	R2_2	tumour	/mnt/iribhm/homes/aste0033/projects/MPNST/scDNA/CHISEL/10X/FIT208A4/rdr.tsv
GACTAACGTAAACAGT-1	R2	10X	13	R2_2	tumour	/mnt/iribhm/homes/aste0033/projects/MPNST/scDNA/CHISEL/10X/FIT208A4/rdr.tsv
GAGCAGAGTGTAGTTC-1	R2	10X	13	R2_2	tumour	/mnt/iribhm/homes/aste0033/projects/MPNST/scDNA/CHISEL/10X/FIT208A4/rdr.tsv
GAGTCCGCAGCGCATC-1	R2	10X	13	R2_2	tumour	/mnt/iribhm/homes/aste0033/projects/MPNST/scDNA/CHISEL/10X/FIT208A4/rdr.tsv
GAGTCCGGTGACCCAC-1	R2	10X	13	R2_2	tumour	/mnt/iribhm/homes/aste0033/projects/MPNST/scDNA/CHISEL/10X/FIT208A4/rdr.tsv
GATCAGTAGTGATGAT-1	R2	10X	13	R2_2	tumour	/mnt/iribhm/homes/aste0033/projects/MPNST/scDNA/CHISEL/10X/FIT208A4/rdr.tsv
GATCGCGCAACATAAG-1	R2	10X	13	R2_2	tumour	/mnt/iribhm/homes/aste0033/projects/MPNST/scDNA/CHISEL/10X/FIT208A4/rdr.tsv
GATCTAGCAAGGCGTA-1	R2	10X	13	R2_2	tumour	/mnt/iribhm/homes/aste0033/projects/MPNST/scDNA/CHISEL/10X/FIT208A4/rdr.tsv
GATCTAGCACACCTAA-1	R2	10X	13	R2_2	tumour	/mnt/iribhm/homes/aste0033/projects/MPNST/scDNA/CHISEL/10X/FIT208A4/rdr.tsv
GATCTAGTCATGGGCC-1	R2	10X	13	R2_2	tumour	/mnt/iribhm/homes/aste0033/projects/MPNST/scDNA/CHISEL/10X/FIT208A4/rdr.tsv
GATGCTAAGATCACTC-1	R2	10X	13	R2_2	tumour	/mnt/iribhm/homes/aste0033/projects/MPNST/scDNA/CHISEL/10X/FIT208A4/rdr.tsv
GATTCAGAGTTGTAGA-1	R2	10X	13	R2_2	tumour	/mnt/iribhm/homes/aste0033/projects/MPNST/scDNA/CHISEL/10X/FIT208A4/rdr.tsv
GCAAACTCACAGAGCA-1	R2	10X	13	R2_2	tumour	/mnt/iribhm/homes/aste0033/projects/MPNST/scDNA/CHISEL/10X/FIT208A4/rdr.tsv
GCAAACTTCTTCACAT-1	R2	10X	13	R2_2	tumour	/mnt/iribhm/homes/aste0033/projects/MPNST/scDNA/CHISEL/10X/FIT208A4/rdr.tsv
GCAGCCATCCTCAGTC-1	R2	10X	13	R2_2	tumour	/mnt/iribhm/homes/aste0033/projects/MPNST/scDNA/CHISEL/10X/FIT208A4/rdr.tsv
GCATGCGAGCGTGTGA-1	R2	10X	13	R2_2	tumour	/mnt/iribhm/homes/aste0033/projects/MPNST/scDNA/CHISEL/10X/FIT208A4/rdr.tsv
GCATGCGCATCCTGGG-1	R2	10X	13	R2_2	tumour	/mnt/iribhm/homes/aste0033/projects/MPNST/scDNA/CHISEL/10X/FIT208A4/rdr.tsv
GCATGTAGTAACTGTC-1	R2	10X	13	R2_2	tumour	/mnt/iribhm/homes/aste0033/projects/MPNST/scDNA/CHISEL/10X/FIT208A4/rdr.tsv
GCCTCTACAACAGAGC-1	R1	10X	13	R2_2	tumour	/mnt/iribhm/homes/aste0033/projects/MPNST/scDNA/CHISEL/10X/FIT208A3/rdr.tsv
GCCTCTAGTGGTTCTA-1	R2	10X	13	R2_2	tumour	/mnt/iribhm/homes/aste0033/projects/MPNST/scDNA/CHISEL/10X/FIT208A4/rdr.tsv
GCGCAACAGTTACGGG-1	R2	10X	13	R2_2	tumour	/mnt/iribhm/homes/aste0033/projects/MPNST/scDNA/CHISEL/10X/FIT208A4/rdr.tsv
GCGCCAACAGCCCATG-1	R2	10X	13	R2_2	tumour	/mnt/iribhm/homes/aste0033/projects/MPNST/scDNA/CHISEL/10X/FIT208A4/rdr.tsv
GCGCGATTCTAGACAC-1	R2	10X	13	R2_2	tumour	/mnt/iribhm/homes/aste0033/projects/MPNST/scDNA/CHISEL/10X/FIT208A4/rdr.tsv
GCGGGTTCAATCGTCA-1	R2	10X	13	R2_2	tumour	/mnt/iribhm/homes/aste0033/projects/MPNST/scDNA/CHISEL/10X/FIT208A4/rdr.tsv
GCGGGTTGTTCAGTAC-1	R2	10X	13	R2_2	tumour	/mnt/iribhm/homes/aste0033/projects/MPNST/scDNA/CHISEL/10X/FIT208A4/rdr.tsv
GCTGCGACATTGAAGA-1	R2	10X	13	R2_2	tumour	/mnt/iribhm/homes/aste0033/projects/MPNST/scDNA/CHISEL/10X/FIT208A4/rdr.tsv
GCTGCGAGTATGTAGA-1	R2	10X	13	R2_2	tumour	/mnt/iribhm/homes/aste0033/projects/MPNST/scDNA/CHISEL/10X/FIT208A4/rdr.tsv
GCTGCTTAGCAGATCG-1	R2	10X	13	R2_2	tumour	/mnt/iribhm/homes/aste0033/projects/MPNST/scDNA/CHISEL/10X/FIT208A4/rdr.tsv
GCTGCTTAGTTAGGTA-1	R2	10X	13	R2_2	tumour	/mnt/iribhm/homes/aste0033/projects/MPNST/scDNA/CHISEL/10X/FIT208A4/rdr.tsv
GCTGCTTCATGGCTAT-1	R2	10X	13	R2_2	tumour	/mnt/iribhm/homes/aste0033/projects/MPNST/scDNA/CHISEL/10X/FIT208A4/rdr.tsv
GCTGGGTGTACTGCTA-1	R2	10X	13	R2_2	tumour	/mnt/iribhm/homes/aste0033/projects/MPNST/scDNA/CHISEL/10X/FIT208A4/rdr.tsv
GCTTCCAGTCAGCCGT-1	R2	10X	13	R2_2	tumour	/mnt/iribhm/homes/aste0033/projects/MPNST/scDNA/CHISEL/10X/FIT208A4/rdr.tsv
GCTTGAAAGCGTTGCC-1	R2	10X	13	R2_2	tumour	/mnt/iribhm/homes/aste0033/projects/MPNST/scDNA/CHISEL/10X/FIT208A4/rdr.tsv
GGAATAAAGTGGGCTA-1	R2	10X	13	R2_2	tumour	/mnt/iribhm/homes/aste0033/projects/MPNST/scDNA/CHISEL/10X/FIT208A4/rdr.tsv
GGAATAAAGTGTGATA-1	R2	10X	13	R2_2	tumour	/mnt/iribhm/homes/aste0033/projects/MPNST/scDNA/CHISEL/10X/FIT208A4/rdr.tsv
GGAATAATCGAGTATC-1	R2	10X	13	R2_2	tumour	/mnt/iribhm/homes/aste0033/projects/MPNST/scDNA/CHISEL/10X/FIT208A4/rdr.tsv
GGACAAGAGATTACCC-1	R2	10X	13	R2_2	tumour	/mnt/iribhm/homes/aste0033/projects/MPNST/scDNA/CHISEL/10X/FIT208A4/rdr.tsv
GGACAAGGTCATGCTA-1	R2	10X	13	R2_2	tumour	/mnt/iribhm/homes/aste0033/projects/MPNST/scDNA/CHISEL/10X/FIT208A4/rdr.tsv
GGACAGAAGACAAGCC-1	R2	10X	13	R2_2	tumour	/mnt/iribhm/homes/aste0033/projects/MPNST/scDNA/CHISEL/10X/FIT208A4/rdr.tsv
GGACAGAAGGCTAGAC-1	R2	10X	13	R2_2	tumour	/mnt/iribhm/homes/aste0033/projects/MPNST/scDNA/CHISEL/10X/FIT208A4/rdr.tsv
GGACGTCCACTAGGCC-1	R2	10X	13	R2_2	tumour	/mnt/iribhm/homes/aste0033/projects/MPNST/scDNA/CHISEL/10X/FIT208A4/rdr.tsv
GGAGCAAAGAATGTTG-1	R2	10X	13	R2_2	tumour	/mnt/iribhm/homes/aste0033/projects/MPNST/scDNA/CHISEL/10X/FIT208A4/rdr.tsv
GGAGCAATCCACTGCT-1	R2	10X	13	R2_2	tumour	/mnt/iribhm/homes/aste0033/projects/MPNST/scDNA/CHISEL/10X/FIT208A4/rdr.tsv
GGAGCAATCGTTATTC-1	R2	10X	13	R2_2	tumour	/mnt/iribhm/homes/aste0033/projects/MPNST/scDNA/CHISEL/10X/FIT208A4/rdr.tsv
GGATGTTCAACAACTC-1	R2	10X	13	R2_2	tumour	/mnt/iribhm/homes/aste0033/projects/MPNST/scDNA/CHISEL/10X/FIT208A4/rdr.tsv
GGCGACTTCAGGGACA-1	R2	10X	13	R2_2	tumour	/mnt/iribhm/homes/aste0033/projects/MPNST/scDNA/CHISEL/10X/FIT208A4/rdr.tsv
GGCGTGTCACGATCTA-1	R2	10X	13	R2_2	tumour	/mnt/iribhm/homes/aste0033/projects/MPNST/scDNA/CHISEL/10X/FIT208A4/rdr.tsv
GGCTCGACACTACGTA-1	R2	10X	13	R2_2	tumour	/mnt/iribhm/homes/aste0033/projects/MPNST/scDNA/CHISEL/10X/FIT208A4/rdr.tsv
GGCTCGACATTACGCA-1	R2	10X	13	R2_2	tumour	/mnt/iribhm/homes/aste0033/projects/MPNST/scDNA/CHISEL/10X/FIT208A4/rdr.tsv
GGGAATGTCATCAGCA-1	R2	10X	13	R2_2	tumour	/mnt/iribhm/homes/aste0033/projects/MPNST/scDNA/CHISEL/10X/FIT208A4/rdr.tsv
GGGACCTAGCTTTGGT-1	R2	10X	13	R2_2	tumour	/mnt/iribhm/homes/aste0033/projects/MPNST/scDNA/CHISEL/10X/FIT208A4/rdr.tsv
GGGTCTGTCCTTCGCA-1	R2	10X	13	R2_2	tumour	/mnt/iribhm/homes/aste0033/projects/MPNST/scDNA/CHISEL/10X/FIT208A4/rdr.tsv
GGTGTTAGTGGTGCAA-1	R2	10X	13	R2_2	tumour	/mnt/iribhm/homes/aste0033/projects/MPNST/scDNA/CHISEL/10X/FIT208A4/rdr.tsv
GTACTCCGTGCTATTG-1	R2	10X	13	R2_2	tumour	/mnt/iribhm/homes/aste0033/projects/MPNST/scDNA/CHISEL/10X/FIT208A4/rdr.tsv
GTACTTTCACGAGATG-1	R2	10X	13	R2_2	tumour	/mnt/iribhm/homes/aste0033/projects/MPNST/scDNA/CHISEL/10X/FIT208A4/rdr.tsv
GTAGTCATCATGGGCC-1	R2	10X	13	R2_2	tumour	/mnt/iribhm/homes/aste0033/projects/MPNST/scDNA/CHISEL/10X/FIT208A4/rdr.tsv
GTATCTTGTGGCAACA-1	R2	10X	13	R2_2	tumour	/mnt/iribhm/homes/aste0033/projects/MPNST/scDNA/CHISEL/10X/FIT208A4/rdr.tsv
GTATTCTAGCCAACAG-1	R2	10X	13	R2_2	tumour	/mnt/iribhm/homes/aste0033/projects/MPNST/scDNA/CHISEL/10X/FIT208A4/rdr.tsv
GTCACAAGTCAACCGC-1	R2	10X	13	R2_2	tumour	/mnt/iribhm/homes/aste0033/projects/MPNST/scDNA/CHISEL/10X/FIT208A4/rdr.tsv
GTCACGGGTTAACCTG-1	R2	10X	13	R2_2	tumour	/mnt/iribhm/homes/aste0033/projects/MPNST/scDNA/CHISEL/10X/FIT208A4/rdr.tsv
GTCCTCACACGTAGGA-1	R2	10X	13	R2_2	tumour	/mnt/iribhm/homes/aste0033/projects/MPNST/scDNA/CHISEL/10X/FIT208A4/rdr.tsv
GTCTCGTTCTATGGTG-1	R2	10X	13	R2_2	tumour	/mnt/iribhm/homes/aste0033/projects/MPNST/scDNA/CHISEL/10X/FIT208A4/rdr.tsv
GTCTTCGAGTTGTCGT-1	R2	10X	13	R2_2	tumour	/mnt/iribhm/homes/aste0033/projects/MPNST/scDNA/CHISEL/10X/FIT208A4/rdr.tsv
GTGAAGGGTTATCCGA-1	R2	10X	13	R2_2	tumour	/mnt/iribhm/homes/aste0033/projects/MPNST/scDNA/CHISEL/10X/FIT208A4/rdr.tsv
GTGAAGGTCGAACCCG-1	R2	10X	13	R2_2	tumour	/mnt/iribhm/homes/aste0033/projects/MPNST/scDNA/CHISEL/10X/FIT208A4/rdr.tsv
GTGCAGCAGCGTAATA-1	R2	10X	13	R2_2	tumour	/mnt/iribhm/homes/aste0033/projects/MPNST/scDNA/CHISEL/10X/FIT208A4/rdr.tsv
GTGCAGCAGCGTCAAG-1	R2	10X	13	R2_2	tumour	/mnt/iribhm/homes/aste0033/projects/MPNST/scDNA/CHISEL/10X/FIT208A4/rdr.tsv
GTGCAGCTCGCGGACT-1	R2	10X	13	R2_2	tumour	/mnt/iribhm/homes/aste0033/projects/MPNST/scDNA/CHISEL/10X/FIT208A4/rdr.tsv
GTGCATAAGACTTGAA-1	R2	10X	13	R2_2	tumour	/mnt/iribhm/homes/aste0033/projects/MPNST/scDNA/CHISEL/10X/FIT208A4/rdr.tsv
GTGCATAGTCAACATC-1	R2	10X	13	R2_2	tumour	/mnt/iribhm/homes/aste0033/projects/MPNST/scDNA/CHISEL/10X/FIT208A4/rdr.tsv
GTGCATATCTCCGGAG-1	R2	10X	13	R2_2	tumour	/mnt/iribhm/homes/aste0033/projects/MPNST/scDNA/CHISEL/10X/FIT208A4/rdr.tsv
GTGCATATCTGGGACC-1	R2	10X	13	R2_2	tumour	/mnt/iribhm/homes/aste0033/projects/MPNST/scDNA/CHISEL/10X/FIT208A4/rdr.tsv
GTGCGGTCAGATGAAT-1	R2	10X	13	R2_2	tumour	/mnt/iribhm/homes/aste0033/projects/MPNST/scDNA/CHISEL/10X/FIT208A4/rdr.tsv
GTGCTTCCAAGACGCA-1	R2	10X	13	R2_2	tumour	/mnt/iribhm/homes/aste0033/projects/MPNST/scDNA/CHISEL/10X/FIT208A4/rdr.tsv
GTGCTTCTCGTGTGGC-1	R2	10X	13	R2_2	tumour	/mnt/iribhm/homes/aste0033/projects/MPNST/scDNA/CHISEL/10X/FIT208A4/rdr.tsv
GTGGGTCCAAACCGAG-1	R2	10X	13	R2_2	tumour	/mnt/iribhm/homes/aste0033/projects/MPNST/scDNA/CHISEL/10X/FIT208A4/rdr.tsv
GTTAAGCCAGAACCAG-1	R2	10X	13	R2_2	tumour	/mnt/iribhm/homes/aste0033/projects/MPNST/scDNA/CHISEL/10X/FIT208A4/rdr.tsv
GTTAAGCGTTGGAACG-1	R2	10X	13	R2_2	tumour	/mnt/iribhm/homes/aste0033/projects/MPNST/scDNA/CHISEL/10X/FIT208A4/rdr.tsv
GTTCGGGCAAGAACTA-1	R2	10X	13	R2_2	tumour	/mnt/iribhm/homes/aste0033/projects/MPNST/scDNA/CHISEL/10X/FIT208A4/rdr.tsv
GTTCGGGGTCTCTCTG-1	R2	10X	13	R2_2	tumour	/mnt/iribhm/homes/aste0033/projects/MPNST/scDNA/CHISEL/10X/FIT208A4/rdr.tsv
GTTCTCGAGGTGTGCA-1	R2	10X	13	R2_2	tumour	/mnt/iribhm/homes/aste0033/projects/MPNST/scDNA/CHISEL/10X/FIT208A4/rdr.tsv
GTTCTCGCAAGGCCCT-1	R2	10X	13	R2_2	tumour	/mnt/iribhm/homes/aste0033/projects/MPNST/scDNA/CHISEL/10X/FIT208A4/rdr.tsv
GTTCTCGCATTCTTGT-1	R2	10X	13	R2_2	tumour	/mnt/iribhm/homes/aste0033/projects/MPNST/scDNA/CHISEL/10X/FIT208A4/rdr.tsv
GTTCTCGTCTGGGCTG-1	R2	10X	13	R2_2	tumour	/mnt/iribhm/homes/aste0033/projects/MPNST/scDNA/CHISEL/10X/FIT208A4/rdr.tsv
GTTTCTAAGCCTGATT-1	R2	10X	13	R2_2	tumour	/mnt/iribhm/homes/aste0033/projects/MPNST/scDNA/CHISEL/10X/FIT208A4/rdr.tsv
GTTTCTAGTTAAACGA-1	R2	10X	13	R2_2	tumour	/mnt/iribhm/homes/aste0033/projects/MPNST/scDNA/CHISEL/10X/FIT208A4/rdr.tsv
GTTTCTATCTCCATGC-1	R2	10X	13	R2_2	tumour	/mnt/iribhm/homes/aste0033/projects/MPNST/scDNA/CHISEL/10X/FIT208A4/rdr.tsv
TAAGAGACAAGACTTC-1	R2	10X	13	R2_2	tumour	/mnt/iribhm/homes/aste0033/projects/MPNST/scDNA/CHISEL/10X/FIT208A4/rdr.tsv
TAAGAGAGTTGGTATC-1	R2	10X	13	R2_2	tumour	/mnt/iribhm/homes/aste0033/projects/MPNST/scDNA/CHISEL/10X/FIT208A4/rdr.tsv
TAAGAGATCGTAGCGC-1	R2	10X	13	R2_2	tumour	/mnt/iribhm/homes/aste0033/projects/MPNST/scDNA/CHISEL/10X/FIT208A4/rdr.tsv
TAAGCGTTCCTCTGTG-1	R2	10X	13	R2_2	tumour	/mnt/iribhm/homes/aste0033/projects/MPNST/scDNA/CHISEL/10X/FIT208A4/rdr.tsv
TAAGTGCGTTTAGCAC-1	R2	10X	13	R2_2	tumour	/mnt/iribhm/homes/aste0033/projects/MPNST/scDNA/CHISEL/10X/FIT208A4/rdr.tsv
TACACGAAGCCAAACG-1	R2	10X	13	R2_2	tumour	/mnt/iribhm/homes/aste0033/projects/MPNST/scDNA/CHISEL/10X/FIT208A4/rdr.tsv
TACACGAAGCGAACTG-1	R2	10X	13	R2_2	tumour	/mnt/iribhm/homes/aste0033/projects/MPNST/scDNA/CHISEL/10X/FIT208A4/rdr.tsv
TACACGAGTCGGAAGT-1	R2	10X	13	R2_2	tumour	/mnt/iribhm/homes/aste0033/projects/MPNST/scDNA/CHISEL/10X/FIT208A4/rdr.tsv
TACACGAGTTATGCGT-1	R2	10X	13	R2_2	tumour	/mnt/iribhm/homes/aste0033/projects/MPNST/scDNA/CHISEL/10X/FIT208A4/rdr.tsv
TACACGATCGCTCTAC-1	R2	10X	13	R2_2	tumour	/mnt/iribhm/homes/aste0033/projects/MPNST/scDNA/CHISEL/10X/FIT208A4/rdr.tsv
TACAGTGCAGTTTGCA-1	R2	10X	13	R2_2	tumour	/mnt/iribhm/homes/aste0033/projects/MPNST/scDNA/CHISEL/10X/FIT208A4/rdr.tsv
TACCTTAGTAAGATGT-1	R2	10X	13	R2_2	tumour	/mnt/iribhm/homes/aste0033/projects/MPNST/scDNA/CHISEL/10X/FIT208A4/rdr.tsv
TACGGATCAAGACTTC-1	R2	10X	13	R2_2	tumour	/mnt/iribhm/homes/aste0033/projects/MPNST/scDNA/CHISEL/10X/FIT208A4/rdr.tsv
TACGGATGTCCTCCAT-1	R2	10X	13	R2_2	tumour	/mnt/iribhm/homes/aste0033/projects/MPNST/scDNA/CHISEL/10X/FIT208A4/rdr.tsv
TACGGATTCAAGAGGC-1	R2	10X	13	R2_2	tumour	/mnt/iribhm/homes/aste0033/projects/MPNST/scDNA/CHISEL/10X/FIT208A4/rdr.tsv
TACGGTATCATATCTC-1	R2	10X	13	R2_2	tumour	/mnt/iribhm/homes/aste0033/projects/MPNST/scDNA/CHISEL/10X/FIT208A4/rdr.tsv
TACTCGCGTGATTGTC-1	R2	10X	13	R2_2	tumour	/mnt/iribhm/homes/aste0033/projects/MPNST/scDNA/CHISEL/10X/FIT208A4/rdr.tsv
TAGAGCTAGAAACCCG-1	R2	10X	13	R2_2	tumour	/mnt/iribhm/homes/aste0033/projects/MPNST/scDNA/CHISEL/10X/FIT208A4/rdr.tsv
TAGGCATCATGAGACG-1	R2	10X	13	R2_2	tumour	/mnt/iribhm/homes/aste0033/projects/MPNST/scDNA/CHISEL/10X/FIT208A4/rdr.tsv
TAGTGGTAGTACGTAA-1	R2	10X	13	R2_2	tumour	/mnt/iribhm/homes/aste0033/projects/MPNST/scDNA/CHISEL/10X/FIT208A4/rdr.tsv
TAGTGGTGTAGGGACT-1	R2	10X	13	R2_2	tumour	/mnt/iribhm/homes/aste0033/projects/MPNST/scDNA/CHISEL/10X/FIT208A4/rdr.tsv
TAGTGGTGTCATACCA-1	R2	10X	13	R2_2	tumour	/mnt/iribhm/homes/aste0033/projects/MPNST/scDNA/CHISEL/10X/FIT208A4/rdr.tsv
TAGTTGGGTAGACGAC-1	R2	10X	13	R2_2	tumour	/mnt/iribhm/homes/aste0033/projects/MPNST/scDNA/CHISEL/10X/FIT208A4/rdr.tsv
TAGTTGGTCCAGGAAG-1	R2	10X	13	R2_2	tumour	/mnt/iribhm/homes/aste0033/projects/MPNST/scDNA/CHISEL/10X/FIT208A4/rdr.tsv
TATCAGGAGATCTGAA-1	R2	10X	13	R2_2	tumour	/mnt/iribhm/homes/aste0033/projects/MPNST/scDNA/CHISEL/10X/FIT208A4/rdr.tsv
TATCAGGTCTGTCGAA-1	R2	10X	13	R2_2	tumour	/mnt/iribhm/homes/aste0033/projects/MPNST/scDNA/CHISEL/10X/FIT208A4/rdr.tsv
TATCTCAAGCGTCAAG-1	R2	10X	13	R2_2	tumour	/mnt/iribhm/homes/aste0033/projects/MPNST/scDNA/CHISEL/10X/FIT208A4/rdr.tsv
TATCTCAGTTTCCGAA-1	R2	10X	13	R2_2	tumour	/mnt/iribhm/homes/aste0033/projects/MPNST/scDNA/CHISEL/10X/FIT208A4/rdr.tsv
TATGCCCAGGAATGGA-1	R2	10X	13	R2_2	tumour	/mnt/iribhm/homes/aste0033/projects/MPNST/scDNA/CHISEL/10X/FIT208A4/rdr.tsv
TATGCCCTCTCATCCG-1	R2	10X	13	R2_2	tumour	/mnt/iribhm/homes/aste0033/projects/MPNST/scDNA/CHISEL/10X/FIT208A4/rdr.tsv
TATTACCAGATGTAAC-1	R2	10X	13	R2_2	tumour	/mnt/iribhm/homes/aste0033/projects/MPNST/scDNA/CHISEL/10X/FIT208A4/rdr.tsv
TATTACCGTGAAAGAG-1	R2	10X	13	R2_2	tumour	/mnt/iribhm/homes/aste0033/projects/MPNST/scDNA/CHISEL/10X/FIT208A4/rdr.tsv
TCAATCTTCGTAACCA-1	R2	10X	13	R2_2	tumour	/mnt/iribhm/homes/aste0033/projects/MPNST/scDNA/CHISEL/10X/FIT208A4/rdr.tsv
TCACAAGTCTCCTGGT-1	R2	10X	13	R2_2	tumour	/mnt/iribhm/homes/aste0033/projects/MPNST/scDNA/CHISEL/10X/FIT208A4/rdr.tsv
TCAGATGAGTGTCTCA-1	R2	10X	13	R2_2	tumour	/mnt/iribhm/homes/aste0033/projects/MPNST/scDNA/CHISEL/10X/FIT208A4/rdr.tsv
TCAGATGGTGCAAACG-1	R2	10X	13	R2_2	tumour	/mnt/iribhm/homes/aste0033/projects/MPNST/scDNA/CHISEL/10X/FIT208A4/rdr.tsv
TCAGCAATCAGAGTAA-1	R2	10X	13	R2_2	tumour	/mnt/iribhm/homes/aste0033/projects/MPNST/scDNA/CHISEL/10X/FIT208A4/rdr.tsv
TCAGCTCAGAAGGTGA-1	R2	10X	13	R2_2	tumour	/mnt/iribhm/homes/aste0033/projects/MPNST/scDNA/CHISEL/10X/FIT208A4/rdr.tsv
TCAGGTAAGGCTCTTA-1	R2	10X	13	R2_2	tumour	/mnt/iribhm/homes/aste0033/projects/MPNST/scDNA/CHISEL/10X/FIT208A4/rdr.tsv
TCATTTGCATACGGAG-1	R2	10X	13	R2_2	tumour	/mnt/iribhm/homes/aste0033/projects/MPNST/scDNA/CHISEL/10X/FIT208A4/rdr.tsv
TCCCGATCAACTCATG-1	R2	10X	13	R2_2	tumour	/mnt/iribhm/homes/aste0033/projects/MPNST/scDNA/CHISEL/10X/FIT208A4/rdr.tsv
TCCCGATGTGGAAGGG-1	R2	10X	13	R2_2	tumour	/mnt/iribhm/homes/aste0033/projects/MPNST/scDNA/CHISEL/10X/FIT208A4/rdr.tsv
TCCCGATTCAGCGGCT-1	R2	10X	13	R2_2	tumour	/mnt/iribhm/homes/aste0033/projects/MPNST/scDNA/CHISEL/10X/FIT208A4/rdr.tsv
TCGAGGCTCATTTGCT-1	R2	10X	13	R2_2	tumour	/mnt/iribhm/homes/aste0033/projects/MPNST/scDNA/CHISEL/10X/FIT208A4/rdr.tsv
TCGCGAGAGGCGACAT-1	R2	10X	13	R2_2	tumour	/mnt/iribhm/homes/aste0033/projects/MPNST/scDNA/CHISEL/10X/FIT208A4/rdr.tsv
TCGCGTTTCTGTATGG-1	R2	10X	13	R2_2	tumour	/mnt/iribhm/homes/aste0033/projects/MPNST/scDNA/CHISEL/10X/FIT208A4/rdr.tsv
TCGGGACCAGGGAAGG-1	R2	10X	13	R2_2	tumour	/mnt/iribhm/homes/aste0033/projects/MPNST/scDNA/CHISEL/10X/FIT208A4/rdr.tsv
TCGGGACGTGCGAAAC-1	R2	10X	13	R2_2	tumour	/mnt/iribhm/homes/aste0033/projects/MPNST/scDNA/CHISEL/10X/FIT208A4/rdr.tsv
TCGGGACTCTGAAGGG-1	R2	10X	13	R2_2	tumour	/mnt/iribhm/homes/aste0033/projects/MPNST/scDNA/CHISEL/10X/FIT208A4/rdr.tsv
TCGGTAATCCTACCTG-1	R2	10X	13	R2_2	tumour	/mnt/iribhm/homes/aste0033/projects/MPNST/scDNA/CHISEL/10X/FIT208A4/rdr.tsv
TCGTACCAGGCAGTCA-1	R2	10X	13	R2_2	tumour	/mnt/iribhm/homes/aste0033/projects/MPNST/scDNA/CHISEL/10X/FIT208A4/rdr.tsv
TCTATTGAGCGATGAC-1	R2	10X	13	R2_2	tumour	/mnt/iribhm/homes/aste0033/projects/MPNST/scDNA/CHISEL/10X/FIT208A4/rdr.tsv
TCTATTGTCTTAGCTT-1	R2	10X	13	R2_2	tumour	/mnt/iribhm/homes/aste0033/projects/MPNST/scDNA/CHISEL/10X/FIT208A4/rdr.tsv
TCTCTAAAGATCCGAG-1	R2	10X	13	R2_2	tumour	/mnt/iribhm/homes/aste0033/projects/MPNST/scDNA/CHISEL/10X/FIT208A4/rdr.tsv
TCTCTAAGTACTGCTA-1	R2	10X	13	R2_2	tumour	/mnt/iribhm/homes/aste0033/projects/MPNST/scDNA/CHISEL/10X/FIT208A4/rdr.tsv
TCTGAGACAACATAGA-1	R2	10X	13	R2_2	tumour	/mnt/iribhm/homes/aste0033/projects/MPNST/scDNA/CHISEL/10X/FIT208A4/rdr.tsv
TCTGGAACACGCGATC-1	R2	10X	13	R2_2	tumour	/mnt/iribhm/homes/aste0033/projects/MPNST/scDNA/CHISEL/10X/FIT208A4/rdr.tsv
TCTTCGGGTAGATGTA-1	R2	10X	13	R2_2	tumour	/mnt/iribhm/homes/aste0033/projects/MPNST/scDNA/CHISEL/10X/FIT208A4/rdr.tsv
TCTTTCCCACATTCAG-1	R2	10X	13	R2_2	tumour	/mnt/iribhm/homes/aste0033/projects/MPNST/scDNA/CHISEL/10X/FIT208A4/rdr.tsv
TCTTTCCGTCATACCA-1	R2	10X	13	R2_2	tumour	/mnt/iribhm/homes/aste0033/projects/MPNST/scDNA/CHISEL/10X/FIT208A4/rdr.tsv
TCTTTCCTCTCGGAAT-1	R5	10X	13	R2_2	tumour	/mnt/iribhm/homes/aste0033/projects/MPNST/scDNA/CHISEL/10X/FIT208A7/rdr.tsv
TGAAAGATCACACCTC-1	R2	10X	13	R2_2	tumour	/mnt/iribhm/homes/aste0033/projects/MPNST/scDNA/CHISEL/10X/FIT208A4/rdr.tsv
TGACAACGTAACTAAG-1	R2	10X	13	R2_2	tumour	/mnt/iribhm/homes/aste0033/projects/MPNST/scDNA/CHISEL/10X/FIT208A4/rdr.tsv
TGACGGCAGAGAACAG-1	R2	10X	13	R2_2	tumour	/mnt/iribhm/homes/aste0033/projects/MPNST/scDNA/CHISEL/10X/FIT208A4/rdr.tsv
TGACGGCAGCCCGTGT-1	R2	10X	13	R2_2	tumour	/mnt/iribhm/homes/aste0033/projects/MPNST/scDNA/CHISEL/10X/FIT208A4/rdr.tsv
TGACTAGGTAGCCCTG-1	R2	10X	13	R2_2	tumour	/mnt/iribhm/homes/aste0033/projects/MPNST/scDNA/CHISEL/10X/FIT208A4/rdr.tsv
TGACTAGGTGAAGCCA-1	R2	10X	13	R2_2	tumour	/mnt/iribhm/homes/aste0033/projects/MPNST/scDNA/CHISEL/10X/FIT208A4/rdr.tsv
TGAGAGGCAACCGGAA-1	R2	10X	13	R2_2	tumour	/mnt/iribhm/homes/aste0033/projects/MPNST/scDNA/CHISEL/10X/FIT208A4/rdr.tsv
TGAGAGGTCCCTAAGA-1	R2	10X	13	R2_2	tumour	/mnt/iribhm/homes/aste0033/projects/MPNST/scDNA/CHISEL/10X/FIT208A4/rdr.tsv
TGAGCATCATTCCGAA-1	R2	10X	13	R2_2	tumour	/mnt/iribhm/homes/aste0033/projects/MPNST/scDNA/CHISEL/10X/FIT208A4/rdr.tsv
TGAGCATTCTACAAGC-1	R2	10X	13	R2_2	tumour	/mnt/iribhm/homes/aste0033/projects/MPNST/scDNA/CHISEL/10X/FIT208A4/rdr.tsv
TGAGCCGGTAGATGCG-1	R2	10X	13	R2_2	tumour	/mnt/iribhm/homes/aste0033/projects/MPNST/scDNA/CHISEL/10X/FIT208A4/rdr.tsv
TGAGCCGGTCTTCGTC-1	R2	10X	13	R2_2	tumour	/mnt/iribhm/homes/aste0033/projects/MPNST/scDNA/CHISEL/10X/FIT208A4/rdr.tsv
TGAGCCGTCATTGTTC-1	R2	10X	13	R2_2	tumour	/mnt/iribhm/homes/aste0033/projects/MPNST/scDNA/CHISEL/10X/FIT208A4/rdr.tsv
TGAGGGAAGACAGTTA-1	R2	10X	13	R2_2	tumour	/mnt/iribhm/homes/aste0033/projects/MPNST/scDNA/CHISEL/10X/FIT208A4/rdr.tsv
TGATTTCTCACTCATT-1	R2	10X	13	R2_2	tumour	/mnt/iribhm/homes/aste0033/projects/MPNST/scDNA/CHISEL/10X/FIT208A4/rdr.tsv
TGCCAAAGTATTCGTG-1	R2	10X	13	R2_2	tumour	/mnt/iribhm/homes/aste0033/projects/MPNST/scDNA/CHISEL/10X/FIT208A4/rdr.tsv
TGCCAAATCGGAAGAC-1	R2	10X	13	R2_2	tumour	/mnt/iribhm/homes/aste0033/projects/MPNST/scDNA/CHISEL/10X/FIT208A4/rdr.tsv
TGCCCATTCAAGACAA-1	R1	10X	13	R2_2	tumour	/mnt/iribhm/homes/aste0033/projects/MPNST/scDNA/CHISEL/10X/FIT208A3/rdr.tsv
TGCCCATTCCAGTCTC-1	R2	10X	13	R2_2	tumour	/mnt/iribhm/homes/aste0033/projects/MPNST/scDNA/CHISEL/10X/FIT208A4/rdr.tsv
TGCCCTAGTGCATCTA-1	R2	10X	13	R2_2	tumour	/mnt/iribhm/homes/aste0033/projects/MPNST/scDNA/CHISEL/10X/FIT208A4/rdr.tsv
TGCCCTATCTATTGCT-1	R2	10X	13	R2_2	tumour	/mnt/iribhm/homes/aste0033/projects/MPNST/scDNA/CHISEL/10X/FIT208A4/rdr.tsv
TGCGCAGGTTGGAGCA-1	R2	10X	13	R2_2	tumour	/mnt/iribhm/homes/aste0033/projects/MPNST/scDNA/CHISEL/10X/FIT208A4/rdr.tsv
TGCGCAGTCGGATCCG-1	R2	10X	13	R2_2	tumour	/mnt/iribhm/homes/aste0033/projects/MPNST/scDNA/CHISEL/10X/FIT208A4/rdr.tsv
TGCGTGGCAACTTTCT-1	R2	10X	13	R2_2	tumour	/mnt/iribhm/homes/aste0033/projects/MPNST/scDNA/CHISEL/10X/FIT208A4/rdr.tsv
TGCTACCCAATGTAGA-1	R2	10X	13	R2_2	tumour	/mnt/iribhm/homes/aste0033/projects/MPNST/scDNA/CHISEL/10X/FIT208A4/rdr.tsv
TGCTGCTAGATGTCTC-1	R2	10X	13	R2_2	tumour	/mnt/iribhm/homes/aste0033/projects/MPNST/scDNA/CHISEL/10X/FIT208A4/rdr.tsv
TGGCCAGAGATTACCC-1	R2	10X	13	R2_2	tumour	/mnt/iribhm/homes/aste0033/projects/MPNST/scDNA/CHISEL/10X/FIT208A4/rdr.tsv
TGGCGCATCGTAGCGC-1	R2	10X	13	R2_2	tumour	/mnt/iribhm/homes/aste0033/projects/MPNST/scDNA/CHISEL/10X/FIT208A4/rdr.tsv
TGGCTGGCACCAATAC-1	R2	10X	13	R2_2	tumour	/mnt/iribhm/homes/aste0033/projects/MPNST/scDNA/CHISEL/10X/FIT208A4/rdr.tsv
TGGTTAGAGATTGAGT-1	R2	10X	13	R2_2	tumour	/mnt/iribhm/homes/aste0033/projects/MPNST/scDNA/CHISEL/10X/FIT208A4/rdr.tsv
TGGTTAGCATGCAGTT-1	R2	10X	13	R2_2	tumour	/mnt/iribhm/homes/aste0033/projects/MPNST/scDNA/CHISEL/10X/FIT208A4/rdr.tsv
TGGTTAGTCGAGTACT-1	R2	10X	13	R2_2	tumour	/mnt/iribhm/homes/aste0033/projects/MPNST/scDNA/CHISEL/10X/FIT208A4/rdr.tsv
TGGTTCCGTGCGCTTG-1	R2	10X	13	R2_2	tumour	/mnt/iribhm/homes/aste0033/projects/MPNST/scDNA/CHISEL/10X/FIT208A4/rdr.tsv
TGTATTCAGGTGCTTT-1	R2	10X	13	R2_2	tumour	/mnt/iribhm/homes/aste0033/projects/MPNST/scDNA/CHISEL/10X/FIT208A4/rdr.tsv
TGTCCCACACAATCAC-1	R2	10X	13	R2_2	tumour	/mnt/iribhm/homes/aste0033/projects/MPNST/scDNA/CHISEL/10X/FIT208A4/rdr.tsv
TGTGGTAAGCCCGAAA-1	R2	10X	13	R2_2	tumour	/mnt/iribhm/homes/aste0033/projects/MPNST/scDNA/CHISEL/10X/FIT208A4/rdr.tsv
TGTGGTACACTTGCAA-1	R2	10X	13	R2_2	tumour	/mnt/iribhm/homes/aste0033/projects/MPNST/scDNA/CHISEL/10X/FIT208A4/rdr.tsv
TGTGTTTAGCCCGTGT-1	R2	10X	13	R2_2	tumour	/mnt/iribhm/homes/aste0033/projects/MPNST/scDNA/CHISEL/10X/FIT208A4/rdr.tsv
TGTTCCGAGAGTCCTT-1	R2	10X	13	R2_2	tumour	/mnt/iribhm/homes/aste0033/projects/MPNST/scDNA/CHISEL/10X/FIT208A4/rdr.tsv
TTAACTCTCTCTAGTT-1	R2	10X	13	R2_2	tumour	/mnt/iribhm/homes/aste0033/projects/MPNST/scDNA/CHISEL/10X/FIT208A4/rdr.tsv
TTAGGCAAGCGTGAGT-1	R2	10X	13	R2_2	tumour	/mnt/iribhm/homes/aste0033/projects/MPNST/scDNA/CHISEL/10X/FIT208A4/rdr.tsv
TTAGGCAGTTTCCGAA-1	R2	10X	13	R2_2	tumour	/mnt/iribhm/homes/aste0033/projects/MPNST/scDNA/CHISEL/10X/FIT208A4/rdr.tsv
TTATGCTCATCATGCA-1	R2	10X	13	R2_2	tumour	/mnt/iribhm/homes/aste0033/projects/MPNST/scDNA/CHISEL/10X/FIT208A4/rdr.tsv
TTCGAAGCAATCCGTA-1	R2	10X	13	R2_2	tumour	/mnt/iribhm/homes/aste0033/projects/MPNST/scDNA/CHISEL/10X/FIT208A4/rdr.tsv
TTCTACAAGGTGTAGC-1	R2	10X	13	R2_2	tumour	/mnt/iribhm/homes/aste0033/projects/MPNST/scDNA/CHISEL/10X/FIT208A4/rdr.tsv
TTCTACATCCGTCTAC-1	R2	10X	13	R2_2	tumour	/mnt/iribhm/homes/aste0033/projects/MPNST/scDNA/CHISEL/10X/FIT208A4/rdr.tsv
TTCTCAAGTGCATCTA-1	R2	10X	13	R2_2	tumour	/mnt/iribhm/homes/aste0033/projects/MPNST/scDNA/CHISEL/10X/FIT208A4/rdr.tsv
TTCTTAGGTGGAAAGA-1	R2	10X	13	R2_2	tumour	/mnt/iribhm/homes/aste0033/projects/MPNST/scDNA/CHISEL/10X/FIT208A4/rdr.tsv
TTGAACGTCGCTATTT-1	R2	10X	13	R2_2	tumour	/mnt/iribhm/homes/aste0033/projects/MPNST/scDNA/CHISEL/10X/FIT208A4/rdr.tsv
TTGGAACAGACAGACC-1	R2	10X	13	R2_2	tumour	/mnt/iribhm/homes/aste0033/projects/MPNST/scDNA/CHISEL/10X/FIT208A4/rdr.tsv
TTGGAACCACGAAGGT-1	R2	10X	13	R2_2	tumour	/mnt/iribhm/homes/aste0033/projects/MPNST/scDNA/CHISEL/10X/FIT208A4/rdr.tsv
TTGGAACGTGGAAGGG-1	R2	10X	13	R2_2	tumour	/mnt/iribhm/homes/aste0033/projects/MPNST/scDNA/CHISEL/10X/FIT208A4/rdr.tsv
TTGGAACGTTGTCGCG-1	R2	10X	13	R2_2	tumour	/mnt/iribhm/homes/aste0033/projects/MPNST/scDNA/CHISEL/10X/FIT208A4/rdr.tsv
TTGGAACTCCCGCATT-1	R2	10X	13	R2_2	tumour	/mnt/iribhm/homes/aste0033/projects/MPNST/scDNA/CHISEL/10X/FIT208A4/rdr.tsv
TTGGAACTCGAGGAGT-1	R2	10X	13	R2_2	tumour	/mnt/iribhm/homes/aste0033/projects/MPNST/scDNA/CHISEL/10X/FIT208A4/rdr.tsv
TTGGAACTCTCGAACA-1	R2	10X	13	R2_2	tumour	/mnt/iribhm/homes/aste0033/projects/MPNST/scDNA/CHISEL/10X/FIT208A4/rdr.tsv
TTTATGCTCAGCCACG-1	R2	10X	13	R2_2	tumour	/mnt/iribhm/homes/aste0033/projects/MPNST/scDNA/CHISEL/10X/FIT208A4/rdr.tsv
TTTGTCACATAGAGCG-1	R2	10X	13	R2_2	tumour	/mnt/iribhm/homes/aste0033/projects/MPNST/scDNA/CHISEL/10X/FIT208A4/rdr.tsv
LES4677A1_124574_14x_37y	R2	DLP	13	R2_2	tumour	/srv/home/aste0033/projects/MPNST/scDNA/CHISEL/DLPp/R2/rdr.tsv
LES4677A1_124574_14x_47y	R2	DLP	13	R2_2	tumour	/srv/home/aste0033/projects/MPNST/scDNA/CHISEL/DLPp/R2/rdr.tsv
LES4677A1_124574_14x_48y	R2	DLP	13	R2_2	tumour	/srv/home/aste0033/projects/MPNST/scDNA/CHISEL/DLPp/R2/rdr.tsv
LES4677A1_124574_14x_49y	R2	DLP	13	R2_2	tumour	/srv/home/aste0033/projects/MPNST/scDNA/CHISEL/DLPp/R2/rdr.tsv
LES4677A1_124574_14x_54y	R2	DLP	13	R2_2	tumour	/srv/home/aste0033/projects/MPNST/scDNA/CHISEL/DLPp/R2/rdr.tsv
LES4677A1_124574_14x_59y	R2	DLP	13	R2_2	tumour	/srv/home/aste0033/projects/MPNST/scDNA/CHISEL/DLPp/R2/rdr.tsv
LES4677A1_124574_15x_38y	R2	DLP	13	R2_2	tumour	/srv/home/aste0033/projects/MPNST/scDNA/CHISEL/DLPp/R2/rdr.tsv
LES4677A1_124574_15x_39y	R2	DLP	13	R2_2	tumour	/srv/home/aste0033/projects/MPNST/scDNA/CHISEL/DLPp/R2/rdr.tsv
LES4677A1_124574_15x_41y	R2	DLP	13	R2_2	tumour	/srv/home/aste0033/projects/MPNST/scDNA/CHISEL/DLPp/R2/rdr.tsv
LES4677A1_124574_15x_42y	R2	DLP	13	R2_2	tumour	/srv/home/aste0033/projects/MPNST/scDNA/CHISEL/DLPp/R2/rdr.tsv
LES4677A1_124574_15x_47y	R2	DLP	13	R2_2	tumour	/srv/home/aste0033/projects/MPNST/scDNA/CHISEL/DLPp/R2/rdr.tsv
LES4677A1_124574_15x_48y	R2	DLP	13	R2_2	tumour	/srv/home/aste0033/projects/MPNST/scDNA/CHISEL/DLPp/R2/rdr.tsv
LES4677A1_124574_15x_50y	R2	DLP	13	R2_2	tumour	/srv/home/aste0033/projects/MPNST/scDNA/CHISEL/DLPp/R2/rdr.tsv
LES4677A1_124574_15x_54y	R2	DLP	13	R2_2	tumour	/srv/home/aste0033/projects/MPNST/scDNA/CHISEL/DLPp/R2/rdr.tsv
LES4677A1_124574_15x_55y	R2	DLP	13	R2_2	tumour	/srv/home/aste0033/projects/MPNST/scDNA/CHISEL/DLPp/R2/rdr.tsv
LES4677A1_124574_15x_57y	R2	DLP	13	R2_2	tumour	/srv/home/aste0033/projects/MPNST/scDNA/CHISEL/DLPp/R2/rdr.tsv
LES4677A1_124574_16x_41y	R2	DLP	13	R2_2	tumour	/srv/home/aste0033/projects/MPNST/scDNA/CHISEL/DLPp/R2/rdr.tsv
LES4677A1_124574_16x_42y	R2	DLP	13	R2_2	tumour	/srv/home/aste0033/projects/MPNST/scDNA/CHISEL/DLPp/R2/rdr.tsv
LES4677A1_124574_16x_44y	R2	DLP	13	R2_2	tumour	/srv/home/aste0033/projects/MPNST/scDNA/CHISEL/DLPp/R2/rdr.tsv
LES4677A1_124574_16x_46y	R2	DLP	13	R2_2	tumour	/srv/home/aste0033/projects/MPNST/scDNA/CHISEL/DLPp/R2/rdr.tsv
LES4677A1_124574_16x_53y	R2	DLP	13	R2_2	tumour	/srv/home/aste0033/projects/MPNST/scDNA/CHISEL/DLPp/R2/rdr.tsv
LES4677A1_124574_16x_54y	R2	DLP	13	R2_2	tumour	/srv/home/aste0033/projects/MPNST/scDNA/CHISEL/DLPp/R2/rdr.tsv
LES4677A1_124574_16x_55y	R2	DLP	13	R2_2	tumour	/srv/home/aste0033/projects/MPNST/scDNA/CHISEL/DLPp/R2/rdr.tsv
LES4677A1_124574_16x_57y	R2	DLP	13	R2_2	tumour	/srv/home/aste0033/projects/MPNST/scDNA/CHISEL/DLPp/R2/rdr.tsv
LES4677A1_124574_17x_38y	R2	DLP	13	R2_2	tumour	/srv/home/aste0033/projects/MPNST/scDNA/CHISEL/DLPp/R2/rdr.tsv
LES4677A1_124574_17x_42y	R2	DLP	13	R2_2	tumour	/srv/home/aste0033/projects/MPNST/scDNA/CHISEL/DLPp/R2/rdr.tsv
LES4677A1_124574_17x_47y	R2	DLP	13	R2_2	tumour	/srv/home/aste0033/projects/MPNST/scDNA/CHISEL/DLPp/R2/rdr.tsv
LES4677A1_124574_17x_48y	R2	DLP	13	R2_2	tumour	/srv/home/aste0033/projects/MPNST/scDNA/CHISEL/DLPp/R2/rdr.tsv
LES4677A1_124574_17x_49y	R2	DLP	13	R2_2	tumour	/srv/home/aste0033/projects/MPNST/scDNA/CHISEL/DLPp/R2/rdr.tsv
LES4677A1_124574_17x_51y	R2	DLP	13	R2_2	tumour	/srv/home/aste0033/projects/MPNST/scDNA/CHISEL/DLPp/R2/rdr.tsv
LES4677A1_124574_17x_59y	R2	DLP	13	R2_2	tumour	/srv/home/aste0033/projects/MPNST/scDNA/CHISEL/DLPp/R2/rdr.tsv
LES4677A1_124574_18x_38y	R2	DLP	13	R2_2	tumour	/srv/home/aste0033/projects/MPNST/scDNA/CHISEL/DLPp/R2/rdr.tsv
LES4677A1_124574_18x_41y	R2	DLP	13	R2_2	tumour	/srv/home/aste0033/projects/MPNST/scDNA/CHISEL/DLPp/R2/rdr.tsv
LES4677A1_124574_18x_47y	R2	DLP	13	R2_2	tumour	/srv/home/aste0033/projects/MPNST/scDNA/CHISEL/DLPp/R2/rdr.tsv
LES4677A1_124574_18x_52y	R2	DLP	13	R2_2	tumour	/srv/home/aste0033/projects/MPNST/scDNA/CHISEL/DLPp/R2/rdr.tsv
LES4677A1_124574_18x_57y	R2	DLP	13	R2_2	tumour	/srv/home/aste0033/projects/MPNST/scDNA/CHISEL/DLPp/R2/rdr.tsv
LES4677A1_124574_19x_50y	R2	DLP	13	R2_2	tumour	/srv/home/aste0033/projects/MPNST/scDNA/CHISEL/DLPp/R2/rdr.tsv
LES4677A1_124574_19x_52y	R2	DLP	13	R2_2	tumour	/srv/home/aste0033/projects/MPNST/scDNA/CHISEL/DLPp/R2/rdr.tsv
LES4677A1_124574_19x_54y	R2	DLP	13	R2_2	tumour	/srv/home/aste0033/projects/MPNST/scDNA/CHISEL/DLPp/R2/rdr.tsv
LES4677A1_124574_19x_55y	R2	DLP	13	R2_2	tumour	/srv/home/aste0033/projects/MPNST/scDNA/CHISEL/DLPp/R2/rdr.tsv
LES4677A1_124574_19x_57y	R2	DLP	13	R2_2	tumour	/srv/home/aste0033/projects/MPNST/scDNA/CHISEL/DLPp/R2/rdr.tsv
LES4677A1_124574_19x_60y	R2	DLP	13	R2_2	tumour	/srv/home/aste0033/projects/MPNST/scDNA/CHISEL/DLPp/R2/rdr.tsv
LES4677A1_124574_20x_38y	R2	DLP	13	R2_2	tumour	/srv/home/aste0033/projects/MPNST/scDNA/CHISEL/DLPp/R2/rdr.tsv
LES4677A1_124574_20x_48y	R2	DLP	13	R2_2	tumour	/srv/home/aste0033/projects/MPNST/scDNA/CHISEL/DLPp/R2/rdr.tsv
LES4677A1_124574_20x_55y	R2	DLP	13	R2_2	tumour	/srv/home/aste0033/projects/MPNST/scDNA/CHISEL/DLPp/R2/rdr.tsv
LES4677A1_124574_21x_43y	R2	DLP	13	R2_2	tumour	/srv/home/aste0033/projects/MPNST/scDNA/CHISEL/DLPp/R2/rdr.tsv
LES4677A1_124574_21x_47y	R2	DLP	13	R2_2	tumour	/srv/home/aste0033/projects/MPNST/scDNA/CHISEL/DLPp/R2/rdr.tsv
LES4677A1_124574_21x_48y	R2	DLP	13	R2_2	tumour	/srv/home/aste0033/projects/MPNST/scDNA/CHISEL/DLPp/R2/rdr.tsv
LES4677A1_124574_21x_49y	R2	DLP	13	R2_2	tumour	/srv/home/aste0033/projects/MPNST/scDNA/CHISEL/DLPp/R2/rdr.tsv
LES4677A1_124574_21x_52y	R2	DLP	13	R2_2	tumour	/srv/home/aste0033/projects/MPNST/scDNA/CHISEL/DLPp/R2/rdr.tsv
LES4677A1_124574_21x_55y	R2	DLP	13	R2_2	tumour	/srv/home/aste0033/projects/MPNST/scDNA/CHISEL/DLPp/R2/rdr.tsv
LES4677A1_124574_21x_57y	R2	DLP	13	R2_2	tumour	/srv/home/aste0033/projects/MPNST/scDNA/CHISEL/DLPp/R2/rdr.tsv
LES4677A1_124574_21x_59y	R2	DLP	13	R2_2	tumour	/srv/home/aste0033/projects/MPNST/scDNA/CHISEL/DLPp/R2/rdr.tsv
LES4677A1_124574_22x_41y	R2	DLP	13	R2_2	tumour	/srv/home/aste0033/projects/MPNST/scDNA/CHISEL/DLPp/R2/rdr.tsv
LES4677A1_124574_22x_44y	R2	DLP	13	R2_2	tumour	/srv/home/aste0033/projects/MPNST/scDNA/CHISEL/DLPp/R2/rdr.tsv
LES4677A1_124574_22x_48y	R2	DLP	13	R2_2	tumour	/srv/home/aste0033/projects/MPNST/scDNA/CHISEL/DLPp/R2/rdr.tsv
LES4677A1_124574_22x_52y	R2	DLP	13	R2_2	tumour	/srv/home/aste0033/projects/MPNST/scDNA/CHISEL/DLPp/R2/rdr.tsv
LES4677A1_124574_22x_55y	R2	DLP	13	R2_2	tumour	/srv/home/aste0033/projects/MPNST/scDNA/CHISEL/DLPp/R2/rdr.tsv
LES4677A1_124574_23x_37y	R2	DLP	13	R2_2	tumour	/srv/home/aste0033/projects/MPNST/scDNA/CHISEL/DLPp/R2/rdr.tsv
LES4677A1_124574_23x_39y	R2	DLP	13	R2_2	tumour	/srv/home/aste0033/projects/MPNST/scDNA/CHISEL/DLPp/R2/rdr.tsv
LES4677A1_124574_23x_40y	R2	DLP	13	R2_2	tumour	/srv/home/aste0033/projects/MPNST/scDNA/CHISEL/DLPp/R2/rdr.tsv
LES4677A1_124574_23x_44y	R2	DLP	13	R2_2	tumour	/srv/home/aste0033/projects/MPNST/scDNA/CHISEL/DLPp/R2/rdr.tsv
LES4677A1_124574_23x_48y	R2	DLP	13	R2_2	tumour	/srv/home/aste0033/projects/MPNST/scDNA/CHISEL/DLPp/R2/rdr.tsv
LES4677A1_124574_23x_53y	R2	DLP	13	R2_2	tumour	/srv/home/aste0033/projects/MPNST/scDNA/CHISEL/DLPp/R2/rdr.tsv
LES4677A1_124574_23x_55y	R2	DLP	13	R2_2	tumour	/srv/home/aste0033/projects/MPNST/scDNA/CHISEL/DLPp/R2/rdr.tsv
LES4677A1_124574_23x_56y	R2	DLP	13	R2_2	tumour	/srv/home/aste0033/projects/MPNST/scDNA/CHISEL/DLPp/R2/rdr.tsv
LES4677A1_124574_24x_40y	R2	DLP	13	R2_2	tumour	/srv/home/aste0033/projects/MPNST/scDNA/CHISEL/DLPp/R2/rdr.tsv
LES4677A1_124574_24x_42y	R2	DLP	13	R2_2	tumour	/srv/home/aste0033/projects/MPNST/scDNA/CHISEL/DLPp/R2/rdr.tsv
LES4677A1_124574_24x_44y	R2	DLP	13	R2_2	tumour	/srv/home/aste0033/projects/MPNST/scDNA/CHISEL/DLPp/R2/rdr.tsv
LES4677A1_124574_24x_46y	R2	DLP	13	R2_2	tumour	/srv/home/aste0033/projects/MPNST/scDNA/CHISEL/DLPp/R2/rdr.tsv
LES4677A1_124574_24x_47y	R2	DLP	13	R2_2	tumour	/srv/home/aste0033/projects/MPNST/scDNA/CHISEL/DLPp/R2/rdr.tsv
LES4677A1_124574_24x_49y	R2	DLP	13	R2_2	tumour	/srv/home/aste0033/projects/MPNST/scDNA/CHISEL/DLPp/R2/rdr.tsv
LES4677A1_124574_25x_37y	R2	DLP	13	R2_2	tumour	/srv/home/aste0033/projects/MPNST/scDNA/CHISEL/DLPp/R2/rdr.tsv
LES4677A1_124574_25x_49y	R2	DLP	13	R2_2	tumour	/srv/home/aste0033/projects/MPNST/scDNA/CHISEL/DLPp/R2/rdr.tsv
LES4677A1_124574_25x_51y	R2	DLP	13	R2_2	tumour	/srv/home/aste0033/projects/MPNST/scDNA/CHISEL/DLPp/R2/rdr.tsv
LES4677A1_124574_25x_52y	R2	DLP	13	R2_2	tumour	/srv/home/aste0033/projects/MPNST/scDNA/CHISEL/DLPp/R2/rdr.tsv
LES4677A1_124574_25x_54y	R2	DLP	13	R2_2	tumour	/srv/home/aste0033/projects/MPNST/scDNA/CHISEL/DLPp/R2/rdr.tsv
LES4677A1_124574_26x_40y	R2	DLP	13	R2_2	tumour	/srv/home/aste0033/projects/MPNST/scDNA/CHISEL/DLPp/R2/rdr.tsv
LES4677A1_124574_26x_56y	R2	DLP	13	R2_2	tumour	/srv/home/aste0033/projects/MPNST/scDNA/CHISEL/DLPp/R2/rdr.tsv
LES4677A1_124574_27x_38y	R2	DLP	13	R2_2	tumour	/srv/home/aste0033/projects/MPNST/scDNA/CHISEL/DLPp/R2/rdr.tsv
LES4677A1_124574_27x_39y	R2	DLP	13	R2_2	tumour	/srv/home/aste0033/projects/MPNST/scDNA/CHISEL/DLPp/R2/rdr.tsv
LES4677A1_124574_27x_41y	R2	DLP	13	R2_2	tumour	/srv/home/aste0033/projects/MPNST/scDNA/CHISEL/DLPp/R2/rdr.tsv
LES4677A1_124574_27x_43y	R2	DLP	13	R2_2	tumour	/srv/home/aste0033/projects/MPNST/scDNA/CHISEL/DLPp/R2/rdr.tsv
LES4677A1_124574_27x_44y	R2	DLP	13	R2_2	tumour	/srv/home/aste0033/projects/MPNST/scDNA/CHISEL/DLPp/R2/rdr.tsv
LES4677A1_124574_27x_55y	R2	DLP	13	R2_2	tumour	/srv/home/aste0033/projects/MPNST/scDNA/CHISEL/DLPp/R2/rdr.tsv
LES4677A1_124574_27x_56y	R2	DLP	13	R2_2	tumour	/srv/home/aste0033/projects/MPNST/scDNA/CHISEL/DLPp/R2/rdr.tsv
LES4677A1_124574_28x_34y	R1	DLP	13	R2_2	tumour	/srv/home/aste0033/projects/MPNST/scDNA/CHISEL/DLPp/R1/rdr.tsv
LES4677A1_124574_28x_38y	R2	DLP	13	R2_2	tumour	/srv/home/aste0033/projects/MPNST/scDNA/CHISEL/DLPp/R2/rdr.tsv
LES4677A1_124574_28x_40y	R2	DLP	13	R2_2	tumour	/srv/home/aste0033/projects/MPNST/scDNA/CHISEL/DLPp/R2/rdr.tsv
LES4677A1_124574_28x_42y	R2	DLP	13	R2_2	tumour	/srv/home/aste0033/projects/MPNST/scDNA/CHISEL/DLPp/R2/rdr.tsv
LES4677A1_124574_28x_44y	R2	DLP	13	R2_2	tumour	/srv/home/aste0033/projects/MPNST/scDNA/CHISEL/DLPp/R2/rdr.tsv
LES4677A1_124574_28x_45y	R2	DLP	13	R2_2	tumour	/srv/home/aste0033/projects/MPNST/scDNA/CHISEL/DLPp/R2/rdr.tsv
LES4677A1_124574_28x_51y	R2	DLP	13	R2_2	tumour	/srv/home/aste0033/projects/MPNST/scDNA/CHISEL/DLPp/R2/rdr.tsv
LES4677A1_124574_28x_59y	R2	DLP	13	R2_2	tumour	/srv/home/aste0033/projects/MPNST/scDNA/CHISEL/DLPp/R2/rdr.tsv
LES4677A1_124574_29x_38y	R2	DLP	13	R2_2	tumour	/srv/home/aste0033/projects/MPNST/scDNA/CHISEL/DLPp/R2/rdr.tsv
LES4677A1_124574_29x_43y	R2	DLP	13	R2_2	tumour	/srv/home/aste0033/projects/MPNST/scDNA/CHISEL/DLPp/R2/rdr.tsv
LES4677A1_124574_29x_49y	R2	DLP	13	R2_2	tumour	/srv/home/aste0033/projects/MPNST/scDNA/CHISEL/DLPp/R2/rdr.tsv
LES4677A1_124574_29x_51y	R2	DLP	13	R2_2	tumour	/srv/home/aste0033/projects/MPNST/scDNA/CHISEL/DLPp/R2/rdr.tsv
LES4677A1_124574_29x_53y	R2	DLP	13	R2_2	tumour	/srv/home/aste0033/projects/MPNST/scDNA/CHISEL/DLPp/R2/rdr.tsv
LES4677A1_124574_30x_37y	R2	DLP	13	R2_2	tumour	/srv/home/aste0033/projects/MPNST/scDNA/CHISEL/DLPp/R2/rdr.tsv
LES4677A1_124574_30x_41y	R2	DLP	13	R2_2	tumour	/srv/home/aste0033/projects/MPNST/scDNA/CHISEL/DLPp/R2/rdr.tsv
LES4677A1_124574_30x_43y	R2	DLP	13	R2_2	tumour	/srv/home/aste0033/projects/MPNST/scDNA/CHISEL/DLPp/R2/rdr.tsv
LES4677A1_124574_30x_44y	R2	DLP	13	R2_2	tumour	/srv/home/aste0033/projects/MPNST/scDNA/CHISEL/DLPp/R2/rdr.tsv
LES4677A1_124574_30x_46y	R2	DLP	13	R2_2	tumour	/srv/home/aste0033/projects/MPNST/scDNA/CHISEL/DLPp/R2/rdr.tsv
LES4677A1_124574_30x_51y	R2	DLP	13	R2_2	tumour	/srv/home/aste0033/projects/MPNST/scDNA/CHISEL/DLPp/R2/rdr.tsv
LES4677A1_124574_30x_52y	R2	DLP	13	R2_2	tumour	/srv/home/aste0033/projects/MPNST/scDNA/CHISEL/DLPp/R2/rdr.tsv
LES4677A1_124574_30x_60y	R2	DLP	13	R2_2	tumour	/srv/home/aste0033/projects/MPNST/scDNA/CHISEL/DLPp/R2/rdr.tsv
LES4677A1_124574_31x_37y	R2	DLP	13	R2_2	tumour	/srv/home/aste0033/projects/MPNST/scDNA/CHISEL/DLPp/R2/rdr.tsv
LES4677A1_124574_31x_51y	R2	DLP	13	R2_2	tumour	/srv/home/aste0033/projects/MPNST/scDNA/CHISEL/DLPp/R2/rdr.tsv
LES4677A1_124574_31x_56y	R2	DLP	13	R2_2	tumour	/srv/home/aste0033/projects/MPNST/scDNA/CHISEL/DLPp/R2/rdr.tsv
LES4677A1_124574_32x_38y	R2	DLP	13	R2_2	tumour	/srv/home/aste0033/projects/MPNST/scDNA/CHISEL/DLPp/R2/rdr.tsv
LES4677A1_124574_32x_40y	R2	DLP	13	R2_2	tumour	/srv/home/aste0033/projects/MPNST/scDNA/CHISEL/DLPp/R2/rdr.tsv
LES4677A1_124574_32x_42y	R2	DLP	13	R2_2	tumour	/srv/home/aste0033/projects/MPNST/scDNA/CHISEL/DLPp/R2/rdr.tsv
LES4677A1_124574_32x_48y	R2	DLP	13	R2_2	tumour	/srv/home/aste0033/projects/MPNST/scDNA/CHISEL/DLPp/R2/rdr.tsv
LES4677A1_124574_32x_56y	R2	DLP	13	R2_2	tumour	/srv/home/aste0033/projects/MPNST/scDNA/CHISEL/DLPp/R2/rdr.tsv
LES4677A1_124574_33x_47y	R2	DLP	13	R2_2	tumour	/srv/home/aste0033/projects/MPNST/scDNA/CHISEL/DLPp/R2/rdr.tsv
LES4677A1_124574_33x_50y	R2	DLP	13	R2_2	tumour	/srv/home/aste0033/projects/MPNST/scDNA/CHISEL/DLPp/R2/rdr.tsv
LES4677A1_124574_34x_41y	R2	DLP	13	R2_2	tumour	/srv/home/aste0033/projects/MPNST/scDNA/CHISEL/DLPp/R2/rdr.tsv
LES4677A1_124574_34x_46y	R2	DLP	13	R2_2	tumour	/srv/home/aste0033/projects/MPNST/scDNA/CHISEL/DLPp/R2/rdr.tsv
LES4677A1_124574_34x_47y	R2	DLP	13	R2_2	tumour	/srv/home/aste0033/projects/MPNST/scDNA/CHISEL/DLPp/R2/rdr.tsv
LES4677A1_124574_34x_50y	R2	DLP	13	R2_2	tumour	/srv/home/aste0033/projects/MPNST/scDNA/CHISEL/DLPp/R2/rdr.tsv
LES4677A1_124574_35x_44y	R2	DLP	13	R2_2	tumour	/srv/home/aste0033/projects/MPNST/scDNA/CHISEL/DLPp/R2/rdr.tsv
LES4677A1_124574_36x_40y	R2	DLP	13	R2_2	tumour	/srv/home/aste0033/projects/MPNST/scDNA/CHISEL/DLPp/R2/rdr.tsv
LES4677A1_124574_36x_42y	R2	DLP	13	R2_2	tumour	/srv/home/aste0033/projects/MPNST/scDNA/CHISEL/DLPp/R2/rdr.tsv
LES4677A1_124574_36x_47y	R2	DLP	13	R2_2	tumour	/srv/home/aste0033/projects/MPNST/scDNA/CHISEL/DLPp/R2/rdr.tsv
LES4677A1_124574_36x_49y	R2	DLP	13	R2_2	tumour	/srv/home/aste0033/projects/MPNST/scDNA/CHISEL/DLPp/R2/rdr.tsv
LES4677A1_124574_36x_53y	R2	DLP	13	R2_2	tumour	/srv/home/aste0033/projects/MPNST/scDNA/CHISEL/DLPp/R2/rdr.tsv
LES4677A1_124574_36x_57y	R2	DLP	13	R2_2	tumour	/srv/home/aste0033/projects/MPNST/scDNA/CHISEL/DLPp/R2/rdr.tsv
LES4677A1_124574_37x_38y	R2	DLP	13	R2_2	tumour	/srv/home/aste0033/projects/MPNST/scDNA/CHISEL/DLPp/R2/rdr.tsv
LES4677A1_124574_37x_39y	R2	DLP	13	R2_2	tumour	/srv/home/aste0033/projects/MPNST/scDNA/CHISEL/DLPp/R2/rdr.tsv
LES4677A1_124574_37x_40y	R2	DLP	13	R2_2	tumour	/srv/home/aste0033/projects/MPNST/scDNA/CHISEL/DLPp/R2/rdr.tsv
LES4677A1_124574_37x_45y	R2	DLP	13	R2_2	tumour	/srv/home/aste0033/projects/MPNST/scDNA/CHISEL/DLPp/R2/rdr.tsv
LES4677A1_124574_37x_47y	R2	DLP	13	R2_2	tumour	/srv/home/aste0033/projects/MPNST/scDNA/CHISEL/DLPp/R2/rdr.tsv
LES4677A1_124574_37x_52y	R2	DLP	13	R2_2	tumour	/srv/home/aste0033/projects/MPNST/scDNA/CHISEL/DLPp/R2/rdr.tsv
LES4677A1_124574_37x_55y	R2	DLP	13	R2_2	tumour	/srv/home/aste0033/projects/MPNST/scDNA/CHISEL/DLPp/R2/rdr.tsv
LES4677A1_124574_37x_57y	R2	DLP	13	R2_2	tumour	/srv/home/aste0033/projects/MPNST/scDNA/CHISEL/DLPp/R2/rdr.tsv
LES4677A1_124574_38x_37y	R2	DLP	13	R2_2	tumour	/srv/home/aste0033/projects/MPNST/scDNA/CHISEL/DLPp/R2/rdr.tsv
LES4677A1_124574_38x_39y	R2	DLP	13	R2_2	tumour	/srv/home/aste0033/projects/MPNST/scDNA/CHISEL/DLPp/R2/rdr.tsv
LES4677A1_124574_38x_41y	R2	DLP	13	R2_2	tumour	/srv/home/aste0033/projects/MPNST/scDNA/CHISEL/DLPp/R2/rdr.tsv
LES4677A1_124574_38x_46y	R2	DLP	13	R2_2	tumour	/srv/home/aste0033/projects/MPNST/scDNA/CHISEL/DLPp/R2/rdr.tsv
LES4677A1_124574_38x_47y	R2	DLP	13	R2_2	tumour	/srv/home/aste0033/projects/MPNST/scDNA/CHISEL/DLPp/R2/rdr.tsv
LES4677A1_124574_38x_48y	R2	DLP	13	R2_2	tumour	/srv/home/aste0033/projects/MPNST/scDNA/CHISEL/DLPp/R2/rdr.tsv
LES4677A1_124574_38x_54y	R2	DLP	13	R2_2	tumour	/srv/home/aste0033/projects/MPNST/scDNA/CHISEL/DLPp/R2/rdr.tsv
LES4677A1_124574_39x_39y	R2	DLP	13	R2_2	tumour	/srv/home/aste0033/projects/MPNST/scDNA/CHISEL/DLPp/R2/rdr.tsv
LES4677A1_124574_39x_47y	R2	DLP	13	R2_2	tumour	/srv/home/aste0033/projects/MPNST/scDNA/CHISEL/DLPp/R2/rdr.tsv
LES4677A1_124574_39x_54y	R2	DLP	13	R2_2	tumour	/srv/home/aste0033/projects/MPNST/scDNA/CHISEL/DLPp/R2/rdr.tsv
LES4677A1_124574_39x_57y	R2	DLP	13	R2_2	tumour	/srv/home/aste0033/projects/MPNST/scDNA/CHISEL/DLPp/R2/rdr.tsv
LES4677A1_124574_39x_61y	R2	DLP	13	R2_2	tumour	/srv/home/aste0033/projects/MPNST/scDNA/CHISEL/DLPp/R2/rdr.tsv
LES4677A1_124574_40x_51y	R2	DLP	13	R2_2	tumour	/srv/home/aste0033/projects/MPNST/scDNA/CHISEL/DLPp/R2/rdr.tsv
LES4677A1_124574_40x_53y	R2	DLP	13	R2_2	tumour	/srv/home/aste0033/projects/MPNST/scDNA/CHISEL/DLPp/R2/rdr.tsv
LES4677A1_124574_40x_54y	R2	DLP	13	R2_2	tumour	/srv/home/aste0033/projects/MPNST/scDNA/CHISEL/DLPp/R2/rdr.tsv
LES4677A1_124574_41x_47y	R2	DLP	13	R2_2	tumour	/srv/home/aste0033/projects/MPNST/scDNA/CHISEL/DLPp/R2/rdr.tsv
LES4677A1_124574_41x_50y	R2	DLP	13	R2_2	tumour	/srv/home/aste0033/projects/MPNST/scDNA/CHISEL/DLPp/R2/rdr.tsv
LES4677A1_124574_41x_51y	R2	DLP	13	R2_2	tumour	/srv/home/aste0033/projects/MPNST/scDNA/CHISEL/DLPp/R2/rdr.tsv
LES4677A1_124574_41x_60y	R2	DLP	13	R2_2	tumour	/srv/home/aste0033/projects/MPNST/scDNA/CHISEL/DLPp/R2/rdr.tsv
LES4677A1_124574_42x_37y	R2	DLP	13	R2_2	tumour	/srv/home/aste0033/projects/MPNST/scDNA/CHISEL/DLPp/R2/rdr.tsv
LES4677A1_124574_42x_38y	R2	DLP	13	R2_2	tumour	/srv/home/aste0033/projects/MPNST/scDNA/CHISEL/DLPp/R2/rdr.tsv
LES4677A1_124574_42x_41y	R2	DLP	13	R2_2	tumour	/srv/home/aste0033/projects/MPNST/scDNA/CHISEL/DLPp/R2/rdr.tsv
LES4677A1_124574_42x_42y	R2	DLP	13	R2_2	tumour	/srv/home/aste0033/projects/MPNST/scDNA/CHISEL/DLPp/R2/rdr.tsv
LES4677A1_124574_42x_45y	R2	DLP	13	R2_2	tumour	/srv/home/aste0033/projects/MPNST/scDNA/CHISEL/DLPp/R2/rdr.tsv
LES4677A1_124574_42x_52y	R2	DLP	13	R2_2	tumour	/srv/home/aste0033/projects/MPNST/scDNA/CHISEL/DLPp/R2/rdr.tsv
LES4677A1_124574_42x_56y	R2	DLP	13	R2_2	tumour	/srv/home/aste0033/projects/MPNST/scDNA/CHISEL/DLPp/R2/rdr.tsv
LES4677A1_124574_42x_57y	R2	DLP	13	R2_2	tumour	/srv/home/aste0033/projects/MPNST/scDNA/CHISEL/DLPp/R2/rdr.tsv
LES4677A1_124574_42x_60y	R2	DLP	13	R2_2	tumour	/srv/home/aste0033/projects/MPNST/scDNA/CHISEL/DLPp/R2/rdr.tsv
LES4677A1_124574_43x_40y	R2	DLP	13	R2_2	tumour	/srv/home/aste0033/projects/MPNST/scDNA/CHISEL/DLPp/R2/rdr.tsv
LES4677A1_124574_43x_41y	R2	DLP	13	R2_2	tumour	/srv/home/aste0033/projects/MPNST/scDNA/CHISEL/DLPp/R2/rdr.tsv
LES4677A1_124574_43x_42y	R2	DLP	13	R2_2	tumour	/srv/home/aste0033/projects/MPNST/scDNA/CHISEL/DLPp/R2/rdr.tsv
LES4677A1_124574_43x_46y	R2	DLP	13	R2_2	tumour	/srv/home/aste0033/projects/MPNST/scDNA/CHISEL/DLPp/R2/rdr.tsv
LES4677A1_124574_43x_47y	R2	DLP	13	R2_2	tumour	/srv/home/aste0033/projects/MPNST/scDNA/CHISEL/DLPp/R2/rdr.tsv
LES4677A1_124574_43x_48y	R2	DLP	13	R2_2	tumour	/srv/home/aste0033/projects/MPNST/scDNA/CHISEL/DLPp/R2/rdr.tsv
LES4677A1_124574_43x_49y	R2	DLP	13	R2_2	tumour	/srv/home/aste0033/projects/MPNST/scDNA/CHISEL/DLPp/R2/rdr.tsv
LES4677A1_124574_43x_51y	R2	DLP	13	R2_2	tumour	/srv/home/aste0033/projects/MPNST/scDNA/CHISEL/DLPp/R2/rdr.tsv
LES4677A1_124574_43x_53y	R2	DLP	13	R2_2	tumour	/srv/home/aste0033/projects/MPNST/scDNA/CHISEL/DLPp/R2/rdr.tsv
LES4677A1_124574_44x_45y	R2	DLP	13	R2_2	tumour	/srv/home/aste0033/projects/MPNST/scDNA/CHISEL/DLPp/R2/rdr.tsv
LES4677A1_124574_44x_54y	R2	DLP	13	R2_2	tumour	/srv/home/aste0033/projects/MPNST/scDNA/CHISEL/DLPp/R2/rdr.tsv
LES4677A1_124574_44x_56y	R2	DLP	13	R2_2	tumour	/srv/home/aste0033/projects/MPNST/scDNA/CHISEL/DLPp/R2/rdr.tsv
LES4677A1_124574_45x_40y	R2	DLP	13	R2_2	tumour	/srv/home/aste0033/projects/MPNST/scDNA/CHISEL/DLPp/R2/rdr.tsv
LES4677A1_124574_45x_41y	R2	DLP	13	R2_2	tumour	/srv/home/aste0033/projects/MPNST/scDNA/CHISEL/DLPp/R2/rdr.tsv
LES4677A1_124574_45x_43y	R2	DLP	13	R2_2	tumour	/srv/home/aste0033/projects/MPNST/scDNA/CHISEL/DLPp/R2/rdr.tsv
LES4677A1_124574_45x_52y	R2	DLP	13	R2_2	tumour	/srv/home/aste0033/projects/MPNST/scDNA/CHISEL/DLPp/R2/rdr.tsv
LES4677A1_124574_45x_54y	R2	DLP	13	R2_2	tumour	/srv/home/aste0033/projects/MPNST/scDNA/CHISEL/DLPp/R2/rdr.tsv
LES4677A1_124574_45x_55y	R2	DLP	13	R2_2	tumour	/srv/home/aste0033/projects/MPNST/scDNA/CHISEL/DLPp/R2/rdr.tsv
LES4677A1_124574_45x_59y	R2	DLP	13	R2_2	tumour	/srv/home/aste0033/projects/MPNST/scDNA/CHISEL/DLPp/R2/rdr.tsv
LES4677A1_124574_46x_38y	R2	DLP	13	R2_2	tumour	/srv/home/aste0033/projects/MPNST/scDNA/CHISEL/DLPp/R2/rdr.tsv
LES4677A1_124574_46x_39y	R2	DLP	13	R2_2	tumour	/srv/home/aste0033/projects/MPNST/scDNA/CHISEL/DLPp/R2/rdr.tsv
LES4677A1_124574_46x_41y	R2	DLP	13	R2_2	tumour	/srv/home/aste0033/projects/MPNST/scDNA/CHISEL/DLPp/R2/rdr.tsv
LES4677A1_124574_46x_45y	R2	DLP	13	R2_2	tumour	/srv/home/aste0033/projects/MPNST/scDNA/CHISEL/DLPp/R2/rdr.tsv
LES4677A1_124574_46x_47y	R2	DLP	13	R2_2	tumour	/srv/home/aste0033/projects/MPNST/scDNA/CHISEL/DLPp/R2/rdr.tsv
LES4677A1_124574_46x_51y	R2	DLP	13	R2_2	tumour	/srv/home/aste0033/projects/MPNST/scDNA/CHISEL/DLPp/R2/rdr.tsv
LES4677A1_124574_46x_54y	R2	DLP	13	R2_2	tumour	/srv/home/aste0033/projects/MPNST/scDNA/CHISEL/DLPp/R2/rdr.tsv
LES4677A1_124574_47x_42y	R2	DLP	13	R2_2	tumour	/srv/home/aste0033/projects/MPNST/scDNA/CHISEL/DLPp/R2/rdr.tsv
LES4677A1_124574_47x_46y	R2	DLP	13	R2_2	tumour	/srv/home/aste0033/projects/MPNST/scDNA/CHISEL/DLPp/R2/rdr.tsv
LES4677A1_124574_47x_52y	R2	DLP	13	R2_2	tumour	/srv/home/aste0033/projects/MPNST/scDNA/CHISEL/DLPp/R2/rdr.tsv
LES4677A1_124574_47x_56y	R2	DLP	13	R2_2	tumour	/srv/home/aste0033/projects/MPNST/scDNA/CHISEL/DLPp/R2/rdr.tsv
LES4677A1_124574_47x_59y	R2	DLP	13	R2_2	tumour	/srv/home/aste0033/projects/MPNST/scDNA/CHISEL/DLPp/R2/rdr.tsv
LES4677A1_124574_47x_61y	R2	DLP	13	R2_2	tumour	/srv/home/aste0033/projects/MPNST/scDNA/CHISEL/DLPp/R2/rdr.tsv
LES4677A1_124574_48x_51y	R2	DLP	13	R2_2	tumour	/srv/home/aste0033/projects/MPNST/scDNA/CHISEL/DLPp/R2/rdr.tsv
LES4677A1_124574_48x_53y	R2	DLP	13	R2_2	tumour	/srv/home/aste0033/projects/MPNST/scDNA/CHISEL/DLPp/R2/rdr.tsv
LES4677A1_124574_48x_55y	R2	DLP	13	R2_2	tumour	/srv/home/aste0033/projects/MPNST/scDNA/CHISEL/DLPp/R2/rdr.tsv
LES4677A1_124574_48x_57y	R2	DLP	13	R2_2	tumour	/srv/home/aste0033/projects/MPNST/scDNA/CHISEL/DLPp/R2/rdr.tsv
LES4677A1_124574_48x_60y	R2	DLP	13	R2_2	tumour	/srv/home/aste0033/projects/MPNST/scDNA/CHISEL/DLPp/R2/rdr.tsv
LES4677A1_124574_49x_37y	R2	DLP	13	R2_2	tumour	/srv/home/aste0033/projects/MPNST/scDNA/CHISEL/DLPp/R2/rdr.tsv
LES4677A1_124574_49x_38y	R2	DLP	13	R2_2	tumour	/srv/home/aste0033/projects/MPNST/scDNA/CHISEL/DLPp/R2/rdr.tsv
LES4677A1_124574_49x_49y	R2	DLP	13	R2_2	tumour	/srv/home/aste0033/projects/MPNST/scDNA/CHISEL/DLPp/R2/rdr.tsv
LES4677A1_124574_49x_53y	R2	DLP	13	R2_2	tumour	/srv/home/aste0033/projects/MPNST/scDNA/CHISEL/DLPp/R2/rdr.tsv
LES4677A1_124574_50x_38y	R2	DLP	13	R2_2	tumour	/srv/home/aste0033/projects/MPNST/scDNA/CHISEL/DLPp/R2/rdr.tsv
LES4677A1_124574_50x_48y	R2	DLP	13	R2_2	tumour	/srv/home/aste0033/projects/MPNST/scDNA/CHISEL/DLPp/R2/rdr.tsv
LES4677A1_124574_50x_51y	R2	DLP	13	R2_2	tumour	/srv/home/aste0033/projects/MPNST/scDNA/CHISEL/DLPp/R2/rdr.tsv
LES4677A1_124574_50x_57y	R2	DLP	13	R2_2	tumour	/srv/home/aste0033/projects/MPNST/scDNA/CHISEL/DLPp/R2/rdr.tsv
LES4677A1_124574_51x_48y	R2	DLP	13	R2_2	tumour	/srv/home/aste0033/projects/MPNST/scDNA/CHISEL/DLPp/R2/rdr.tsv
LES4677A1_124574_51x_49y	R2	DLP	13	R2_2	tumour	/srv/home/aste0033/projects/MPNST/scDNA/CHISEL/DLPp/R2/rdr.tsv
LES4677A1_124574_51x_50y	R2	DLP	13	R2_2	tumour	/srv/home/aste0033/projects/MPNST/scDNA/CHISEL/DLPp/R2/rdr.tsv
LES4677A1_124574_52x_38y	R2	DLP	13	R2_2	tumour	/srv/home/aste0033/projects/MPNST/scDNA/CHISEL/DLPp/R2/rdr.tsv
LES4677A1_124574_52x_41y	R2	DLP	13	R2_2	tumour	/srv/home/aste0033/projects/MPNST/scDNA/CHISEL/DLPp/R2/rdr.tsv
LES4677A1_124574_52x_51y	R2	DLP	13	R2_2	tumour	/srv/home/aste0033/projects/MPNST/scDNA/CHISEL/DLPp/R2/rdr.tsv
LES4677A1_124574_52x_55y	R2	DLP	13	R2_2	tumour	/srv/home/aste0033/projects/MPNST/scDNA/CHISEL/DLPp/R2/rdr.tsv
LES4677A1_124574_53x_46y	R2	DLP	13	R2_2	tumour	/srv/home/aste0033/projects/MPNST/scDNA/CHISEL/DLPp/R2/rdr.tsv
LES4677A1_124574_54x_57y	R2	DLP	13	R2_2	tumour	/srv/home/aste0033/projects/MPNST/scDNA/CHISEL/DLPp/R2/rdr.tsv
LES4677A1_124574_55x_39y	R2	DLP	13	R2_2	tumour	/srv/home/aste0033/projects/MPNST/scDNA/CHISEL/DLPp/R2/rdr.tsv
LES4677A1_124574_55x_40y	R2	DLP	13	R2_2	tumour	/srv/home/aste0033/projects/MPNST/scDNA/CHISEL/DLPp/R2/rdr.tsv
LES4677A1_124574_55x_57y	R2	DLP	13	R2_2	tumour	/srv/home/aste0033/projects/MPNST/scDNA/CHISEL/DLPp/R2/rdr.tsv
LES4677A1_124574_56x_38y	R2	DLP	13	R2_2	tumour	/srv/home/aste0033/projects/MPNST/scDNA/CHISEL/DLPp/R2/rdr.tsv
LES4677A1_124574_56x_39y	R2	DLP	13	R2_2	tumour	/srv/home/aste0033/projects/MPNST/scDNA/CHISEL/DLPp/R2/rdr.tsv
LES4677A1_124574_56x_42y	R2	DLP	13	R2_2	tumour	/srv/home/aste0033/projects/MPNST/scDNA/CHISEL/DLPp/R2/rdr.tsv
LES4677A1_124574_56x_46y	R2	DLP	13	R2_2	tumour	/srv/home/aste0033/projects/MPNST/scDNA/CHISEL/DLPp/R2/rdr.tsv
LES4677A1_124574_56x_48y	R2	DLP	13	R2_2	tumour	/srv/home/aste0033/projects/MPNST/scDNA/CHISEL/DLPp/R2/rdr.tsv
LES4677A1_124574_56x_50y	R2	DLP	13	R2_2	tumour	/srv/home/aste0033/projects/MPNST/scDNA/CHISEL/DLPp/R2/rdr.tsv
LES4677A1_124574_57x_42y	R2	DLP	13	R2_2	tumour	/srv/home/aste0033/projects/MPNST/scDNA/CHISEL/DLPp/R2/rdr.tsv
LES4677A1_124574_57x_49y	R2	DLP	13	R2_2	tumour	/srv/home/aste0033/projects/MPNST/scDNA/CHISEL/DLPp/R2/rdr.tsv
LES4677A1_124574_58x_39y	R2	DLP	13	R2_2	tumour	/srv/home/aste0033/projects/MPNST/scDNA/CHISEL/DLPp/R2/rdr.tsv
LES4677A1_124574_58x_47y	R2	DLP	13	R2_2	tumour	/srv/home/aste0033/projects/MPNST/scDNA/CHISEL/DLPp/R2/rdr.tsv
LES4677A1_124574_58x_50y	R2	DLP	13	R2_2	tumour	/srv/home/aste0033/projects/MPNST/scDNA/CHISEL/DLPp/R2/rdr.tsv
LES4677A1_124574_59x_37y	R2	DLP	13	R2_2	tumour	/srv/home/aste0033/projects/MPNST/scDNA/CHISEL/DLPp/R2/rdr.tsv
LES4677A1_124574_59x_38y	R2	DLP	13	R2_2	tumour	/srv/home/aste0033/projects/MPNST/scDNA/CHISEL/DLPp/R2/rdr.tsv
LES4677A1_124574_59x_41y	R2	DLP	13	R2_2	tumour	/srv/home/aste0033/projects/MPNST/scDNA/CHISEL/DLPp/R2/rdr.tsv
LES4677A1_124574_59x_42y	R2	DLP	13	R2_2	tumour	/srv/home/aste0033/projects/MPNST/scDNA/CHISEL/DLPp/R2/rdr.tsv
LES4677A1_124574_59x_46y	R2	DLP	13	R2_2	tumour	/srv/home/aste0033/projects/MPNST/scDNA/CHISEL/DLPp/R2/rdr.tsv
LES4677A1_124574_59x_48y	R2	DLP	13	R2_2	tumour	/srv/home/aste0033/projects/MPNST/scDNA/CHISEL/DLPp/R2/rdr.tsv
LES4677A1_124574_59x_49y	R2	DLP	13	R2_2	tumour	/srv/home/aste0033/projects/MPNST/scDNA/CHISEL/DLPp/R2/rdr.tsv
LES4677A1_124574_60x_42y	R2	DLP	13	R2_2	tumour	/srv/home/aste0033/projects/MPNST/scDNA/CHISEL/DLPp/R2/rdr.tsv
LES4677A1_124574_60x_48y	R2	DLP	13	R2_2	tumour	/srv/home/aste0033/projects/MPNST/scDNA/CHISEL/DLPp/R2/rdr.tsv
LES4677A1_124574_61x_39y	R2	DLP	13	R2_2	tumour	/srv/home/aste0033/projects/MPNST/scDNA/CHISEL/DLPp/R2/rdr.tsv
LES4677A1_124574_61x_41y	R2	DLP	13	R2_2	tumour	/srv/home/aste0033/projects/MPNST/scDNA/CHISEL/DLPp/R2/rdr.tsv
LES4677A1_124574_62x_38y	R2	DLP	13	R2_2	tumour	/srv/home/aste0033/projects/MPNST/scDNA/CHISEL/DLPp/R2/rdr.tsv
LES4677A1_124574_62x_39y	R2	DLP	13	R2_2	tumour	/srv/home/aste0033/projects/MPNST/scDNA/CHISEL/DLPp/R2/rdr.tsv
LES4677A1_124574_62x_41y	R2	DLP	13	R2_2	tumour	/srv/home/aste0033/projects/MPNST/scDNA/CHISEL/DLPp/R2/rdr.tsv
LES4677A2_124576_22x_48y	R3	DLP	13	R2_2	tumour	/srv/home/aste0033/projects/MPNST/scDNA/CHISEL/DLPp/R3/rdr.tsv
AAGGTTCTCAGGACAG-1	R2	10X	14	R2_3	tumour	/mnt/iribhm/homes/aste0033/projects/MPNST/scDNA/CHISEL/10X/FIT208A4/rdr.tsv
ACCTTTATCGCAACGC-1	R2	10X	14	R2_3	tumour	/mnt/iribhm/homes/aste0033/projects/MPNST/scDNA/CHISEL/10X/FIT208A4/rdr.tsv
ACTATCTGTGATATGA-1	R2	10X	14	R2_3	tumour	/mnt/iribhm/homes/aste0033/projects/MPNST/scDNA/CHISEL/10X/FIT208A4/rdr.tsv
AGAGCGAGTTCGTCAA-1	R2	10X	14	R2_3	tumour	/mnt/iribhm/homes/aste0033/projects/MPNST/scDNA/CHISEL/10X/FIT208A4/rdr.tsv
AGAGTGGGTTGAACTC-1	R2	10X	14	R2_3	tumour	/mnt/iribhm/homes/aste0033/projects/MPNST/scDNA/CHISEL/10X/FIT208A4/rdr.tsv
AGCATACCATGGGCCT-1	R2	10X	14	R2_3	tumour	/mnt/iribhm/homes/aste0033/projects/MPNST/scDNA/CHISEL/10X/FIT208A4/rdr.tsv
AGTTGGTTCGACAACT-1	R2	10X	14	R2_3	tumour	/mnt/iribhm/homes/aste0033/projects/MPNST/scDNA/CHISEL/10X/FIT208A4/rdr.tsv
ATTGGTGCACGACTAT-1	R2	10X	14	R2_3	tumour	/mnt/iribhm/homes/aste0033/projects/MPNST/scDNA/CHISEL/10X/FIT208A4/rdr.tsv
CAAGAAACAGTGAAAT-1	R2	10X	14	R2_3	tumour	/mnt/iribhm/homes/aste0033/projects/MPNST/scDNA/CHISEL/10X/FIT208A4/rdr.tsv
CACAGGCGTCAACCGC-1	R2	10X	14	R2_3	tumour	/mnt/iribhm/homes/aste0033/projects/MPNST/scDNA/CHISEL/10X/FIT208A4/rdr.tsv
CCACCTATCCACCGGA-1	R2	10X	14	R2_3	tumour	/mnt/iribhm/homes/aste0033/projects/MPNST/scDNA/CHISEL/10X/FIT208A4/rdr.tsv
CCTAAAGGTTAAGTAG-1	R2	10X	14	R2_3	tumour	/mnt/iribhm/homes/aste0033/projects/MPNST/scDNA/CHISEL/10X/FIT208A4/rdr.tsv
CGGACGTAGATAGTCA-1	R2	10X	14	R2_3	tumour	/mnt/iribhm/homes/aste0033/projects/MPNST/scDNA/CHISEL/10X/FIT208A4/rdr.tsv
CGGACGTTCTGGAGTT-1	R2	10X	14	R2_3	tumour	/mnt/iribhm/homes/aste0033/projects/MPNST/scDNA/CHISEL/10X/FIT208A4/rdr.tsv
CGGTTAATCTGATCAG-1	R2	10X	14	R2_3	tumour	/mnt/iribhm/homes/aste0033/projects/MPNST/scDNA/CHISEL/10X/FIT208A4/rdr.tsv
CGTCACTAGCGCGATA-1	R2	10X	14	R2_3	tumour	/mnt/iribhm/homes/aste0033/projects/MPNST/scDNA/CHISEL/10X/FIT208A4/rdr.tsv
CTCACACTCATTTGCT-1	R2	10X	14	R2_3	tumour	/mnt/iribhm/homes/aste0033/projects/MPNST/scDNA/CHISEL/10X/FIT208A4/rdr.tsv
CTCGGGACAGACGAAC-1	R2	10X	14	R2_3	tumour	/mnt/iribhm/homes/aste0033/projects/MPNST/scDNA/CHISEL/10X/FIT208A4/rdr.tsv
CTGCCTACAGTAGGGT-1	R2	10X	14	R2_3	tumour	/mnt/iribhm/homes/aste0033/projects/MPNST/scDNA/CHISEL/10X/FIT208A4/rdr.tsv
GAACATCTCCTCGACT-1	R2	10X	14	R2_3	tumour	/mnt/iribhm/homes/aste0033/projects/MPNST/scDNA/CHISEL/10X/FIT208A4/rdr.tsv
GAATAAGTCTGTATTC-1	R2	10X	14	R2_3	tumour	/mnt/iribhm/homes/aste0033/projects/MPNST/scDNA/CHISEL/10X/FIT208A4/rdr.tsv
GACAGAGGTGATTGGG-1	R2	10X	14	R2_3	tumour	/mnt/iribhm/homes/aste0033/projects/MPNST/scDNA/CHISEL/10X/FIT208A4/rdr.tsv
GAGTCCGTCAACAGCT-1	R1	10X	14	R2_3	tumour	/mnt/iribhm/homes/aste0033/projects/MPNST/scDNA/CHISEL/10X/FIT208A3/rdr.tsv
GATGAGGCAGTGCTGC-1	R5	10X	14	R2_3	tumour	/mnt/iribhm/homes/aste0033/projects/MPNST/scDNA/CHISEL/10X/FIT208A7/rdr.tsv
GATGAGGGTGAGCTCC-1	R2	10X	14	R2_3	tumour	/mnt/iribhm/homes/aste0033/projects/MPNST/scDNA/CHISEL/10X/FIT208A4/rdr.tsv
GCATGCGGTAGCAGTG-1	R2	10X	14	R2_3	tumour	/mnt/iribhm/homes/aste0033/projects/MPNST/scDNA/CHISEL/10X/FIT208A4/rdr.tsv
GCGGGTTTCTGTCGAA-1	R2	10X	14	R2_3	tumour	/mnt/iribhm/homes/aste0033/projects/MPNST/scDNA/CHISEL/10X/FIT208A4/rdr.tsv
GCTCCTAGTCACATGT-1	R2	10X	14	R2_3	tumour	/mnt/iribhm/homes/aste0033/projects/MPNST/scDNA/CHISEL/10X/FIT208A4/rdr.tsv
GGGACCTAGAAGCCCA-1	R2	10X	14	R2_3	tumour	/mnt/iribhm/homes/aste0033/projects/MPNST/scDNA/CHISEL/10X/FIT208A4/rdr.tsv
GGGCATCGTAAGTAAC-1	R2	10X	14	R2_3	tumour	/mnt/iribhm/homes/aste0033/projects/MPNST/scDNA/CHISEL/10X/FIT208A4/rdr.tsv
GTACGTATCGCAGCAC-1	R2	10X	14	R2_3	tumour	/mnt/iribhm/homes/aste0033/projects/MPNST/scDNA/CHISEL/10X/FIT208A4/rdr.tsv
GTACTTTCATCGTCAA-1	R2	10X	14	R2_3	tumour	/mnt/iribhm/homes/aste0033/projects/MPNST/scDNA/CHISEL/10X/FIT208A4/rdr.tsv
GTCAAGTGTTCGATAC-1	R1	10X	14	R2_3	tumour	/mnt/iribhm/homes/aste0033/projects/MPNST/scDNA/CHISEL/10X/FIT208A3/rdr.tsv
GTCGTAAAGGAGCGAG-1	R2	10X	14	R2_3	tumour	/mnt/iribhm/homes/aste0033/projects/MPNST/scDNA/CHISEL/10X/FIT208A4/rdr.tsv
TACACGATCAAGTTGC-1	R2	10X	14	R2_3	tumour	/mnt/iribhm/homes/aste0033/projects/MPNST/scDNA/CHISEL/10X/FIT208A4/rdr.tsv
TAGAGCTTCTTTCGTA-1	R2	10X	14	R2_3	tumour	/mnt/iribhm/homes/aste0033/projects/MPNST/scDNA/CHISEL/10X/FIT208A4/rdr.tsv
TAGTTGGTCAGGACTT-1	R2	10X	14	R2_3	tumour	/mnt/iribhm/homes/aste0033/projects/MPNST/scDNA/CHISEL/10X/FIT208A4/rdr.tsv
TATCTCAAGGGATTTA-1	R2	10X	14	R2_3	tumour	/mnt/iribhm/homes/aste0033/projects/MPNST/scDNA/CHISEL/10X/FIT208A4/rdr.tsv
TGACAACGTGTTCGAT-1	R2	10X	14	R2_3	tumour	/mnt/iribhm/homes/aste0033/projects/MPNST/scDNA/CHISEL/10X/FIT208A4/rdr.tsv
TGAGCCGAGGGATACC-1	R2	10X	14	R2_3	tumour	/mnt/iribhm/homes/aste0033/projects/MPNST/scDNA/CHISEL/10X/FIT208A4/rdr.tsv
TGGGCGTAGCCGTCGT-1	R2	10X	14	R2_3	tumour	/mnt/iribhm/homes/aste0033/projects/MPNST/scDNA/CHISEL/10X/FIT208A4/rdr.tsv
TGTATTCAGGCCCTCA-1	R2	10X	14	R2_3	tumour	/mnt/iribhm/homes/aste0033/projects/MPNST/scDNA/CHISEL/10X/FIT208A4/rdr.tsv
TGTGTTTTCAGAGTCT-1	R2	10X	14	R2_3	tumour	/mnt/iribhm/homes/aste0033/projects/MPNST/scDNA/CHISEL/10X/FIT208A4/rdr.tsv
TTCTCAAAGGATATAC-1	R2	10X	14	R2_3	tumour	/mnt/iribhm/homes/aste0033/projects/MPNST/scDNA/CHISEL/10X/FIT208A4/rdr.tsv
TTTGGTTCAGCACACC-1	R2	10X	14	R2_3	tumour	/mnt/iribhm/homes/aste0033/projects/MPNST/scDNA/CHISEL/10X/FIT208A4/rdr.tsv
LES4677A1_124574_14x_42y	R2	DLP	14	R2_3	tumour	/srv/home/aste0033/projects/MPNST/scDNA/CHISEL/DLPp/R2/rdr.tsv
LES4677A1_124574_15x_40y	R2	DLP	14	R2_3	tumour	/srv/home/aste0033/projects/MPNST/scDNA/CHISEL/DLPp/R2/rdr.tsv
LES4677A1_124574_15x_43y	R2	DLP	14	R2_3	tumour	/srv/home/aste0033/projects/MPNST/scDNA/CHISEL/DLPp/R2/rdr.tsv
LES4677A1_124574_15x_58y	R2	DLP	14	R2_3	tumour	/srv/home/aste0033/projects/MPNST/scDNA/CHISEL/DLPp/R2/rdr.tsv
LES4677A1_124574_16x_47y	R2	DLP	14	R2_3	tumour	/srv/home/aste0033/projects/MPNST/scDNA/CHISEL/DLPp/R2/rdr.tsv
LES4677A1_124574_16x_58y	R2	DLP	14	R2_3	tumour	/srv/home/aste0033/projects/MPNST/scDNA/CHISEL/DLPp/R2/rdr.tsv
LES4677A1_124574_17x_41y	R2	DLP	14	R2_3	tumour	/srv/home/aste0033/projects/MPNST/scDNA/CHISEL/DLPp/R2/rdr.tsv
LES4677A1_124574_17x_43y	R2	DLP	14	R2_3	tumour	/srv/home/aste0033/projects/MPNST/scDNA/CHISEL/DLPp/R2/rdr.tsv
LES4677A1_124574_17x_53y	R2	DLP	14	R2_3	tumour	/srv/home/aste0033/projects/MPNST/scDNA/CHISEL/DLPp/R2/rdr.tsv
LES4677A1_124574_17x_55y	R2	DLP	14	R2_3	tumour	/srv/home/aste0033/projects/MPNST/scDNA/CHISEL/DLPp/R2/rdr.tsv
LES4677A1_124574_17x_57y	R2	DLP	14	R2_3	tumour	/srv/home/aste0033/projects/MPNST/scDNA/CHISEL/DLPp/R2/rdr.tsv
LES4677A1_124574_18x_43y	R2	DLP	14	R2_3	tumour	/srv/home/aste0033/projects/MPNST/scDNA/CHISEL/DLPp/R2/rdr.tsv
LES4677A1_124574_18x_50y	R2	DLP	14	R2_3	tumour	/srv/home/aste0033/projects/MPNST/scDNA/CHISEL/DLPp/R2/rdr.tsv
LES4677A1_124574_18x_51y	R2	DLP	14	R2_3	tumour	/srv/home/aste0033/projects/MPNST/scDNA/CHISEL/DLPp/R2/rdr.tsv
LES4677A1_124574_18x_53y	R2	DLP	14	R2_3	tumour	/srv/home/aste0033/projects/MPNST/scDNA/CHISEL/DLPp/R2/rdr.tsv
LES4677A1_124574_19x_38y	R2	DLP	14	R2_3	tumour	/srv/home/aste0033/projects/MPNST/scDNA/CHISEL/DLPp/R2/rdr.tsv
LES4677A1_124574_19x_53y	R2	DLP	14	R2_3	tumour	/srv/home/aste0033/projects/MPNST/scDNA/CHISEL/DLPp/R2/rdr.tsv
LES4677A1_124574_20x_44y	R2	DLP	14	R2_3	tumour	/srv/home/aste0033/projects/MPNST/scDNA/CHISEL/DLPp/R2/rdr.tsv
LES4677A1_124574_20x_50y	R2	DLP	14	R2_3	tumour	/srv/home/aste0033/projects/MPNST/scDNA/CHISEL/DLPp/R2/rdr.tsv
LES4677A1_124574_21x_42y	R2	DLP	14	R2_3	tumour	/srv/home/aste0033/projects/MPNST/scDNA/CHISEL/DLPp/R2/rdr.tsv
LES4677A1_124574_22x_38y	R2	DLP	14	R2_3	tumour	/srv/home/aste0033/projects/MPNST/scDNA/CHISEL/DLPp/R2/rdr.tsv
LES4677A1_124574_22x_53y	R2	DLP	14	R2_3	tumour	/srv/home/aste0033/projects/MPNST/scDNA/CHISEL/DLPp/R2/rdr.tsv
LES4677A1_124574_22x_54y	R2	DLP	14	R2_3	tumour	/srv/home/aste0033/projects/MPNST/scDNA/CHISEL/DLPp/R2/rdr.tsv
LES4677A1_124574_22x_57y	R2	DLP	14	R2_3	tumour	/srv/home/aste0033/projects/MPNST/scDNA/CHISEL/DLPp/R2/rdr.tsv
LES4677A1_124574_23x_42y	R2	DLP	14	R2_3	tumour	/srv/home/aste0033/projects/MPNST/scDNA/CHISEL/DLPp/R2/rdr.tsv
LES4677A1_124574_23x_47y	R2	DLP	14	R2_3	tumour	/srv/home/aste0033/projects/MPNST/scDNA/CHISEL/DLPp/R2/rdr.tsv
LES4677A1_124574_23x_50y	R2	DLP	14	R2_3	tumour	/srv/home/aste0033/projects/MPNST/scDNA/CHISEL/DLPp/R2/rdr.tsv
LES4677A1_124574_24x_43y	R2	DLP	14	R2_3	tumour	/srv/home/aste0033/projects/MPNST/scDNA/CHISEL/DLPp/R2/rdr.tsv
LES4677A1_124574_24x_53y	R2	DLP	14	R2_3	tumour	/srv/home/aste0033/projects/MPNST/scDNA/CHISEL/DLPp/R2/rdr.tsv
LES4677A1_124574_24x_54y	R2	DLP	14	R2_3	tumour	/srv/home/aste0033/projects/MPNST/scDNA/CHISEL/DLPp/R2/rdr.tsv
LES4677A1_124574_25x_38y	R2	DLP	14	R2_3	tumour	/srv/home/aste0033/projects/MPNST/scDNA/CHISEL/DLPp/R2/rdr.tsv
LES4677A1_124574_25x_48y	R2	DLP	14	R2_3	tumour	/srv/home/aste0033/projects/MPNST/scDNA/CHISEL/DLPp/R2/rdr.tsv
LES4677A1_124574_26x_38y	R2	DLP	14	R2_3	tumour	/srv/home/aste0033/projects/MPNST/scDNA/CHISEL/DLPp/R2/rdr.tsv
LES4677A1_124574_26x_53y	R2	DLP	14	R2_3	tumour	/srv/home/aste0033/projects/MPNST/scDNA/CHISEL/DLPp/R2/rdr.tsv
LES4677A1_124574_26x_58y	R2	DLP	14	R2_3	tumour	/srv/home/aste0033/projects/MPNST/scDNA/CHISEL/DLPp/R2/rdr.tsv
LES4677A1_124574_28x_43y	R2	DLP	14	R2_3	tumour	/srv/home/aste0033/projects/MPNST/scDNA/CHISEL/DLPp/R2/rdr.tsv
LES4677A1_124574_28x_47y	R2	DLP	14	R2_3	tumour	/srv/home/aste0033/projects/MPNST/scDNA/CHISEL/DLPp/R2/rdr.tsv
LES4677A1_124574_28x_58y	R2	DLP	14	R2_3	tumour	/srv/home/aste0033/projects/MPNST/scDNA/CHISEL/DLPp/R2/rdr.tsv
LES4677A1_124574_28x_61y	R2	DLP	14	R2_3	tumour	/srv/home/aste0033/projects/MPNST/scDNA/CHISEL/DLPp/R2/rdr.tsv
LES4677A1_124574_30x_38y	R2	DLP	14	R2_3	tumour	/srv/home/aste0033/projects/MPNST/scDNA/CHISEL/DLPp/R2/rdr.tsv
LES4677A1_124574_30x_47y	R2	DLP	14	R2_3	tumour	/srv/home/aste0033/projects/MPNST/scDNA/CHISEL/DLPp/R2/rdr.tsv
LES4677A1_124574_30x_48y	R2	DLP	14	R2_3	tumour	/srv/home/aste0033/projects/MPNST/scDNA/CHISEL/DLPp/R2/rdr.tsv
LES4677A1_124574_30x_49y	R2	DLP	14	R2_3	tumour	/srv/home/aste0033/projects/MPNST/scDNA/CHISEL/DLPp/R2/rdr.tsv
LES4677A1_124574_31x_39y	R2	DLP	14	R2_3	tumour	/srv/home/aste0033/projects/MPNST/scDNA/CHISEL/DLPp/R2/rdr.tsv
LES4677A1_124574_31x_40y	R2	DLP	14	R2_3	tumour	/srv/home/aste0033/projects/MPNST/scDNA/CHISEL/DLPp/R2/rdr.tsv
LES4677A1_124574_31x_43y	R2	DLP	14	R2_3	tumour	/srv/home/aste0033/projects/MPNST/scDNA/CHISEL/DLPp/R2/rdr.tsv
LES4677A1_124574_32x_39y	R2	DLP	14	R2_3	tumour	/srv/home/aste0033/projects/MPNST/scDNA/CHISEL/DLPp/R2/rdr.tsv
LES4677A1_124574_32x_44y	R2	DLP	14	R2_3	tumour	/srv/home/aste0033/projects/MPNST/scDNA/CHISEL/DLPp/R2/rdr.tsv
LES4677A1_124574_32x_49y	R2	DLP	14	R2_3	tumour	/srv/home/aste0033/projects/MPNST/scDNA/CHISEL/DLPp/R2/rdr.tsv
LES4677A1_124574_33x_39y	R2	DLP	14	R2_3	tumour	/srv/home/aste0033/projects/MPNST/scDNA/CHISEL/DLPp/R2/rdr.tsv
LES4677A1_124574_33x_40y	R2	DLP	14	R2_3	tumour	/srv/home/aste0033/projects/MPNST/scDNA/CHISEL/DLPp/R2/rdr.tsv
LES4677A1_124574_33x_44y	R2	DLP	14	R2_3	tumour	/srv/home/aste0033/projects/MPNST/scDNA/CHISEL/DLPp/R2/rdr.tsv
LES4677A1_124574_35x_40y	R2	DLP	14	R2_3	tumour	/srv/home/aste0033/projects/MPNST/scDNA/CHISEL/DLPp/R2/rdr.tsv
LES4677A1_124574_35x_41y	R2	DLP	14	R2_3	tumour	/srv/home/aste0033/projects/MPNST/scDNA/CHISEL/DLPp/R2/rdr.tsv
LES4677A1_124574_35x_58y	R2	DLP	14	R2_3	tumour	/srv/home/aste0033/projects/MPNST/scDNA/CHISEL/DLPp/R2/rdr.tsv
LES4677A1_124574_36x_37y	R2	DLP	14	R2_3	tumour	/srv/home/aste0033/projects/MPNST/scDNA/CHISEL/DLPp/R2/rdr.tsv
LES4677A1_124574_36x_38y	R2	DLP	14	R2_3	tumour	/srv/home/aste0033/projects/MPNST/scDNA/CHISEL/DLPp/R2/rdr.tsv
LES4677A1_124574_36x_46y	R2	DLP	14	R2_3	tumour	/srv/home/aste0033/projects/MPNST/scDNA/CHISEL/DLPp/R2/rdr.tsv
LES4677A1_124574_37x_58y	R2	DLP	14	R2_3	tumour	/srv/home/aste0033/projects/MPNST/scDNA/CHISEL/DLPp/R2/rdr.tsv
LES4677A1_124574_38x_38y	R2	DLP	14	R2_3	tumour	/srv/home/aste0033/projects/MPNST/scDNA/CHISEL/DLPp/R2/rdr.tsv
LES4677A1_124574_38x_49y	R2	DLP	14	R2_3	tumour	/srv/home/aste0033/projects/MPNST/scDNA/CHISEL/DLPp/R2/rdr.tsv
LES4677A1_124574_38x_50y	R2	DLP	14	R2_3	tumour	/srv/home/aste0033/projects/MPNST/scDNA/CHISEL/DLPp/R2/rdr.tsv
LES4677A1_124574_39x_37y	R2	DLP	14	R2_3	tumour	/srv/home/aste0033/projects/MPNST/scDNA/CHISEL/DLPp/R2/rdr.tsv
LES4677A1_124574_39x_42y	R2	DLP	14	R2_3	tumour	/srv/home/aste0033/projects/MPNST/scDNA/CHISEL/DLPp/R2/rdr.tsv
LES4677A1_124574_39x_60y	R2	DLP	14	R2_3	tumour	/srv/home/aste0033/projects/MPNST/scDNA/CHISEL/DLPp/R2/rdr.tsv
LES4677A1_124574_40x_40y	R2	DLP	14	R2_3	tumour	/srv/home/aste0033/projects/MPNST/scDNA/CHISEL/DLPp/R2/rdr.tsv
LES4677A1_124574_40x_50y	R2	DLP	14	R2_3	tumour	/srv/home/aste0033/projects/MPNST/scDNA/CHISEL/DLPp/R2/rdr.tsv
LES4677A1_124574_40x_55y	R2	DLP	14	R2_3	tumour	/srv/home/aste0033/projects/MPNST/scDNA/CHISEL/DLPp/R2/rdr.tsv
LES4677A1_124574_41x_38y	R2	DLP	14	R2_3	tumour	/srv/home/aste0033/projects/MPNST/scDNA/CHISEL/DLPp/R2/rdr.tsv
LES4677A1_124574_41x_45y	R2	DLP	14	R2_3	tumour	/srv/home/aste0033/projects/MPNST/scDNA/CHISEL/DLPp/R2/rdr.tsv
LES4677A1_124574_41x_46y	R2	DLP	14	R2_3	tumour	/srv/home/aste0033/projects/MPNST/scDNA/CHISEL/DLPp/R2/rdr.tsv
LES4677A1_124574_42x_46y	R2	DLP	14	R2_3	tumour	/srv/home/aste0033/projects/MPNST/scDNA/CHISEL/DLPp/R2/rdr.tsv
LES4677A1_124574_42x_50y	R2	DLP	14	R2_3	tumour	/srv/home/aste0033/projects/MPNST/scDNA/CHISEL/DLPp/R2/rdr.tsv
LES4677A1_124574_42x_53y	R2	DLP	14	R2_3	tumour	/srv/home/aste0033/projects/MPNST/scDNA/CHISEL/DLPp/R2/rdr.tsv
LES4677A1_124574_43x_38y	R2	DLP	14	R2_3	tumour	/srv/home/aste0033/projects/MPNST/scDNA/CHISEL/DLPp/R2/rdr.tsv
LES4677A1_124574_43x_57y	R2	DLP	14	R2_3	tumour	/srv/home/aste0033/projects/MPNST/scDNA/CHISEL/DLPp/R2/rdr.tsv
LES4677A1_124574_43x_59y	R2	DLP	14	R2_3	tumour	/srv/home/aste0033/projects/MPNST/scDNA/CHISEL/DLPp/R2/rdr.tsv
LES4677A1_124574_44x_38y	R2	DLP	14	R2_3	tumour	/srv/home/aste0033/projects/MPNST/scDNA/CHISEL/DLPp/R2/rdr.tsv
LES4677A1_124574_44x_40y	R2	DLP	14	R2_3	tumour	/srv/home/aste0033/projects/MPNST/scDNA/CHISEL/DLPp/R2/rdr.tsv
LES4677A1_124574_45x_48y	R2	DLP	14	R2_3	tumour	/srv/home/aste0033/projects/MPNST/scDNA/CHISEL/DLPp/R2/rdr.tsv
LES4677A1_124574_45x_51y	R2	DLP	14	R2_3	tumour	/srv/home/aste0033/projects/MPNST/scDNA/CHISEL/DLPp/R2/rdr.tsv
LES4677A1_124574_45x_60y	R2	DLP	14	R2_3	tumour	/srv/home/aste0033/projects/MPNST/scDNA/CHISEL/DLPp/R2/rdr.tsv
LES4677A1_124574_46x_37y	R2	DLP	14	R2_3	tumour	/srv/home/aste0033/projects/MPNST/scDNA/CHISEL/DLPp/R2/rdr.tsv
LES4677A1_124574_46x_42y	R2	DLP	14	R2_3	tumour	/srv/home/aste0033/projects/MPNST/scDNA/CHISEL/DLPp/R2/rdr.tsv
LES4677A1_124574_47x_37y	R2	DLP	14	R2_3	tumour	/srv/home/aste0033/projects/MPNST/scDNA/CHISEL/DLPp/R2/rdr.tsv
LES4677A1_124574_47x_60y	R2	DLP	14	R2_3	tumour	/srv/home/aste0033/projects/MPNST/scDNA/CHISEL/DLPp/R2/rdr.tsv
LES4677A1_124574_48x_39y	R2	DLP	14	R2_3	tumour	/srv/home/aste0033/projects/MPNST/scDNA/CHISEL/DLPp/R2/rdr.tsv
LES4677A1_124574_48x_48y	R2	DLP	14	R2_3	tumour	/srv/home/aste0033/projects/MPNST/scDNA/CHISEL/DLPp/R2/rdr.tsv
LES4677A1_124574_49x_39y	R2	DLP	14	R2_3	tumour	/srv/home/aste0033/projects/MPNST/scDNA/CHISEL/DLPp/R2/rdr.tsv
LES4677A1_124574_49x_45y	R2	DLP	14	R2_3	tumour	/srv/home/aste0033/projects/MPNST/scDNA/CHISEL/DLPp/R2/rdr.tsv
LES4677A1_124574_49x_46y	R2	DLP	14	R2_3	tumour	/srv/home/aste0033/projects/MPNST/scDNA/CHISEL/DLPp/R2/rdr.tsv
LES4677A1_124574_49x_50y	R2	DLP	14	R2_3	tumour	/srv/home/aste0033/projects/MPNST/scDNA/CHISEL/DLPp/R2/rdr.tsv
LES4677A1_124574_49x_51y	R2	DLP	14	R2_3	tumour	/srv/home/aste0033/projects/MPNST/scDNA/CHISEL/DLPp/R2/rdr.tsv
LES4677A1_124574_49x_55y	R2	DLP	14	R2_3	tumour	/srv/home/aste0033/projects/MPNST/scDNA/CHISEL/DLPp/R2/rdr.tsv
LES4677A1_124574_49x_57y	R2	DLP	14	R2_3	tumour	/srv/home/aste0033/projects/MPNST/scDNA/CHISEL/DLPp/R2/rdr.tsv
LES4677A1_124574_50x_37y	R2	DLP	14	R2_3	tumour	/srv/home/aste0033/projects/MPNST/scDNA/CHISEL/DLPp/R2/rdr.tsv
LES4677A1_124574_50x_39y	R2	DLP	14	R2_3	tumour	/srv/home/aste0033/projects/MPNST/scDNA/CHISEL/DLPp/R2/rdr.tsv
LES4677A1_124574_50x_42y	R2	DLP	14	R2_3	tumour	/srv/home/aste0033/projects/MPNST/scDNA/CHISEL/DLPp/R2/rdr.tsv
LES4677A1_124574_50x_53y	R2	DLP	14	R2_3	tumour	/srv/home/aste0033/projects/MPNST/scDNA/CHISEL/DLPp/R2/rdr.tsv
LES4677A1_124574_51x_37y	R2	DLP	14	R2_3	tumour	/srv/home/aste0033/projects/MPNST/scDNA/CHISEL/DLPp/R2/rdr.tsv
LES4677A1_124574_51x_47y	R2	DLP	14	R2_3	tumour	/srv/home/aste0033/projects/MPNST/scDNA/CHISEL/DLPp/R2/rdr.tsv
LES4677A1_124574_52x_37y	R2	DLP	14	R2_3	tumour	/srv/home/aste0033/projects/MPNST/scDNA/CHISEL/DLPp/R2/rdr.tsv
LES4677A1_124574_53x_41y	R2	DLP	14	R2_3	tumour	/srv/home/aste0033/projects/MPNST/scDNA/CHISEL/DLPp/R2/rdr.tsv
LES4677A1_124574_53x_48y	R2	DLP	14	R2_3	tumour	/srv/home/aste0033/projects/MPNST/scDNA/CHISEL/DLPp/R2/rdr.tsv
LES4677A1_124574_53x_57y	R2	DLP	14	R2_3	tumour	/srv/home/aste0033/projects/MPNST/scDNA/CHISEL/DLPp/R2/rdr.tsv
LES4677A1_124574_54x_46y	R2	DLP	14	R2_3	tumour	/srv/home/aste0033/projects/MPNST/scDNA/CHISEL/DLPp/R2/rdr.tsv
LES4677A1_124574_55x_41y	R2	DLP	14	R2_3	tumour	/srv/home/aste0033/projects/MPNST/scDNA/CHISEL/DLPp/R2/rdr.tsv
LES4677A1_124574_55x_46y	R2	DLP	14	R2_3	tumour	/srv/home/aste0033/projects/MPNST/scDNA/CHISEL/DLPp/R2/rdr.tsv
LES4677A1_124574_56x_45y	R2	DLP	14	R2_3	tumour	/srv/home/aste0033/projects/MPNST/scDNA/CHISEL/DLPp/R2/rdr.tsv
LES4677A1_124574_56x_49y	R2	DLP	14	R2_3	tumour	/srv/home/aste0033/projects/MPNST/scDNA/CHISEL/DLPp/R2/rdr.tsv
LES4677A1_124574_57x_39y	R2	DLP	14	R2_3	tumour	/srv/home/aste0033/projects/MPNST/scDNA/CHISEL/DLPp/R2/rdr.tsv
LES4677A1_124574_57x_48y	R2	DLP	14	R2_3	tumour	/srv/home/aste0033/projects/MPNST/scDNA/CHISEL/DLPp/R2/rdr.tsv
LES4677A1_124574_58x_40y	R2	DLP	14	R2_3	tumour	/srv/home/aste0033/projects/MPNST/scDNA/CHISEL/DLPp/R2/rdr.tsv
LES4677A1_124574_58x_41y	R2	DLP	14	R2_3	tumour	/srv/home/aste0033/projects/MPNST/scDNA/CHISEL/DLPp/R2/rdr.tsv
LES4677A1_124574_58x_42y	R2	DLP	14	R2_3	tumour	/srv/home/aste0033/projects/MPNST/scDNA/CHISEL/DLPp/R2/rdr.tsv
LES4677A1_124574_58x_49y	R2	DLP	14	R2_3	tumour	/srv/home/aste0033/projects/MPNST/scDNA/CHISEL/DLPp/R2/rdr.tsv
LES4677A1_124574_59x_39y	R2	DLP	14	R2_3	tumour	/srv/home/aste0033/projects/MPNST/scDNA/CHISEL/DLPp/R2/rdr.tsv
LES4677A1_124574_59x_45y	R2	DLP	14	R2_3	tumour	/srv/home/aste0033/projects/MPNST/scDNA/CHISEL/DLPp/R2/rdr.tsv
LES4677A1_124574_61x_37y	R2	DLP	14	R2_3	tumour	/srv/home/aste0033/projects/MPNST/scDNA/CHISEL/DLPp/R2/rdr.tsv
LES4677A1_124574_61x_40y	R2	DLP	14	R2_3	tumour	/srv/home/aste0033/projects/MPNST/scDNA/CHISEL/DLPp/R2/rdr.tsv
LES4677A1_124574_61x_46y	R2	DLP	14	R2_3	tumour	/srv/home/aste0033/projects/MPNST/scDNA/CHISEL/DLPp/R2/rdr.tsv
LES4677A1_124574_62x_44y	R2	DLP	14	R2_3	tumour	/srv/home/aste0033/projects/MPNST/scDNA/CHISEL/DLPp/R2/rdr.tsv
LES4677A2_124576_15x_29y	R4	DLP	14	R2_3	tumour	/srv/home/aste0033/projects/MPNST/scDNA/CHISEL/DLPp/R4/rdr.tsv
LES4677A2_124576_21x_38y	R3	DLP	14	R2_3	tumour	/srv/home/aste0033/projects/MPNST/scDNA/CHISEL/DLPp/R3/rdr.tsv
LES4677A2_124576_30x_49y	R3	DLP	14	R2_3	tumour	/srv/home/aste0033/projects/MPNST/scDNA/CHISEL/DLPp/R3/rdr.tsv
LES4677A2_124576_49x_39y	R3	DLP	14	R2_3	tumour	/srv/home/aste0033/projects/MPNST/scDNA/CHISEL/DLPp/R3/rdr.tsv
AACACGTTCCCGCATT-1	R3	10X	12	R3_1	tumour	/mnt/iribhm/homes/aste0033/projects/MPNST/scDNA/CHISEL/10X/FIT208A5/rdr.tsv
AACCGCGTCACGCTCT-1	R3	10X	12	R3_1	tumour	/mnt/iribhm/homes/aste0033/projects/MPNST/scDNA/CHISEL/10X/FIT208A5/rdr.tsv
AAGTCTGTCTCCAGCT-1	R3	10X	12	R3_1	tumour	/mnt/iribhm/homes/aste0033/projects/MPNST/scDNA/CHISEL/10X/FIT208A5/rdr.tsv
AGATCTGGTTGCCACG-1	R3	10X	12	R3_1	tumour	/mnt/iribhm/homes/aste0033/projects/MPNST/scDNA/CHISEL/10X/FIT208A5/rdr.tsv
AGATTGCGTTGCCACG-1	R1	10X	12	R3_1	tumour	/mnt/iribhm/homes/aste0033/projects/MPNST/scDNA/CHISEL/10X/FIT208A3/rdr.tsv
AGCGTATTCGGAGTTT-1	R3	10X	12	R3_1	tumour	/mnt/iribhm/homes/aste0033/projects/MPNST/scDNA/CHISEL/10X/FIT208A5/rdr.tsv
AGGCCGTGTGGAAACC-1	R3	10X	12	R3_1	tumour	/mnt/iribhm/homes/aste0033/projects/MPNST/scDNA/CHISEL/10X/FIT208A5/rdr.tsv
AGTCTTTGTTGCCAAT-1	R3	10X	12	R3_1	tumour	/mnt/iribhm/homes/aste0033/projects/MPNST/scDNA/CHISEL/10X/FIT208A5/rdr.tsv
AGTGAGGCATTTGTGG-1	R3	10X	12	R3_1	tumour	/mnt/iribhm/homes/aste0033/projects/MPNST/scDNA/CHISEL/10X/FIT208A5/rdr.tsv
ATCACGATCAAGAGGC-1	R3	10X	12	R3_1	tumour	/mnt/iribhm/homes/aste0033/projects/MPNST/scDNA/CHISEL/10X/FIT208A5/rdr.tsv
ATCCACCTCGGTAAGG-1	R3	10X	12	R3_1	tumour	/mnt/iribhm/homes/aste0033/projects/MPNST/scDNA/CHISEL/10X/FIT208A5/rdr.tsv
ATCCGAAAGAAGGGTA-1	R3	10X	12	R3_1	tumour	/mnt/iribhm/homes/aste0033/projects/MPNST/scDNA/CHISEL/10X/FIT208A5/rdr.tsv
ATCTGCCGTACAACGG-1	R3	10X	12	R3_1	tumour	/mnt/iribhm/homes/aste0033/projects/MPNST/scDNA/CHISEL/10X/FIT208A5/rdr.tsv
ATGGGAGAGCAGTACG-1	R3	10X	12	R3_1	tumour	/mnt/iribhm/homes/aste0033/projects/MPNST/scDNA/CHISEL/10X/FIT208A5/rdr.tsv
ATGGGAGCATTCAGCA-1	R3	10X	12	R3_1	tumour	/mnt/iribhm/homes/aste0033/projects/MPNST/scDNA/CHISEL/10X/FIT208A5/rdr.tsv
ATTCTACTCAGATTCG-1	P	10X	12	R3_1	tumour	/mnt/iribhm/homes/aste0033/projects/MPNST/scDNA/CHISEL/10X/FIT208A8/rdr.tsv
CAAGTTGGTAGCAGTG-1	R3	10X	12	R3_1	tumour	/mnt/iribhm/homes/aste0033/projects/MPNST/scDNA/CHISEL/10X/FIT208A5/rdr.tsv
CACACCTAGAGTCCTT-1	R3	10X	12	R3_1	tumour	/mnt/iribhm/homes/aste0033/projects/MPNST/scDNA/CHISEL/10X/FIT208A5/rdr.tsv
CACAGGCGTAGCCCTG-1	R3	10X	12	R3_1	tumour	/mnt/iribhm/homes/aste0033/projects/MPNST/scDNA/CHISEL/10X/FIT208A5/rdr.tsv
CACATTTCAGAGGTCA-1	R3	10X	12	R3_1	tumour	/mnt/iribhm/homes/aste0033/projects/MPNST/scDNA/CHISEL/10X/FIT208A5/rdr.tsv
CACCACTTCTCGGTTC-1	P	10X	12	R3_1	tumour	/mnt/iribhm/homes/aste0033/projects/MPNST/scDNA/CHISEL/10X/FIT208A8/rdr.tsv
CACTCCAAGAGTCCTT-1	R3	10X	12	R3_1	tumour	/mnt/iribhm/homes/aste0033/projects/MPNST/scDNA/CHISEL/10X/FIT208A5/rdr.tsv
CAGTAACTCACACTAG-1	R3	10X	12	R3_1	tumour	/mnt/iribhm/homes/aste0033/projects/MPNST/scDNA/CHISEL/10X/FIT208A5/rdr.tsv
CCAATCCAGTGATGGC-1	R3	10X	12	R3_1	tumour	/mnt/iribhm/homes/aste0033/projects/MPNST/scDNA/CHISEL/10X/FIT208A5/rdr.tsv
CCCTCCTCACAGCTGC-1	R3	10X	12	R3_1	tumour	/mnt/iribhm/homes/aste0033/projects/MPNST/scDNA/CHISEL/10X/FIT208A5/rdr.tsv
CCCTCCTTCGATAGGG-1	R3	10X	12	R3_1	tumour	/mnt/iribhm/homes/aste0033/projects/MPNST/scDNA/CHISEL/10X/FIT208A5/rdr.tsv
CCTACCAAGAAGGGTA-1	R3	10X	12	R3_1	tumour	/mnt/iribhm/homes/aste0033/projects/MPNST/scDNA/CHISEL/10X/FIT208A5/rdr.tsv
CCTAGCTTCTGCACAA-1	R3	10X	12	R3_1	tumour	/mnt/iribhm/homes/aste0033/projects/MPNST/scDNA/CHISEL/10X/FIT208A5/rdr.tsv
CCTATTAAGACAAGCC-1	R3	10X	12	R3_1	tumour	/mnt/iribhm/homes/aste0033/projects/MPNST/scDNA/CHISEL/10X/FIT208A5/rdr.tsv
CGAACATGTAAGGTGC-1	R3	10X	12	R3_1	tumour	/mnt/iribhm/homes/aste0033/projects/MPNST/scDNA/CHISEL/10X/FIT208A5/rdr.tsv
CGAGAAGGTGGCCTGT-1	R3	10X	12	R3_1	tumour	/mnt/iribhm/homes/aste0033/projects/MPNST/scDNA/CHISEL/10X/FIT208A5/rdr.tsv
CGAGCACTCACACGTA-1	R3	10X	12	R3_1	tumour	/mnt/iribhm/homes/aste0033/projects/MPNST/scDNA/CHISEL/10X/FIT208A5/rdr.tsv
CGCCAAGTCGTATTGG-1	R3	10X	12	R3_1	tumour	/mnt/iribhm/homes/aste0033/projects/MPNST/scDNA/CHISEL/10X/FIT208A5/rdr.tsv
CGCTTCACACGATAGG-1	R3	10X	12	R3_1	tumour	/mnt/iribhm/homes/aste0033/projects/MPNST/scDNA/CHISEL/10X/FIT208A5/rdr.tsv
CGTCACTCAACCTGCG-1	R3	10X	12	R3_1	tumour	/mnt/iribhm/homes/aste0033/projects/MPNST/scDNA/CHISEL/10X/FIT208A5/rdr.tsv
CGTCAGGCAACCTGAT-1	R3	10X	12	R3_1	tumour	/mnt/iribhm/homes/aste0033/projects/MPNST/scDNA/CHISEL/10X/FIT208A5/rdr.tsv
CGTCAGGCATACGTTG-1	R3	10X	12	R3_1	tumour	/mnt/iribhm/homes/aste0033/projects/MPNST/scDNA/CHISEL/10X/FIT208A5/rdr.tsv
CGTTAGACATTATCCT-1	R3	10X	12	R3_1	tumour	/mnt/iribhm/homes/aste0033/projects/MPNST/scDNA/CHISEL/10X/FIT208A5/rdr.tsv
CTCAGAATCCCTAAGA-1	R3	10X	12	R3_1	tumour	/mnt/iribhm/homes/aste0033/projects/MPNST/scDNA/CHISEL/10X/FIT208A5/rdr.tsv
CTCGAGGGTACCACTA-1	R3	10X	12	R3_1	tumour	/mnt/iribhm/homes/aste0033/projects/MPNST/scDNA/CHISEL/10X/FIT208A5/rdr.tsv
CTCGTACGTTAACCAC-1	R3	10X	12	R3_1	tumour	/mnt/iribhm/homes/aste0033/projects/MPNST/scDNA/CHISEL/10X/FIT208A5/rdr.tsv
CTGAAGTCAGGTTAAA-1	R3	10X	12	R3_1	tumour	/mnt/iribhm/homes/aste0033/projects/MPNST/scDNA/CHISEL/10X/FIT208A5/rdr.tsv
GAATGAATCACACTAG-1	R3	10X	12	R3_1	tumour	/mnt/iribhm/homes/aste0033/projects/MPNST/scDNA/CHISEL/10X/FIT208A5/rdr.tsv
GACACGCCACGGCTGT-1	R3	10X	12	R3_1	tumour	/mnt/iribhm/homes/aste0033/projects/MPNST/scDNA/CHISEL/10X/FIT208A5/rdr.tsv
GACAGAGCATAGACAA-1	R3	10X	12	R3_1	tumour	/mnt/iribhm/homes/aste0033/projects/MPNST/scDNA/CHISEL/10X/FIT208A5/rdr.tsv
GACTGCGTCCCGAATA-1	R3	10X	12	R3_1	tumour	/mnt/iribhm/homes/aste0033/projects/MPNST/scDNA/CHISEL/10X/FIT208A5/rdr.tsv
GATCGATGTCCGCAGT-1	R3	10X	12	R3_1	tumour	/mnt/iribhm/homes/aste0033/projects/MPNST/scDNA/CHISEL/10X/FIT208A5/rdr.tsv
GCATGTATCCAGGTTA-1	R3	10X	12	R3_1	tumour	/mnt/iribhm/homes/aste0033/projects/MPNST/scDNA/CHISEL/10X/FIT208A5/rdr.tsv
GCCAAATGTTTCCATT-1	R3	10X	12	R3_1	tumour	/mnt/iribhm/homes/aste0033/projects/MPNST/scDNA/CHISEL/10X/FIT208A5/rdr.tsv
GCGACCACACCGAACC-1	R3	10X	12	R3_1	tumour	/mnt/iribhm/homes/aste0033/projects/MPNST/scDNA/CHISEL/10X/FIT208A5/rdr.tsv
GCTTGAACATATGTGC-1	R3	10X	12	R3_1	tumour	/mnt/iribhm/homes/aste0033/projects/MPNST/scDNA/CHISEL/10X/FIT208A5/rdr.tsv
GTAACGTAGAGGTAGA-1	R3	10X	12	R3_1	tumour	/mnt/iribhm/homes/aste0033/projects/MPNST/scDNA/CHISEL/10X/FIT208A5/rdr.tsv
GTCACGGGTGGTTCTA-1	R3	10X	12	R3_1	tumour	/mnt/iribhm/homes/aste0033/projects/MPNST/scDNA/CHISEL/10X/FIT208A5/rdr.tsv
GTCATTTTCGATACAC-1	R3	10X	12	R3_1	tumour	/mnt/iribhm/homes/aste0033/projects/MPNST/scDNA/CHISEL/10X/FIT208A5/rdr.tsv
GTCCTCAAGAGTAGCC-1	R3	10X	12	R3_1	tumour	/mnt/iribhm/homes/aste0033/projects/MPNST/scDNA/CHISEL/10X/FIT208A5/rdr.tsv
GTCTCGTCATAGAGGC-1	R3	10X	12	R3_1	tumour	/mnt/iribhm/homes/aste0033/projects/MPNST/scDNA/CHISEL/10X/FIT208A5/rdr.tsv
GTGCGGTAGGACAGAA-1	R3	10X	12	R3_1	tumour	/mnt/iribhm/homes/aste0033/projects/MPNST/scDNA/CHISEL/10X/FIT208A5/rdr.tsv
GTGCTTCTCCACCGGA-1	R3	10X	12	R3_1	tumour	/mnt/iribhm/homes/aste0033/projects/MPNST/scDNA/CHISEL/10X/FIT208A5/rdr.tsv
TACCTTACAACCGGAA-1	R3	10X	12	R3_1	tumour	/mnt/iribhm/homes/aste0033/projects/MPNST/scDNA/CHISEL/10X/FIT208A5/rdr.tsv
TACTCGCGTACCAGTT-1	R1	10X	12	R3_1	tumour	/mnt/iribhm/homes/aste0033/projects/MPNST/scDNA/CHISEL/10X/FIT208A3/rdr.tsv
TAGCCGGAGGGTTCGA-1	R3	10X	12	R3_1	tumour	/mnt/iribhm/homes/aste0033/projects/MPNST/scDNA/CHISEL/10X/FIT208A5/rdr.tsv
TAGTGGTCAATAACAG-1	R3	10X	12	R3_1	tumour	/mnt/iribhm/homes/aste0033/projects/MPNST/scDNA/CHISEL/10X/FIT208A5/rdr.tsv
TCAGGTAAGCCCAACC-1	R3	10X	12	R3_1	tumour	/mnt/iribhm/homes/aste0033/projects/MPNST/scDNA/CHISEL/10X/FIT208A5/rdr.tsv
TGGCTGGCATAGGTCT-1	R3	10X	12	R3_1	tumour	/mnt/iribhm/homes/aste0033/projects/MPNST/scDNA/CHISEL/10X/FIT208A5/rdr.tsv
TGGGCGTAGCAGTACG-1	R3	10X	12	R3_1	tumour	/mnt/iribhm/homes/aste0033/projects/MPNST/scDNA/CHISEL/10X/FIT208A5/rdr.tsv
TTAACTCGTGTGCTTA-1	R3	10X	12	R3_1	tumour	/mnt/iribhm/homes/aste0033/projects/MPNST/scDNA/CHISEL/10X/FIT208A5/rdr.tsv
TTCGGTCTCCGATACA-1	R3	10X	12	R3_1	tumour	/mnt/iribhm/homes/aste0033/projects/MPNST/scDNA/CHISEL/10X/FIT208A5/rdr.tsv
LES4677A1_124574_15x_53y	R2	DLP	12	R3_1	tumour	/srv/home/aste0033/projects/MPNST/scDNA/CHISEL/DLPp/R2/rdr.tsv
LES4677A1_124574_30x_55y	R2	DLP	12	R3_1	tumour	/srv/home/aste0033/projects/MPNST/scDNA/CHISEL/DLPp/R2/rdr.tsv
LES4677A1_124574_32x_46y	R2	DLP	12	R3_1	tumour	/srv/home/aste0033/projects/MPNST/scDNA/CHISEL/DLPp/R2/rdr.tsv
LES4677A1_124574_34x_49y	R2	DLP	12	R3_1	tumour	/srv/home/aste0033/projects/MPNST/scDNA/CHISEL/DLPp/R2/rdr.tsv
LES4677A1_124574_48x_47y	R2	DLP	12	R3_1	tumour	/srv/home/aste0033/projects/MPNST/scDNA/CHISEL/DLPp/R2/rdr.tsv
LES4677A1_124574_49x_47y	R2	DLP	12	R3_1	tumour	/srv/home/aste0033/projects/MPNST/scDNA/CHISEL/DLPp/R2/rdr.tsv
LES4677A1_124574_53x_28y	R1	DLP	12	R3_1	tumour	/srv/home/aste0033/projects/MPNST/scDNA/CHISEL/DLPp/R1/rdr.tsv
LES4677A1_124574_55x_50y	R2	DLP	12	R3_1	tumour	/srv/home/aste0033/projects/MPNST/scDNA/CHISEL/DLPp/R2/rdr.tsv
LES4677A2_124576_14x_38y	R3	DLP	12	R3_1	tumour	/srv/home/aste0033/projects/MPNST/scDNA/CHISEL/DLPp/R3/rdr.tsv
LES4677A2_124576_14x_40y	R3	DLP	12	R3_1	tumour	/srv/home/aste0033/projects/MPNST/scDNA/CHISEL/DLPp/R3/rdr.tsv
LES4677A2_124576_14x_41y	R3	DLP	12	R3_1	tumour	/srv/home/aste0033/projects/MPNST/scDNA/CHISEL/DLPp/R3/rdr.tsv
LES4677A2_124576_14x_44y	R3	DLP	12	R3_1	tumour	/srv/home/aste0033/projects/MPNST/scDNA/CHISEL/DLPp/R3/rdr.tsv
LES4677A2_124576_14x_59y	R3	DLP	12	R3_1	tumour	/srv/home/aste0033/projects/MPNST/scDNA/CHISEL/DLPp/R3/rdr.tsv
LES4677A2_124576_15x_38y	R3	DLP	12	R3_1	tumour	/srv/home/aste0033/projects/MPNST/scDNA/CHISEL/DLPp/R3/rdr.tsv
LES4677A2_124576_15x_39y	R3	DLP	12	R3_1	tumour	/srv/home/aste0033/projects/MPNST/scDNA/CHISEL/DLPp/R3/rdr.tsv
LES4677A2_124576_15x_40y	R3	DLP	12	R3_1	tumour	/srv/home/aste0033/projects/MPNST/scDNA/CHISEL/DLPp/R3/rdr.tsv
LES4677A2_124576_15x_42y	R3	DLP	12	R3_1	tumour	/srv/home/aste0033/projects/MPNST/scDNA/CHISEL/DLPp/R3/rdr.tsv
LES4677A2_124576_15x_43y	R3	DLP	12	R3_1	tumour	/srv/home/aste0033/projects/MPNST/scDNA/CHISEL/DLPp/R3/rdr.tsv
LES4677A2_124576_15x_46y	R3	DLP	12	R3_1	tumour	/srv/home/aste0033/projects/MPNST/scDNA/CHISEL/DLPp/R3/rdr.tsv
LES4677A2_124576_15x_49y	R3	DLP	12	R3_1	tumour	/srv/home/aste0033/projects/MPNST/scDNA/CHISEL/DLPp/R3/rdr.tsv
LES4677A2_124576_15x_51y	R3	DLP	12	R3_1	tumour	/srv/home/aste0033/projects/MPNST/scDNA/CHISEL/DLPp/R3/rdr.tsv
LES4677A2_124576_15x_52y	R3	DLP	12	R3_1	tumour	/srv/home/aste0033/projects/MPNST/scDNA/CHISEL/DLPp/R3/rdr.tsv
LES4677A2_124576_15x_53y	R3	DLP	12	R3_1	tumour	/srv/home/aste0033/projects/MPNST/scDNA/CHISEL/DLPp/R3/rdr.tsv
LES4677A2_124576_15x_56y	R3	DLP	12	R3_1	tumour	/srv/home/aste0033/projects/MPNST/scDNA/CHISEL/DLPp/R3/rdr.tsv
LES4677A2_124576_15x_60y	R3	DLP	12	R3_1	tumour	/srv/home/aste0033/projects/MPNST/scDNA/CHISEL/DLPp/R3/rdr.tsv
LES4677A2_124576_16x_38y	R3	DLP	12	R3_1	tumour	/srv/home/aste0033/projects/MPNST/scDNA/CHISEL/DLPp/R3/rdr.tsv
LES4677A2_124576_16x_40y	R3	DLP	12	R3_1	tumour	/srv/home/aste0033/projects/MPNST/scDNA/CHISEL/DLPp/R3/rdr.tsv
LES4677A2_124576_16x_41y	R3	DLP	12	R3_1	tumour	/srv/home/aste0033/projects/MPNST/scDNA/CHISEL/DLPp/R3/rdr.tsv
LES4677A2_124576_16x_43y	R3	DLP	12	R3_1	tumour	/srv/home/aste0033/projects/MPNST/scDNA/CHISEL/DLPp/R3/rdr.tsv
LES4677A2_124576_16x_45y	R3	DLP	12	R3_1	tumour	/srv/home/aste0033/projects/MPNST/scDNA/CHISEL/DLPp/R3/rdr.tsv
LES4677A2_124576_16x_48y	R3	DLP	12	R3_1	tumour	/srv/home/aste0033/projects/MPNST/scDNA/CHISEL/DLPp/R3/rdr.tsv
LES4677A2_124576_16x_50y	R3	DLP	12	R3_1	tumour	/srv/home/aste0033/projects/MPNST/scDNA/CHISEL/DLPp/R3/rdr.tsv
LES4677A2_124576_16x_52y	R3	DLP	12	R3_1	tumour	/srv/home/aste0033/projects/MPNST/scDNA/CHISEL/DLPp/R3/rdr.tsv
LES4677A2_124576_16x_53y	R3	DLP	12	R3_1	tumour	/srv/home/aste0033/projects/MPNST/scDNA/CHISEL/DLPp/R3/rdr.tsv
LES4677A2_124576_16x_54y	R3	DLP	12	R3_1	tumour	/srv/home/aste0033/projects/MPNST/scDNA/CHISEL/DLPp/R3/rdr.tsv
LES4677A2_124576_16x_57y	R3	DLP	12	R3_1	tumour	/srv/home/aste0033/projects/MPNST/scDNA/CHISEL/DLPp/R3/rdr.tsv
LES4677A2_124576_16x_60y	R3	DLP	12	R3_1	tumour	/srv/home/aste0033/projects/MPNST/scDNA/CHISEL/DLPp/R3/rdr.tsv
LES4677A2_124576_17x_38y	R3	DLP	12	R3_1	tumour	/srv/home/aste0033/projects/MPNST/scDNA/CHISEL/DLPp/R3/rdr.tsv
LES4677A2_124576_17x_39y	R3	DLP	12	R3_1	tumour	/srv/home/aste0033/projects/MPNST/scDNA/CHISEL/DLPp/R3/rdr.tsv
LES4677A2_124576_17x_40y	R3	DLP	12	R3_1	tumour	/srv/home/aste0033/projects/MPNST/scDNA/CHISEL/DLPp/R3/rdr.tsv
LES4677A2_124576_17x_42y	R3	DLP	12	R3_1	tumour	/srv/home/aste0033/projects/MPNST/scDNA/CHISEL/DLPp/R3/rdr.tsv
LES4677A2_124576_17x_43y	R3	DLP	12	R3_1	tumour	/srv/home/aste0033/projects/MPNST/scDNA/CHISEL/DLPp/R3/rdr.tsv
LES4677A2_124576_17x_44y	R3	DLP	12	R3_1	tumour	/srv/home/aste0033/projects/MPNST/scDNA/CHISEL/DLPp/R3/rdr.tsv
LES4677A2_124576_17x_45y	R3	DLP	12	R3_1	tumour	/srv/home/aste0033/projects/MPNST/scDNA/CHISEL/DLPp/R3/rdr.tsv
LES4677A2_124576_17x_47y	R3	DLP	12	R3_1	tumour	/srv/home/aste0033/projects/MPNST/scDNA/CHISEL/DLPp/R3/rdr.tsv
LES4677A2_124576_17x_48y	R3	DLP	12	R3_1	tumour	/srv/home/aste0033/projects/MPNST/scDNA/CHISEL/DLPp/R3/rdr.tsv
LES4677A2_124576_17x_49y	R3	DLP	12	R3_1	tumour	/srv/home/aste0033/projects/MPNST/scDNA/CHISEL/DLPp/R3/rdr.tsv
LES4677A2_124576_17x_50y	R3	DLP	12	R3_1	tumour	/srv/home/aste0033/projects/MPNST/scDNA/CHISEL/DLPp/R3/rdr.tsv
LES4677A2_124576_17x_51y	R3	DLP	12	R3_1	tumour	/srv/home/aste0033/projects/MPNST/scDNA/CHISEL/DLPp/R3/rdr.tsv
LES4677A2_124576_17x_54y	R3	DLP	12	R3_1	tumour	/srv/home/aste0033/projects/MPNST/scDNA/CHISEL/DLPp/R3/rdr.tsv
LES4677A2_124576_17x_56y	R3	DLP	12	R3_1	tumour	/srv/home/aste0033/projects/MPNST/scDNA/CHISEL/DLPp/R3/rdr.tsv
LES4677A2_124576_17x_60y	R3	DLP	12	R3_1	tumour	/srv/home/aste0033/projects/MPNST/scDNA/CHISEL/DLPp/R3/rdr.tsv
LES4677A2_124576_18x_39y	R3	DLP	12	R3_1	tumour	/srv/home/aste0033/projects/MPNST/scDNA/CHISEL/DLPp/R3/rdr.tsv
LES4677A2_124576_18x_41y	R3	DLP	12	R3_1	tumour	/srv/home/aste0033/projects/MPNST/scDNA/CHISEL/DLPp/R3/rdr.tsv
LES4677A2_124576_18x_42y	R3	DLP	12	R3_1	tumour	/srv/home/aste0033/projects/MPNST/scDNA/CHISEL/DLPp/R3/rdr.tsv
LES4677A2_124576_18x_44y	R3	DLP	12	R3_1	tumour	/srv/home/aste0033/projects/MPNST/scDNA/CHISEL/DLPp/R3/rdr.tsv
LES4677A2_124576_18x_45y	R3	DLP	12	R3_1	tumour	/srv/home/aste0033/projects/MPNST/scDNA/CHISEL/DLPp/R3/rdr.tsv
LES4677A2_124576_18x_48y	R3	DLP	12	R3_1	tumour	/srv/home/aste0033/projects/MPNST/scDNA/CHISEL/DLPp/R3/rdr.tsv
LES4677A2_124576_18x_49y	R3	DLP	12	R3_1	tumour	/srv/home/aste0033/projects/MPNST/scDNA/CHISEL/DLPp/R3/rdr.tsv
LES4677A2_124576_18x_60y	R3	DLP	12	R3_1	tumour	/srv/home/aste0033/projects/MPNST/scDNA/CHISEL/DLPp/R3/rdr.tsv
LES4677A2_124576_19x_39y	R3	DLP	12	R3_1	tumour	/srv/home/aste0033/projects/MPNST/scDNA/CHISEL/DLPp/R3/rdr.tsv
LES4677A2_124576_19x_41y	R3	DLP	12	R3_1	tumour	/srv/home/aste0033/projects/MPNST/scDNA/CHISEL/DLPp/R3/rdr.tsv
LES4677A2_124576_19x_42y	R3	DLP	12	R3_1	tumour	/srv/home/aste0033/projects/MPNST/scDNA/CHISEL/DLPp/R3/rdr.tsv
LES4677A2_124576_19x_43y	R3	DLP	12	R3_1	tumour	/srv/home/aste0033/projects/MPNST/scDNA/CHISEL/DLPp/R3/rdr.tsv
LES4677A2_124576_19x_44y	R3	DLP	12	R3_1	tumour	/srv/home/aste0033/projects/MPNST/scDNA/CHISEL/DLPp/R3/rdr.tsv
LES4677A2_124576_19x_46y	R3	DLP	12	R3_1	tumour	/srv/home/aste0033/projects/MPNST/scDNA/CHISEL/DLPp/R3/rdr.tsv
LES4677A2_124576_19x_47y	R3	DLP	12	R3_1	tumour	/srv/home/aste0033/projects/MPNST/scDNA/CHISEL/DLPp/R3/rdr.tsv
LES4677A2_124576_19x_49y	R3	DLP	12	R3_1	tumour	/srv/home/aste0033/projects/MPNST/scDNA/CHISEL/DLPp/R3/rdr.tsv
LES4677A2_124576_19x_52y	R3	DLP	12	R3_1	tumour	/srv/home/aste0033/projects/MPNST/scDNA/CHISEL/DLPp/R3/rdr.tsv
LES4677A2_124576_19x_53y	R3	DLP	12	R3_1	tumour	/srv/home/aste0033/projects/MPNST/scDNA/CHISEL/DLPp/R3/rdr.tsv
LES4677A2_124576_20x_40y	R3	DLP	12	R3_1	tumour	/srv/home/aste0033/projects/MPNST/scDNA/CHISEL/DLPp/R3/rdr.tsv
LES4677A2_124576_20x_41y	R3	DLP	12	R3_1	tumour	/srv/home/aste0033/projects/MPNST/scDNA/CHISEL/DLPp/R3/rdr.tsv
LES4677A2_124576_20x_44y	R3	DLP	12	R3_1	tumour	/srv/home/aste0033/projects/MPNST/scDNA/CHISEL/DLPp/R3/rdr.tsv
LES4677A2_124576_20x_59y	R3	DLP	12	R3_1	tumour	/srv/home/aste0033/projects/MPNST/scDNA/CHISEL/DLPp/R3/rdr.tsv
LES4677A2_124576_21x_40y	R3	DLP	12	R3_1	tumour	/srv/home/aste0033/projects/MPNST/scDNA/CHISEL/DLPp/R3/rdr.tsv
LES4677A2_124576_21x_43y	R3	DLP	12	R3_1	tumour	/srv/home/aste0033/projects/MPNST/scDNA/CHISEL/DLPp/R3/rdr.tsv
LES4677A2_124576_21x_44y	R3	DLP	12	R3_1	tumour	/srv/home/aste0033/projects/MPNST/scDNA/CHISEL/DLPp/R3/rdr.tsv
LES4677A2_124576_21x_47y	R3	DLP	12	R3_1	tumour	/srv/home/aste0033/projects/MPNST/scDNA/CHISEL/DLPp/R3/rdr.tsv
LES4677A2_124576_21x_48y	R3	DLP	12	R3_1	tumour	/srv/home/aste0033/projects/MPNST/scDNA/CHISEL/DLPp/R3/rdr.tsv
LES4677A2_124576_21x_51y	R3	DLP	12	R3_1	tumour	/srv/home/aste0033/projects/MPNST/scDNA/CHISEL/DLPp/R3/rdr.tsv
LES4677A2_124576_21x_55y	R3	DLP	12	R3_1	tumour	/srv/home/aste0033/projects/MPNST/scDNA/CHISEL/DLPp/R3/rdr.tsv
LES4677A2_124576_22x_41y	R3	DLP	12	R3_1	tumour	/srv/home/aste0033/projects/MPNST/scDNA/CHISEL/DLPp/R3/rdr.tsv
LES4677A2_124576_22x_43y	R3	DLP	12	R3_1	tumour	/srv/home/aste0033/projects/MPNST/scDNA/CHISEL/DLPp/R3/rdr.tsv
LES4677A2_124576_22x_44y	R3	DLP	12	R3_1	tumour	/srv/home/aste0033/projects/MPNST/scDNA/CHISEL/DLPp/R3/rdr.tsv
LES4677A2_124576_22x_47y	R3	DLP	12	R3_1	tumour	/srv/home/aste0033/projects/MPNST/scDNA/CHISEL/DLPp/R3/rdr.tsv
LES4677A2_124576_23x_38y	R3	DLP	12	R3_1	tumour	/srv/home/aste0033/projects/MPNST/scDNA/CHISEL/DLPp/R3/rdr.tsv
LES4677A2_124576_23x_39y	R3	DLP	12	R3_1	tumour	/srv/home/aste0033/projects/MPNST/scDNA/CHISEL/DLPp/R3/rdr.tsv
LES4677A2_124576_23x_40y	R3	DLP	12	R3_1	tumour	/srv/home/aste0033/projects/MPNST/scDNA/CHISEL/DLPp/R3/rdr.tsv
LES4677A2_124576_23x_42y	R3	DLP	12	R3_1	tumour	/srv/home/aste0033/projects/MPNST/scDNA/CHISEL/DLPp/R3/rdr.tsv
LES4677A2_124576_23x_47y	R3	DLP	12	R3_1	tumour	/srv/home/aste0033/projects/MPNST/scDNA/CHISEL/DLPp/R3/rdr.tsv
LES4677A2_124576_23x_48y	R3	DLP	12	R3_1	tumour	/srv/home/aste0033/projects/MPNST/scDNA/CHISEL/DLPp/R3/rdr.tsv
LES4677A2_124576_23x_50y	R3	DLP	12	R3_1	tumour	/srv/home/aste0033/projects/MPNST/scDNA/CHISEL/DLPp/R3/rdr.tsv
LES4677A2_124576_23x_54y	R3	DLP	12	R3_1	tumour	/srv/home/aste0033/projects/MPNST/scDNA/CHISEL/DLPp/R3/rdr.tsv
LES4677A2_124576_23x_59y	R3	DLP	12	R3_1	tumour	/srv/home/aste0033/projects/MPNST/scDNA/CHISEL/DLPp/R3/rdr.tsv
LES4677A2_124576_24x_39y	R3	DLP	12	R3_1	tumour	/srv/home/aste0033/projects/MPNST/scDNA/CHISEL/DLPp/R3/rdr.tsv
LES4677A2_124576_24x_42y	R3	DLP	12	R3_1	tumour	/srv/home/aste0033/projects/MPNST/scDNA/CHISEL/DLPp/R3/rdr.tsv
LES4677A2_124576_24x_43y	R3	DLP	12	R3_1	tumour	/srv/home/aste0033/projects/MPNST/scDNA/CHISEL/DLPp/R3/rdr.tsv
LES4677A2_124576_24x_46y	R3	DLP	12	R3_1	tumour	/srv/home/aste0033/projects/MPNST/scDNA/CHISEL/DLPp/R3/rdr.tsv
LES4677A2_124576_24x_47y	R3	DLP	12	R3_1	tumour	/srv/home/aste0033/projects/MPNST/scDNA/CHISEL/DLPp/R3/rdr.tsv
LES4677A2_124576_24x_48y	R3	DLP	12	R3_1	tumour	/srv/home/aste0033/projects/MPNST/scDNA/CHISEL/DLPp/R3/rdr.tsv
LES4677A2_124576_24x_51y	R3	DLP	12	R3_1	tumour	/srv/home/aste0033/projects/MPNST/scDNA/CHISEL/DLPp/R3/rdr.tsv
LES4677A2_124576_24x_53y	R3	DLP	12	R3_1	tumour	/srv/home/aste0033/projects/MPNST/scDNA/CHISEL/DLPp/R3/rdr.tsv
LES4677A2_124576_24x_54y	R3	DLP	12	R3_1	tumour	/srv/home/aste0033/projects/MPNST/scDNA/CHISEL/DLPp/R3/rdr.tsv
LES4677A2_124576_24x_59y	R3	DLP	12	R3_1	tumour	/srv/home/aste0033/projects/MPNST/scDNA/CHISEL/DLPp/R3/rdr.tsv
LES4677A2_124576_24x_60y	R3	DLP	12	R3_1	tumour	/srv/home/aste0033/projects/MPNST/scDNA/CHISEL/DLPp/R3/rdr.tsv
LES4677A2_124576_25x_38y	R3	DLP	12	R3_1	tumour	/srv/home/aste0033/projects/MPNST/scDNA/CHISEL/DLPp/R3/rdr.tsv
LES4677A2_124576_25x_43y	R3	DLP	12	R3_1	tumour	/srv/home/aste0033/projects/MPNST/scDNA/CHISEL/DLPp/R3/rdr.tsv
LES4677A2_124576_25x_50y	R3	DLP	12	R3_1	tumour	/srv/home/aste0033/projects/MPNST/scDNA/CHISEL/DLPp/R3/rdr.tsv
LES4677A2_124576_25x_59y	R3	DLP	12	R3_1	tumour	/srv/home/aste0033/projects/MPNST/scDNA/CHISEL/DLPp/R3/rdr.tsv
LES4677A2_124576_26x_38y	R3	DLP	12	R3_1	tumour	/srv/home/aste0033/projects/MPNST/scDNA/CHISEL/DLPp/R3/rdr.tsv
LES4677A2_124576_26x_42y	R3	DLP	12	R3_1	tumour	/srv/home/aste0033/projects/MPNST/scDNA/CHISEL/DLPp/R3/rdr.tsv
LES4677A2_124576_26x_43y	R3	DLP	12	R3_1	tumour	/srv/home/aste0033/projects/MPNST/scDNA/CHISEL/DLPp/R3/rdr.tsv
LES4677A2_124576_26x_49y	R3	DLP	12	R3_1	tumour	/srv/home/aste0033/projects/MPNST/scDNA/CHISEL/DLPp/R3/rdr.tsv
LES4677A2_124576_26x_50y	R3	DLP	12	R3_1	tumour	/srv/home/aste0033/projects/MPNST/scDNA/CHISEL/DLPp/R3/rdr.tsv
LES4677A2_124576_26x_52y	R3	DLP	12	R3_1	tumour	/srv/home/aste0033/projects/MPNST/scDNA/CHISEL/DLPp/R3/rdr.tsv
LES4677A2_124576_26x_53y	R3	DLP	12	R3_1	tumour	/srv/home/aste0033/projects/MPNST/scDNA/CHISEL/DLPp/R3/rdr.tsv
LES4677A2_124576_26x_54y	R3	DLP	12	R3_1	tumour	/srv/home/aste0033/projects/MPNST/scDNA/CHISEL/DLPp/R3/rdr.tsv
LES4677A2_124576_27x_40y	R3	DLP	12	R3_1	tumour	/srv/home/aste0033/projects/MPNST/scDNA/CHISEL/DLPp/R3/rdr.tsv
LES4677A2_124576_27x_41y	R3	DLP	12	R3_1	tumour	/srv/home/aste0033/projects/MPNST/scDNA/CHISEL/DLPp/R3/rdr.tsv
LES4677A2_124576_27x_46y	R3	DLP	12	R3_1	tumour	/srv/home/aste0033/projects/MPNST/scDNA/CHISEL/DLPp/R3/rdr.tsv
LES4677A2_124576_28x_40y	R3	DLP	12	R3_1	tumour	/srv/home/aste0033/projects/MPNST/scDNA/CHISEL/DLPp/R3/rdr.tsv
LES4677A2_124576_28x_44y	R3	DLP	12	R3_1	tumour	/srv/home/aste0033/projects/MPNST/scDNA/CHISEL/DLPp/R3/rdr.tsv
LES4677A2_124576_28x_59y	R3	DLP	12	R3_1	tumour	/srv/home/aste0033/projects/MPNST/scDNA/CHISEL/DLPp/R3/rdr.tsv
LES4677A2_124576_29x_38y	R3	DLP	12	R3_1	tumour	/srv/home/aste0033/projects/MPNST/scDNA/CHISEL/DLPp/R3/rdr.tsv
LES4677A2_124576_29x_40y	R3	DLP	12	R3_1	tumour	/srv/home/aste0033/projects/MPNST/scDNA/CHISEL/DLPp/R3/rdr.tsv
LES4677A2_124576_29x_41y	R3	DLP	12	R3_1	tumour	/srv/home/aste0033/projects/MPNST/scDNA/CHISEL/DLPp/R3/rdr.tsv
LES4677A2_124576_29x_43y	R3	DLP	12	R3_1	tumour	/srv/home/aste0033/projects/MPNST/scDNA/CHISEL/DLPp/R3/rdr.tsv
LES4677A2_124576_29x_44y	R3	DLP	12	R3_1	tumour	/srv/home/aste0033/projects/MPNST/scDNA/CHISEL/DLPp/R3/rdr.tsv
LES4677A2_124576_29x_53y	R3	DLP	12	R3_1	tumour	/srv/home/aste0033/projects/MPNST/scDNA/CHISEL/DLPp/R3/rdr.tsv
LES4677A2_124576_29x_58y	R3	DLP	12	R3_1	tumour	/srv/home/aste0033/projects/MPNST/scDNA/CHISEL/DLPp/R3/rdr.tsv
LES4677A2_124576_30x_38y	R3	DLP	12	R3_1	tumour	/srv/home/aste0033/projects/MPNST/scDNA/CHISEL/DLPp/R3/rdr.tsv
LES4677A2_124576_30x_40y	R3	DLP	12	R3_1	tumour	/srv/home/aste0033/projects/MPNST/scDNA/CHISEL/DLPp/R3/rdr.tsv
LES4677A2_124576_30x_44y	R3	DLP	12	R3_1	tumour	/srv/home/aste0033/projects/MPNST/scDNA/CHISEL/DLPp/R3/rdr.tsv
LES4677A2_124576_30x_45y	R3	DLP	12	R3_1	tumour	/srv/home/aste0033/projects/MPNST/scDNA/CHISEL/DLPp/R3/rdr.tsv
LES4677A2_124576_30x_46y	R3	DLP	12	R3_1	tumour	/srv/home/aste0033/projects/MPNST/scDNA/CHISEL/DLPp/R3/rdr.tsv
LES4677A2_124576_30x_50y	R3	DLP	12	R3_1	tumour	/srv/home/aste0033/projects/MPNST/scDNA/CHISEL/DLPp/R3/rdr.tsv
LES4677A2_124576_30x_51y	R3	DLP	12	R3_1	tumour	/srv/home/aste0033/projects/MPNST/scDNA/CHISEL/DLPp/R3/rdr.tsv
LES4677A2_124576_30x_52y	R3	DLP	12	R3_1	tumour	/srv/home/aste0033/projects/MPNST/scDNA/CHISEL/DLPp/R3/rdr.tsv
LES4677A2_124576_30x_53y	R3	DLP	12	R3_1	tumour	/srv/home/aste0033/projects/MPNST/scDNA/CHISEL/DLPp/R3/rdr.tsv
LES4677A2_124576_30x_56y	R3	DLP	12	R3_1	tumour	/srv/home/aste0033/projects/MPNST/scDNA/CHISEL/DLPp/R3/rdr.tsv
LES4677A2_124576_30x_59y	R3	DLP	12	R3_1	tumour	/srv/home/aste0033/projects/MPNST/scDNA/CHISEL/DLPp/R3/rdr.tsv
LES4677A2_124576_31x_41y	R3	DLP	12	R3_1	tumour	/srv/home/aste0033/projects/MPNST/scDNA/CHISEL/DLPp/R3/rdr.tsv
LES4677A2_124576_31x_44y	R3	DLP	12	R3_1	tumour	/srv/home/aste0033/projects/MPNST/scDNA/CHISEL/DLPp/R3/rdr.tsv
LES4677A2_124576_31x_48y	R3	DLP	12	R3_1	tumour	/srv/home/aste0033/projects/MPNST/scDNA/CHISEL/DLPp/R3/rdr.tsv
LES4677A2_124576_31x_53y	R3	DLP	12	R3_1	tumour	/srv/home/aste0033/projects/MPNST/scDNA/CHISEL/DLPp/R3/rdr.tsv
LES4677A2_124576_31x_54y	R3	DLP	12	R3_1	tumour	/srv/home/aste0033/projects/MPNST/scDNA/CHISEL/DLPp/R3/rdr.tsv
LES4677A2_124576_31x_55y	R3	DLP	12	R3_1	tumour	/srv/home/aste0033/projects/MPNST/scDNA/CHISEL/DLPp/R3/rdr.tsv
LES4677A2_124576_31x_60y	R3	DLP	12	R3_1	tumour	/srv/home/aste0033/projects/MPNST/scDNA/CHISEL/DLPp/R3/rdr.tsv
LES4677A2_124576_32x_38y	R3	DLP	12	R3_1	tumour	/srv/home/aste0033/projects/MPNST/scDNA/CHISEL/DLPp/R3/rdr.tsv
LES4677A2_124576_32x_39y	R3	DLP	12	R3_1	tumour	/srv/home/aste0033/projects/MPNST/scDNA/CHISEL/DLPp/R3/rdr.tsv
LES4677A2_124576_32x_41y	R3	DLP	12	R3_1	tumour	/srv/home/aste0033/projects/MPNST/scDNA/CHISEL/DLPp/R3/rdr.tsv
LES4677A2_124576_32x_46y	R3	DLP	12	R3_1	tumour	/srv/home/aste0033/projects/MPNST/scDNA/CHISEL/DLPp/R3/rdr.tsv
LES4677A2_124576_32x_47y	R3	DLP	12	R3_1	tumour	/srv/home/aste0033/projects/MPNST/scDNA/CHISEL/DLPp/R3/rdr.tsv
LES4677A2_124576_32x_50y	R3	DLP	12	R3_1	tumour	/srv/home/aste0033/projects/MPNST/scDNA/CHISEL/DLPp/R3/rdr.tsv
LES4677A2_124576_32x_51y	R3	DLP	12	R3_1	tumour	/srv/home/aste0033/projects/MPNST/scDNA/CHISEL/DLPp/R3/rdr.tsv
LES4677A2_124576_32x_52y	R3	DLP	12	R3_1	tumour	/srv/home/aste0033/projects/MPNST/scDNA/CHISEL/DLPp/R3/rdr.tsv
LES4677A2_124576_32x_53y	R3	DLP	12	R3_1	tumour	/srv/home/aste0033/projects/MPNST/scDNA/CHISEL/DLPp/R3/rdr.tsv
LES4677A2_124576_32x_54y	R3	DLP	12	R3_1	tumour	/srv/home/aste0033/projects/MPNST/scDNA/CHISEL/DLPp/R3/rdr.tsv
LES4677A2_124576_33x_38y	R3	DLP	12	R3_1	tumour	/srv/home/aste0033/projects/MPNST/scDNA/CHISEL/DLPp/R3/rdr.tsv
LES4677A2_124576_33x_39y	R3	DLP	12	R3_1	tumour	/srv/home/aste0033/projects/MPNST/scDNA/CHISEL/DLPp/R3/rdr.tsv
LES4677A2_124576_33x_47y	R3	DLP	12	R3_1	tumour	/srv/home/aste0033/projects/MPNST/scDNA/CHISEL/DLPp/R3/rdr.tsv
LES4677A2_124576_34x_41y	R3	DLP	12	R3_1	tumour	/srv/home/aste0033/projects/MPNST/scDNA/CHISEL/DLPp/R3/rdr.tsv
LES4677A2_124576_34x_42y	R3	DLP	12	R3_1	tumour	/srv/home/aste0033/projects/MPNST/scDNA/CHISEL/DLPp/R3/rdr.tsv
LES4677A2_124576_34x_43y	R3	DLP	12	R3_1	tumour	/srv/home/aste0033/projects/MPNST/scDNA/CHISEL/DLPp/R3/rdr.tsv
LES4677A2_124576_34x_44y	R3	DLP	12	R3_1	tumour	/srv/home/aste0033/projects/MPNST/scDNA/CHISEL/DLPp/R3/rdr.tsv
LES4677A2_124576_34x_45y	R3	DLP	12	R3_1	tumour	/srv/home/aste0033/projects/MPNST/scDNA/CHISEL/DLPp/R3/rdr.tsv
LES4677A2_124576_34x_48y	R3	DLP	12	R3_1	tumour	/srv/home/aste0033/projects/MPNST/scDNA/CHISEL/DLPp/R3/rdr.tsv
LES4677A2_124576_34x_49y	R3	DLP	12	R3_1	tumour	/srv/home/aste0033/projects/MPNST/scDNA/CHISEL/DLPp/R3/rdr.tsv
LES4677A2_124576_34x_52y	R3	DLP	12	R3_1	tumour	/srv/home/aste0033/projects/MPNST/scDNA/CHISEL/DLPp/R3/rdr.tsv
LES4677A2_124576_34x_58y	R3	DLP	12	R3_1	tumour	/srv/home/aste0033/projects/MPNST/scDNA/CHISEL/DLPp/R3/rdr.tsv
LES4677A2_124576_35x_40y	R3	DLP	12	R3_1	tumour	/srv/home/aste0033/projects/MPNST/scDNA/CHISEL/DLPp/R3/rdr.tsv
LES4677A2_124576_35x_41y	R3	DLP	12	R3_1	tumour	/srv/home/aste0033/projects/MPNST/scDNA/CHISEL/DLPp/R3/rdr.tsv
LES4677A2_124576_35x_44y	R3	DLP	12	R3_1	tumour	/srv/home/aste0033/projects/MPNST/scDNA/CHISEL/DLPp/R3/rdr.tsv
LES4677A2_124576_35x_45y	R3	DLP	12	R3_1	tumour	/srv/home/aste0033/projects/MPNST/scDNA/CHISEL/DLPp/R3/rdr.tsv
LES4677A2_124576_35x_48y	R3	DLP	12	R3_1	tumour	/srv/home/aste0033/projects/MPNST/scDNA/CHISEL/DLPp/R3/rdr.tsv
LES4677A2_124576_36x_38y	R3	DLP	12	R3_1	tumour	/srv/home/aste0033/projects/MPNST/scDNA/CHISEL/DLPp/R3/rdr.tsv
LES4677A2_124576_36x_40y	R3	DLP	12	R3_1	tumour	/srv/home/aste0033/projects/MPNST/scDNA/CHISEL/DLPp/R3/rdr.tsv
LES4677A2_124576_36x_42y	R3	DLP	12	R3_1	tumour	/srv/home/aste0033/projects/MPNST/scDNA/CHISEL/DLPp/R3/rdr.tsv
LES4677A2_124576_36x_43y	R3	DLP	12	R3_1	tumour	/srv/home/aste0033/projects/MPNST/scDNA/CHISEL/DLPp/R3/rdr.tsv
LES4677A2_124576_36x_46y	R3	DLP	12	R3_1	tumour	/srv/home/aste0033/projects/MPNST/scDNA/CHISEL/DLPp/R3/rdr.tsv
LES4677A2_124576_36x_47y	R3	DLP	12	R3_1	tumour	/srv/home/aste0033/projects/MPNST/scDNA/CHISEL/DLPp/R3/rdr.tsv
LES4677A2_124576_36x_49y	R3	DLP	12	R3_1	tumour	/srv/home/aste0033/projects/MPNST/scDNA/CHISEL/DLPp/R3/rdr.tsv
LES4677A2_124576_36x_50y	R3	DLP	12	R3_1	tumour	/srv/home/aste0033/projects/MPNST/scDNA/CHISEL/DLPp/R3/rdr.tsv
LES4677A2_124576_36x_52y	R3	DLP	12	R3_1	tumour	/srv/home/aste0033/projects/MPNST/scDNA/CHISEL/DLPp/R3/rdr.tsv
LES4677A2_124576_36x_53y	R3	DLP	12	R3_1	tumour	/srv/home/aste0033/projects/MPNST/scDNA/CHISEL/DLPp/R3/rdr.tsv
LES4677A2_124576_36x_57y	R3	DLP	12	R3_1	tumour	/srv/home/aste0033/projects/MPNST/scDNA/CHISEL/DLPp/R3/rdr.tsv
LES4677A2_124576_36x_58y	R3	DLP	12	R3_1	tumour	/srv/home/aste0033/projects/MPNST/scDNA/CHISEL/DLPp/R3/rdr.tsv
LES4677A2_124576_36x_59y	R3	DLP	12	R3_1	tumour	/srv/home/aste0033/projects/MPNST/scDNA/CHISEL/DLPp/R3/rdr.tsv
LES4677A2_124576_37x_38y	R3	DLP	12	R3_1	tumour	/srv/home/aste0033/projects/MPNST/scDNA/CHISEL/DLPp/R3/rdr.tsv
LES4677A2_124576_37x_39y	R3	DLP	12	R3_1	tumour	/srv/home/aste0033/projects/MPNST/scDNA/CHISEL/DLPp/R3/rdr.tsv
LES4677A2_124576_37x_40y	R3	DLP	12	R3_1	tumour	/srv/home/aste0033/projects/MPNST/scDNA/CHISEL/DLPp/R3/rdr.tsv
LES4677A2_124576_37x_41y	R3	DLP	12	R3_1	tumour	/srv/home/aste0033/projects/MPNST/scDNA/CHISEL/DLPp/R3/rdr.tsv
LES4677A2_124576_37x_42y	R3	DLP	12	R3_1	tumour	/srv/home/aste0033/projects/MPNST/scDNA/CHISEL/DLPp/R3/rdr.tsv
LES4677A2_124576_37x_44y	R3	DLP	12	R3_1	tumour	/srv/home/aste0033/projects/MPNST/scDNA/CHISEL/DLPp/R3/rdr.tsv
LES4677A2_124576_37x_45y	R3	DLP	12	R3_1	tumour	/srv/home/aste0033/projects/MPNST/scDNA/CHISEL/DLPp/R3/rdr.tsv
LES4677A2_124576_37x_48y	R3	DLP	12	R3_1	tumour	/srv/home/aste0033/projects/MPNST/scDNA/CHISEL/DLPp/R3/rdr.tsv
LES4677A2_124576_37x_50y	R3	DLP	12	R3_1	tumour	/srv/home/aste0033/projects/MPNST/scDNA/CHISEL/DLPp/R3/rdr.tsv
LES4677A2_124576_37x_51y	R3	DLP	12	R3_1	tumour	/srv/home/aste0033/projects/MPNST/scDNA/CHISEL/DLPp/R3/rdr.tsv
LES4677A2_124576_37x_52y	R3	DLP	12	R3_1	tumour	/srv/home/aste0033/projects/MPNST/scDNA/CHISEL/DLPp/R3/rdr.tsv
LES4677A2_124576_37x_53y	R3	DLP	12	R3_1	tumour	/srv/home/aste0033/projects/MPNST/scDNA/CHISEL/DLPp/R3/rdr.tsv
LES4677A2_124576_37x_54y	R3	DLP	12	R3_1	tumour	/srv/home/aste0033/projects/MPNST/scDNA/CHISEL/DLPp/R3/rdr.tsv
LES4677A2_124576_37x_56y	R3	DLP	12	R3_1	tumour	/srv/home/aste0033/projects/MPNST/scDNA/CHISEL/DLPp/R3/rdr.tsv
LES4677A2_124576_37x_59y	R3	DLP	12	R3_1	tumour	/srv/home/aste0033/projects/MPNST/scDNA/CHISEL/DLPp/R3/rdr.tsv
LES4677A2_124576_38x_39y	R3	DLP	12	R3_1	tumour	/srv/home/aste0033/projects/MPNST/scDNA/CHISEL/DLPp/R3/rdr.tsv
LES4677A2_124576_38x_40y	R3	DLP	12	R3_1	tumour	/srv/home/aste0033/projects/MPNST/scDNA/CHISEL/DLPp/R3/rdr.tsv
LES4677A2_124576_38x_42y	R3	DLP	12	R3_1	tumour	/srv/home/aste0033/projects/MPNST/scDNA/CHISEL/DLPp/R3/rdr.tsv
LES4677A2_124576_38x_43y	R3	DLP	12	R3_1	tumour	/srv/home/aste0033/projects/MPNST/scDNA/CHISEL/DLPp/R3/rdr.tsv
LES4677A2_124576_38x_44y	R3	DLP	12	R3_1	tumour	/srv/home/aste0033/projects/MPNST/scDNA/CHISEL/DLPp/R3/rdr.tsv
LES4677A2_124576_38x_47y	R3	DLP	12	R3_1	tumour	/srv/home/aste0033/projects/MPNST/scDNA/CHISEL/DLPp/R3/rdr.tsv
LES4677A2_124576_38x_49y	R3	DLP	12	R3_1	tumour	/srv/home/aste0033/projects/MPNST/scDNA/CHISEL/DLPp/R3/rdr.tsv
LES4677A2_124576_38x_50y	R3	DLP	12	R3_1	tumour	/srv/home/aste0033/projects/MPNST/scDNA/CHISEL/DLPp/R3/rdr.tsv
LES4677A2_124576_38x_52y	R3	DLP	12	R3_1	tumour	/srv/home/aste0033/projects/MPNST/scDNA/CHISEL/DLPp/R3/rdr.tsv
LES4677A2_124576_38x_54y	R3	DLP	12	R3_1	tumour	/srv/home/aste0033/projects/MPNST/scDNA/CHISEL/DLPp/R3/rdr.tsv
LES4677A2_124576_38x_59y	R3	DLP	12	R3_1	tumour	/srv/home/aste0033/projects/MPNST/scDNA/CHISEL/DLPp/R3/rdr.tsv
LES4677A2_124576_38x_60y	R3	DLP	12	R3_1	tumour	/srv/home/aste0033/projects/MPNST/scDNA/CHISEL/DLPp/R3/rdr.tsv
LES4677A2_124576_39x_38y	R3	DLP	12	R3_1	tumour	/srv/home/aste0033/projects/MPNST/scDNA/CHISEL/DLPp/R3/rdr.tsv
LES4677A2_124576_39x_39y	R3	DLP	12	R3_1	tumour	/srv/home/aste0033/projects/MPNST/scDNA/CHISEL/DLPp/R3/rdr.tsv
LES4677A2_124576_39x_42y	R3	DLP	12	R3_1	tumour	/srv/home/aste0033/projects/MPNST/scDNA/CHISEL/DLPp/R3/rdr.tsv
LES4677A2_124576_39x_43y	R3	DLP	12	R3_1	tumour	/srv/home/aste0033/projects/MPNST/scDNA/CHISEL/DLPp/R3/rdr.tsv
LES4677A2_124576_39x_44y	R3	DLP	12	R3_1	tumour	/srv/home/aste0033/projects/MPNST/scDNA/CHISEL/DLPp/R3/rdr.tsv
LES4677A2_124576_39x_45y	R3	DLP	12	R3_1	tumour	/srv/home/aste0033/projects/MPNST/scDNA/CHISEL/DLPp/R3/rdr.tsv
LES4677A2_124576_39x_46y	R3	DLP	12	R3_1	tumour	/srv/home/aste0033/projects/MPNST/scDNA/CHISEL/DLPp/R3/rdr.tsv
LES4677A2_124576_39x_47y	R3	DLP	12	R3_1	tumour	/srv/home/aste0033/projects/MPNST/scDNA/CHISEL/DLPp/R3/rdr.tsv
LES4677A2_124576_39x_48y	R3	DLP	12	R3_1	tumour	/srv/home/aste0033/projects/MPNST/scDNA/CHISEL/DLPp/R3/rdr.tsv
LES4677A2_124576_39x_50y	R3	DLP	12	R3_1	tumour	/srv/home/aste0033/projects/MPNST/scDNA/CHISEL/DLPp/R3/rdr.tsv
LES4677A2_124576_39x_51y	R3	DLP	12	R3_1	tumour	/srv/home/aste0033/projects/MPNST/scDNA/CHISEL/DLPp/R3/rdr.tsv
LES4677A2_124576_39x_52y	R3	DLP	12	R3_1	tumour	/srv/home/aste0033/projects/MPNST/scDNA/CHISEL/DLPp/R3/rdr.tsv
LES4677A2_124576_39x_53y	R3	DLP	12	R3_1	tumour	/srv/home/aste0033/projects/MPNST/scDNA/CHISEL/DLPp/R3/rdr.tsv
LES4677A2_124576_39x_54y	R3	DLP	12	R3_1	tumour	/srv/home/aste0033/projects/MPNST/scDNA/CHISEL/DLPp/R3/rdr.tsv
LES4677A2_124576_39x_56y	R3	DLP	12	R3_1	tumour	/srv/home/aste0033/projects/MPNST/scDNA/CHISEL/DLPp/R3/rdr.tsv
LES4677A2_124576_39x_57y	R3	DLP	12	R3_1	tumour	/srv/home/aste0033/projects/MPNST/scDNA/CHISEL/DLPp/R3/rdr.tsv
LES4677A2_124576_39x_60y	R3	DLP	12	R3_1	tumour	/srv/home/aste0033/projects/MPNST/scDNA/CHISEL/DLPp/R3/rdr.tsv
LES4677A2_124576_40x_40y	R3	DLP	12	R3_1	tumour	/srv/home/aste0033/projects/MPNST/scDNA/CHISEL/DLPp/R3/rdr.tsv
LES4677A2_124576_40x_41y	R3	DLP	12	R3_1	tumour	/srv/home/aste0033/projects/MPNST/scDNA/CHISEL/DLPp/R3/rdr.tsv
LES4677A2_124576_40x_42y	R3	DLP	12	R3_1	tumour	/srv/home/aste0033/projects/MPNST/scDNA/CHISEL/DLPp/R3/rdr.tsv
LES4677A2_124576_40x_43y	R3	DLP	12	R3_1	tumour	/srv/home/aste0033/projects/MPNST/scDNA/CHISEL/DLPp/R3/rdr.tsv
LES4677A2_124576_40x_44y	R3	DLP	12	R3_1	tumour	/srv/home/aste0033/projects/MPNST/scDNA/CHISEL/DLPp/R3/rdr.tsv
LES4677A2_124576_40x_45y	R3	DLP	12	R3_1	tumour	/srv/home/aste0033/projects/MPNST/scDNA/CHISEL/DLPp/R3/rdr.tsv
LES4677A2_124576_40x_46y	R3	DLP	12	R3_1	tumour	/srv/home/aste0033/projects/MPNST/scDNA/CHISEL/DLPp/R3/rdr.tsv
LES4677A2_124576_40x_48y	R3	DLP	12	R3_1	tumour	/srv/home/aste0033/projects/MPNST/scDNA/CHISEL/DLPp/R3/rdr.tsv
LES4677A2_124576_40x_51y	R3	DLP	12	R3_1	tumour	/srv/home/aste0033/projects/MPNST/scDNA/CHISEL/DLPp/R3/rdr.tsv
LES4677A2_124576_40x_52y	R3	DLP	12	R3_1	tumour	/srv/home/aste0033/projects/MPNST/scDNA/CHISEL/DLPp/R3/rdr.tsv
LES4677A2_124576_40x_57y	R3	DLP	12	R3_1	tumour	/srv/home/aste0033/projects/MPNST/scDNA/CHISEL/DLPp/R3/rdr.tsv
LES4677A2_124576_40x_59y	R3	DLP	12	R3_1	tumour	/srv/home/aste0033/projects/MPNST/scDNA/CHISEL/DLPp/R3/rdr.tsv
LES4677A2_124576_41x_39y	R3	DLP	12	R3_1	tumour	/srv/home/aste0033/projects/MPNST/scDNA/CHISEL/DLPp/R3/rdr.tsv
LES4677A2_124576_41x_40y	R3	DLP	12	R3_1	tumour	/srv/home/aste0033/projects/MPNST/scDNA/CHISEL/DLPp/R3/rdr.tsv
LES4677A2_124576_41x_42y	R3	DLP	12	R3_1	tumour	/srv/home/aste0033/projects/MPNST/scDNA/CHISEL/DLPp/R3/rdr.tsv
LES4677A2_124576_41x_47y	R3	DLP	12	R3_1	tumour	/srv/home/aste0033/projects/MPNST/scDNA/CHISEL/DLPp/R3/rdr.tsv
LES4677A2_124576_41x_48y	R3	DLP	12	R3_1	tumour	/srv/home/aste0033/projects/MPNST/scDNA/CHISEL/DLPp/R3/rdr.tsv
LES4677A2_124576_41x_50y	R3	DLP	12	R3_1	tumour	/srv/home/aste0033/projects/MPNST/scDNA/CHISEL/DLPp/R3/rdr.tsv
LES4677A2_124576_41x_51y	R3	DLP	12	R3_1	tumour	/srv/home/aste0033/projects/MPNST/scDNA/CHISEL/DLPp/R3/rdr.tsv
LES4677A2_124576_41x_52y	R3	DLP	12	R3_1	tumour	/srv/home/aste0033/projects/MPNST/scDNA/CHISEL/DLPp/R3/rdr.tsv
LES4677A2_124576_42x_39y	R3	DLP	12	R3_1	tumour	/srv/home/aste0033/projects/MPNST/scDNA/CHISEL/DLPp/R3/rdr.tsv
LES4677A2_124576_42x_40y	R3	DLP	12	R3_1	tumour	/srv/home/aste0033/projects/MPNST/scDNA/CHISEL/DLPp/R3/rdr.tsv
LES4677A2_124576_42x_41y	R3	DLP	12	R3_1	tumour	/srv/home/aste0033/projects/MPNST/scDNA/CHISEL/DLPp/R3/rdr.tsv
LES4677A2_124576_42x_42y	R3	DLP	12	R3_1	tumour	/srv/home/aste0033/projects/MPNST/scDNA/CHISEL/DLPp/R3/rdr.tsv
LES4677A2_124576_42x_43y	R3	DLP	12	R3_1	tumour	/srv/home/aste0033/projects/MPNST/scDNA/CHISEL/DLPp/R3/rdr.tsv
LES4677A2_124576_42x_44y	R3	DLP	12	R3_1	tumour	/srv/home/aste0033/projects/MPNST/scDNA/CHISEL/DLPp/R3/rdr.tsv
LES4677A2_124576_42x_46y	R3	DLP	12	R3_1	tumour	/srv/home/aste0033/projects/MPNST/scDNA/CHISEL/DLPp/R3/rdr.tsv
LES4677A2_124576_42x_50y	R3	DLP	12	R3_1	tumour	/srv/home/aste0033/projects/MPNST/scDNA/CHISEL/DLPp/R3/rdr.tsv
LES4677A2_124576_42x_52y	R3	DLP	12	R3_1	tumour	/srv/home/aste0033/projects/MPNST/scDNA/CHISEL/DLPp/R3/rdr.tsv
LES4677A2_124576_42x_53y	R3	DLP	12	R3_1	tumour	/srv/home/aste0033/projects/MPNST/scDNA/CHISEL/DLPp/R3/rdr.tsv
LES4677A2_124576_42x_54y	R3	DLP	12	R3_1	tumour	/srv/home/aste0033/projects/MPNST/scDNA/CHISEL/DLPp/R3/rdr.tsv
LES4677A2_124576_42x_55y	R3	DLP	12	R3_1	tumour	/srv/home/aste0033/projects/MPNST/scDNA/CHISEL/DLPp/R3/rdr.tsv
LES4677A2_124576_43x_38y	R3	DLP	12	R3_1	tumour	/srv/home/aste0033/projects/MPNST/scDNA/CHISEL/DLPp/R3/rdr.tsv
LES4677A2_124576_43x_39y	R3	DLP	12	R3_1	tumour	/srv/home/aste0033/projects/MPNST/scDNA/CHISEL/DLPp/R3/rdr.tsv
LES4677A2_124576_43x_40y	R3	DLP	12	R3_1	tumour	/srv/home/aste0033/projects/MPNST/scDNA/CHISEL/DLPp/R3/rdr.tsv
LES4677A2_124576_43x_41y	R3	DLP	12	R3_1	tumour	/srv/home/aste0033/projects/MPNST/scDNA/CHISEL/DLPp/R3/rdr.tsv
LES4677A2_124576_43x_44y	R3	DLP	12	R3_1	tumour	/srv/home/aste0033/projects/MPNST/scDNA/CHISEL/DLPp/R3/rdr.tsv
LES4677A2_124576_43x_46y	R3	DLP	12	R3_1	tumour	/srv/home/aste0033/projects/MPNST/scDNA/CHISEL/DLPp/R3/rdr.tsv
LES4677A2_124576_43x_50y	R3	DLP	12	R3_1	tumour	/srv/home/aste0033/projects/MPNST/scDNA/CHISEL/DLPp/R3/rdr.tsv
LES4677A2_124576_43x_52y	R3	DLP	12	R3_1	tumour	/srv/home/aste0033/projects/MPNST/scDNA/CHISEL/DLPp/R3/rdr.tsv
LES4677A2_124576_43x_53y	R3	DLP	12	R3_1	tumour	/srv/home/aste0033/projects/MPNST/scDNA/CHISEL/DLPp/R3/rdr.tsv
LES4677A2_124576_44x_39y	R3	DLP	12	R3_1	tumour	/srv/home/aste0033/projects/MPNST/scDNA/CHISEL/DLPp/R3/rdr.tsv
LES4677A2_124576_44x_40y	R3	DLP	12	R3_1	tumour	/srv/home/aste0033/projects/MPNST/scDNA/CHISEL/DLPp/R3/rdr.tsv
LES4677A2_124576_44x_41y	R3	DLP	12	R3_1	tumour	/srv/home/aste0033/projects/MPNST/scDNA/CHISEL/DLPp/R3/rdr.tsv
LES4677A2_124576_44x_45y	R3	DLP	12	R3_1	tumour	/srv/home/aste0033/projects/MPNST/scDNA/CHISEL/DLPp/R3/rdr.tsv
LES4677A2_124576_44x_49y	R3	DLP	12	R3_1	tumour	/srv/home/aste0033/projects/MPNST/scDNA/CHISEL/DLPp/R3/rdr.tsv
LES4677A2_124576_44x_50y	R3	DLP	12	R3_1	tumour	/srv/home/aste0033/projects/MPNST/scDNA/CHISEL/DLPp/R3/rdr.tsv
LES4677A2_124576_44x_60y	R3	DLP	12	R3_1	tumour	/srv/home/aste0033/projects/MPNST/scDNA/CHISEL/DLPp/R3/rdr.tsv
LES4677A2_124576_45x_40y	R3	DLP	12	R3_1	tumour	/srv/home/aste0033/projects/MPNST/scDNA/CHISEL/DLPp/R3/rdr.tsv
LES4677A2_124576_45x_42y	R3	DLP	12	R3_1	tumour	/srv/home/aste0033/projects/MPNST/scDNA/CHISEL/DLPp/R3/rdr.tsv
LES4677A2_124576_45x_44y	R3	DLP	12	R3_1	tumour	/srv/home/aste0033/projects/MPNST/scDNA/CHISEL/DLPp/R3/rdr.tsv
LES4677A2_124576_45x_48y	R3	DLP	12	R3_1	tumour	/srv/home/aste0033/projects/MPNST/scDNA/CHISEL/DLPp/R3/rdr.tsv
LES4677A2_124576_46x_38y	R3	DLP	12	R3_1	tumour	/srv/home/aste0033/projects/MPNST/scDNA/CHISEL/DLPp/R3/rdr.tsv
LES4677A2_124576_46x_39y	R3	DLP	12	R3_1	tumour	/srv/home/aste0033/projects/MPNST/scDNA/CHISEL/DLPp/R3/rdr.tsv
LES4677A2_124576_46x_40y	R3	DLP	12	R3_1	tumour	/srv/home/aste0033/projects/MPNST/scDNA/CHISEL/DLPp/R3/rdr.tsv
LES4677A2_124576_46x_41y	R3	DLP	12	R3_1	tumour	/srv/home/aste0033/projects/MPNST/scDNA/CHISEL/DLPp/R3/rdr.tsv
LES4677A2_124576_46x_43y	R3	DLP	12	R3_1	tumour	/srv/home/aste0033/projects/MPNST/scDNA/CHISEL/DLPp/R3/rdr.tsv
LES4677A2_124576_46x_44y	R3	DLP	12	R3_1	tumour	/srv/home/aste0033/projects/MPNST/scDNA/CHISEL/DLPp/R3/rdr.tsv
LES4677A2_124576_46x_45y	R3	DLP	12	R3_1	tumour	/srv/home/aste0033/projects/MPNST/scDNA/CHISEL/DLPp/R3/rdr.tsv
LES4677A2_124576_46x_46y	R3	DLP	12	R3_1	tumour	/srv/home/aste0033/projects/MPNST/scDNA/CHISEL/DLPp/R3/rdr.tsv
LES4677A2_124576_46x_48y	R3	DLP	12	R3_1	tumour	/srv/home/aste0033/projects/MPNST/scDNA/CHISEL/DLPp/R3/rdr.tsv
LES4677A2_124576_46x_50y	R3	DLP	12	R3_1	tumour	/srv/home/aste0033/projects/MPNST/scDNA/CHISEL/DLPp/R3/rdr.tsv
LES4677A2_124576_46x_51y	R3	DLP	12	R3_1	tumour	/srv/home/aste0033/projects/MPNST/scDNA/CHISEL/DLPp/R3/rdr.tsv
LES4677A2_124576_46x_52y	R3	DLP	12	R3_1	tumour	/srv/home/aste0033/projects/MPNST/scDNA/CHISEL/DLPp/R3/rdr.tsv
LES4677A2_124576_46x_54y	R3	DLP	12	R3_1	tumour	/srv/home/aste0033/projects/MPNST/scDNA/CHISEL/DLPp/R3/rdr.tsv
LES4677A2_124576_46x_56y	R3	DLP	12	R3_1	tumour	/srv/home/aste0033/projects/MPNST/scDNA/CHISEL/DLPp/R3/rdr.tsv
LES4677A2_124576_46x_59y	R3	DLP	12	R3_1	tumour	/srv/home/aste0033/projects/MPNST/scDNA/CHISEL/DLPp/R3/rdr.tsv
LES4677A2_124576_47x_38y	R3	DLP	12	R3_1	tumour	/srv/home/aste0033/projects/MPNST/scDNA/CHISEL/DLPp/R3/rdr.tsv
LES4677A2_124576_47x_39y	R3	DLP	12	R3_1	tumour	/srv/home/aste0033/projects/MPNST/scDNA/CHISEL/DLPp/R3/rdr.tsv
LES4677A2_124576_47x_41y	R3	DLP	12	R3_1	tumour	/srv/home/aste0033/projects/MPNST/scDNA/CHISEL/DLPp/R3/rdr.tsv
LES4677A2_124576_47x_43y	R3	DLP	12	R3_1	tumour	/srv/home/aste0033/projects/MPNST/scDNA/CHISEL/DLPp/R3/rdr.tsv
LES4677A2_124576_48x_39y	R3	DLP	12	R3_1	tumour	/srv/home/aste0033/projects/MPNST/scDNA/CHISEL/DLPp/R3/rdr.tsv
LES4677A2_124576_48x_41y	R3	DLP	12	R3_1	tumour	/srv/home/aste0033/projects/MPNST/scDNA/CHISEL/DLPp/R3/rdr.tsv
LES4677A2_124576_48x_42y	R3	DLP	12	R3_1	tumour	/srv/home/aste0033/projects/MPNST/scDNA/CHISEL/DLPp/R3/rdr.tsv
LES4677A2_124576_48x_43y	R3	DLP	12	R3_1	tumour	/srv/home/aste0033/projects/MPNST/scDNA/CHISEL/DLPp/R3/rdr.tsv
LES4677A2_124576_48x_45y	R3	DLP	12	R3_1	tumour	/srv/home/aste0033/projects/MPNST/scDNA/CHISEL/DLPp/R3/rdr.tsv
LES4677A2_124576_48x_46y	R3	DLP	12	R3_1	tumour	/srv/home/aste0033/projects/MPNST/scDNA/CHISEL/DLPp/R3/rdr.tsv
LES4677A2_124576_48x_47y	R3	DLP	12	R3_1	tumour	/srv/home/aste0033/projects/MPNST/scDNA/CHISEL/DLPp/R3/rdr.tsv
LES4677A2_124576_48x_50y	R3	DLP	12	R3_1	tumour	/srv/home/aste0033/projects/MPNST/scDNA/CHISEL/DLPp/R3/rdr.tsv
LES4677A2_124576_48x_53y	R3	DLP	12	R3_1	tumour	/srv/home/aste0033/projects/MPNST/scDNA/CHISEL/DLPp/R3/rdr.tsv
LES4677A2_124576_48x_56y	R3	DLP	12	R3_1	tumour	/srv/home/aste0033/projects/MPNST/scDNA/CHISEL/DLPp/R3/rdr.tsv
LES4677A2_124576_48x_57y	R3	DLP	12	R3_1	tumour	/srv/home/aste0033/projects/MPNST/scDNA/CHISEL/DLPp/R3/rdr.tsv
LES4677A2_124576_49x_40y	R3	DLP	12	R3_1	tumour	/srv/home/aste0033/projects/MPNST/scDNA/CHISEL/DLPp/R3/rdr.tsv
LES4677A2_124576_49x_42y	R3	DLP	12	R3_1	tumour	/srv/home/aste0033/projects/MPNST/scDNA/CHISEL/DLPp/R3/rdr.tsv
LES4677A2_124576_49x_43y	R3	DLP	12	R3_1	tumour	/srv/home/aste0033/projects/MPNST/scDNA/CHISEL/DLPp/R3/rdr.tsv
LES4677A2_124576_49x_48y	R3	DLP	12	R3_1	tumour	/srv/home/aste0033/projects/MPNST/scDNA/CHISEL/DLPp/R3/rdr.tsv
LES4677A2_124576_49x_53y	R3	DLP	12	R3_1	tumour	/srv/home/aste0033/projects/MPNST/scDNA/CHISEL/DLPp/R3/rdr.tsv
LES4677A2_124576_49x_54y	R3	DLP	12	R3_1	tumour	/srv/home/aste0033/projects/MPNST/scDNA/CHISEL/DLPp/R3/rdr.tsv
LES4677A2_124576_49x_57y	R3	DLP	12	R3_1	tumour	/srv/home/aste0033/projects/MPNST/scDNA/CHISEL/DLPp/R3/rdr.tsv
LES4677A2_124576_49x_60y	R3	DLP	12	R3_1	tumour	/srv/home/aste0033/projects/MPNST/scDNA/CHISEL/DLPp/R3/rdr.tsv
LES4677A2_124576_50x_39y	R3	DLP	12	R3_1	tumour	/srv/home/aste0033/projects/MPNST/scDNA/CHISEL/DLPp/R3/rdr.tsv
LES4677A2_124576_50x_40y	R3	DLP	12	R3_1	tumour	/srv/home/aste0033/projects/MPNST/scDNA/CHISEL/DLPp/R3/rdr.tsv
LES4677A2_124576_50x_41y	R3	DLP	12	R3_1	tumour	/srv/home/aste0033/projects/MPNST/scDNA/CHISEL/DLPp/R3/rdr.tsv
LES4677A2_124576_50x_43y	R3	DLP	12	R3_1	tumour	/srv/home/aste0033/projects/MPNST/scDNA/CHISEL/DLPp/R3/rdr.tsv
LES4677A2_124576_50x_44y	R3	DLP	12	R3_1	tumour	/srv/home/aste0033/projects/MPNST/scDNA/CHISEL/DLPp/R3/rdr.tsv
LES4677A2_124576_50x_49y	R3	DLP	12	R3_1	tumour	/srv/home/aste0033/projects/MPNST/scDNA/CHISEL/DLPp/R3/rdr.tsv
LES4677A2_124576_50x_51y	R3	DLP	12	R3_1	tumour	/srv/home/aste0033/projects/MPNST/scDNA/CHISEL/DLPp/R3/rdr.tsv
LES4677A2_124576_50x_52y	R3	DLP	12	R3_1	tumour	/srv/home/aste0033/projects/MPNST/scDNA/CHISEL/DLPp/R3/rdr.tsv
LES4677A2_124576_50x_54y	R3	DLP	12	R3_1	tumour	/srv/home/aste0033/projects/MPNST/scDNA/CHISEL/DLPp/R3/rdr.tsv
LES4677A2_124576_51x_44y	R3	DLP	12	R3_1	tumour	/srv/home/aste0033/projects/MPNST/scDNA/CHISEL/DLPp/R3/rdr.tsv
LES4677A2_124576_52x_38y	R3	DLP	12	R3_1	tumour	/srv/home/aste0033/projects/MPNST/scDNA/CHISEL/DLPp/R3/rdr.tsv
LES4677A2_124576_52x_39y	R3	DLP	12	R3_1	tumour	/srv/home/aste0033/projects/MPNST/scDNA/CHISEL/DLPp/R3/rdr.tsv
LES4677A2_124576_52x_40y	R3	DLP	12	R3_1	tumour	/srv/home/aste0033/projects/MPNST/scDNA/CHISEL/DLPp/R3/rdr.tsv
LES4677A2_124576_52x_41y	R3	DLP	12	R3_1	tumour	/srv/home/aste0033/projects/MPNST/scDNA/CHISEL/DLPp/R3/rdr.tsv
LES4677A2_124576_52x_42y	R3	DLP	12	R3_1	tumour	/srv/home/aste0033/projects/MPNST/scDNA/CHISEL/DLPp/R3/rdr.tsv
LES4677A2_124576_52x_44y	R3	DLP	12	R3_1	tumour	/srv/home/aste0033/projects/MPNST/scDNA/CHISEL/DLPp/R3/rdr.tsv
LES4677A2_124576_52x_46y	R3	DLP	12	R3_1	tumour	/srv/home/aste0033/projects/MPNST/scDNA/CHISEL/DLPp/R3/rdr.tsv
LES4677A2_124576_52x_47y	R3	DLP	12	R3_1	tumour	/srv/home/aste0033/projects/MPNST/scDNA/CHISEL/DLPp/R3/rdr.tsv
LES4677A2_124576_52x_52y	R3	DLP	12	R3_1	tumour	/srv/home/aste0033/projects/MPNST/scDNA/CHISEL/DLPp/R3/rdr.tsv
LES4677A2_124576_52x_54y	R3	DLP	12	R3_1	tumour	/srv/home/aste0033/projects/MPNST/scDNA/CHISEL/DLPp/R3/rdr.tsv
LES4677A2_124576_52x_56y	R3	DLP	12	R3_1	tumour	/srv/home/aste0033/projects/MPNST/scDNA/CHISEL/DLPp/R3/rdr.tsv
LES4677A2_124576_52x_59y	R3	DLP	12	R3_1	tumour	/srv/home/aste0033/projects/MPNST/scDNA/CHISEL/DLPp/R3/rdr.tsv
LES4677A2_124576_53x_38y	R3	DLP	12	R3_1	tumour	/srv/home/aste0033/projects/MPNST/scDNA/CHISEL/DLPp/R3/rdr.tsv
LES4677A2_124576_53x_39y	R3	DLP	12	R3_1	tumour	/srv/home/aste0033/projects/MPNST/scDNA/CHISEL/DLPp/R3/rdr.tsv
LES4677A2_124576_53x_40y	R3	DLP	12	R3_1	tumour	/srv/home/aste0033/projects/MPNST/scDNA/CHISEL/DLPp/R3/rdr.tsv
LES4677A2_124576_53x_41y	R3	DLP	12	R3_1	tumour	/srv/home/aste0033/projects/MPNST/scDNA/CHISEL/DLPp/R3/rdr.tsv
LES4677A2_124576_53x_43y	R3	DLP	12	R3_1	tumour	/srv/home/aste0033/projects/MPNST/scDNA/CHISEL/DLPp/R3/rdr.tsv
LES4677A2_124576_53x_44y	R3	DLP	12	R3_1	tumour	/srv/home/aste0033/projects/MPNST/scDNA/CHISEL/DLPp/R3/rdr.tsv
LES4677A2_124576_53x_45y	R3	DLP	12	R3_1	tumour	/srv/home/aste0033/projects/MPNST/scDNA/CHISEL/DLPp/R3/rdr.tsv
LES4677A2_124576_53x_48y	R3	DLP	12	R3_1	tumour	/srv/home/aste0033/projects/MPNST/scDNA/CHISEL/DLPp/R3/rdr.tsv
LES4677A2_124576_53x_54y	R3	DLP	12	R3_1	tumour	/srv/home/aste0033/projects/MPNST/scDNA/CHISEL/DLPp/R3/rdr.tsv
LES4677A2_124576_53x_55y	R3	DLP	12	R3_1	tumour	/srv/home/aste0033/projects/MPNST/scDNA/CHISEL/DLPp/R3/rdr.tsv
LES4677A2_124576_53x_60y	R3	DLP	12	R3_1	tumour	/srv/home/aste0033/projects/MPNST/scDNA/CHISEL/DLPp/R3/rdr.tsv
LES4677A2_124576_54x_39y	R3	DLP	12	R3_1	tumour	/srv/home/aste0033/projects/MPNST/scDNA/CHISEL/DLPp/R3/rdr.tsv
LES4677A2_124576_54x_40y	R3	DLP	12	R3_1	tumour	/srv/home/aste0033/projects/MPNST/scDNA/CHISEL/DLPp/R3/rdr.tsv
LES4677A2_124576_54x_42y	R3	DLP	12	R3_1	tumour	/srv/home/aste0033/projects/MPNST/scDNA/CHISEL/DLPp/R3/rdr.tsv
LES4677A2_124576_54x_46y	R3	DLP	12	R3_1	tumour	/srv/home/aste0033/projects/MPNST/scDNA/CHISEL/DLPp/R3/rdr.tsv
LES4677A2_124576_54x_47y	R3	DLP	12	R3_1	tumour	/srv/home/aste0033/projects/MPNST/scDNA/CHISEL/DLPp/R3/rdr.tsv
LES4677A2_124576_54x_50y	R3	DLP	12	R3_1	tumour	/srv/home/aste0033/projects/MPNST/scDNA/CHISEL/DLPp/R3/rdr.tsv
LES4677A2_124576_54x_52y	R3	DLP	12	R3_1	tumour	/srv/home/aste0033/projects/MPNST/scDNA/CHISEL/DLPp/R3/rdr.tsv
LES4677A2_124576_54x_53y	R3	DLP	12	R3_1	tumour	/srv/home/aste0033/projects/MPNST/scDNA/CHISEL/DLPp/R3/rdr.tsv
LES4677A2_124576_54x_54y	R3	DLP	12	R3_1	tumour	/srv/home/aste0033/projects/MPNST/scDNA/CHISEL/DLPp/R3/rdr.tsv
LES4677A2_124576_54x_59y	R3	DLP	12	R3_1	tumour	/srv/home/aste0033/projects/MPNST/scDNA/CHISEL/DLPp/R3/rdr.tsv
LES4677A2_124576_55x_40y	R3	DLP	12	R3_1	tumour	/srv/home/aste0033/projects/MPNST/scDNA/CHISEL/DLPp/R3/rdr.tsv
LES4677A2_124576_55x_43y	R3	DLP	12	R3_1	tumour	/srv/home/aste0033/projects/MPNST/scDNA/CHISEL/DLPp/R3/rdr.tsv
LES4677A2_124576_55x_46y	R3	DLP	12	R3_1	tumour	/srv/home/aste0033/projects/MPNST/scDNA/CHISEL/DLPp/R3/rdr.tsv
LES4677A2_124576_55x_48y	R3	DLP	12	R3_1	tumour	/srv/home/aste0033/projects/MPNST/scDNA/CHISEL/DLPp/R3/rdr.tsv
LES4677A2_124576_55x_54y	R3	DLP	12	R3_1	tumour	/srv/home/aste0033/projects/MPNST/scDNA/CHISEL/DLPp/R3/rdr.tsv
LES4677A2_124576_56x_41y	R3	DLP	12	R3_1	tumour	/srv/home/aste0033/projects/MPNST/scDNA/CHISEL/DLPp/R3/rdr.tsv
LES4677A2_124576_56x_46y	R3	DLP	12	R3_1	tumour	/srv/home/aste0033/projects/MPNST/scDNA/CHISEL/DLPp/R3/rdr.tsv
LES4677A2_124576_56x_47y	R3	DLP	12	R3_1	tumour	/srv/home/aste0033/projects/MPNST/scDNA/CHISEL/DLPp/R3/rdr.tsv
LES4677A2_124576_57x_40y	R3	DLP	12	R3_1	tumour	/srv/home/aste0033/projects/MPNST/scDNA/CHISEL/DLPp/R3/rdr.tsv
LES4677A2_124576_57x_41y	R3	DLP	12	R3_1	tumour	/srv/home/aste0033/projects/MPNST/scDNA/CHISEL/DLPp/R3/rdr.tsv
LES4677A2_124576_57x_44y	R3	DLP	12	R3_1	tumour	/srv/home/aste0033/projects/MPNST/scDNA/CHISEL/DLPp/R3/rdr.tsv
LES4677A2_124576_57x_48y	R3	DLP	12	R3_1	tumour	/srv/home/aste0033/projects/MPNST/scDNA/CHISEL/DLPp/R3/rdr.tsv
LES4677A2_124576_57x_52y	R3	DLP	12	R3_1	tumour	/srv/home/aste0033/projects/MPNST/scDNA/CHISEL/DLPp/R3/rdr.tsv
LES4677A2_124576_57x_57y	R3	DLP	12	R3_1	tumour	/srv/home/aste0033/projects/MPNST/scDNA/CHISEL/DLPp/R3/rdr.tsv
LES4677A2_124576_58x_39y	R3	DLP	12	R3_1	tumour	/srv/home/aste0033/projects/MPNST/scDNA/CHISEL/DLPp/R3/rdr.tsv
LES4677A2_124576_58x_40y	R3	DLP	12	R3_1	tumour	/srv/home/aste0033/projects/MPNST/scDNA/CHISEL/DLPp/R3/rdr.tsv
LES4677A2_124576_58x_42y	R3	DLP	12	R3_1	tumour	/srv/home/aste0033/projects/MPNST/scDNA/CHISEL/DLPp/R3/rdr.tsv
LES4677A2_124576_58x_43y	R3	DLP	12	R3_1	tumour	/srv/home/aste0033/projects/MPNST/scDNA/CHISEL/DLPp/R3/rdr.tsv
LES4677A2_124576_58x_47y	R3	DLP	12	R3_1	tumour	/srv/home/aste0033/projects/MPNST/scDNA/CHISEL/DLPp/R3/rdr.tsv
LES4677A2_124576_58x_52y	R3	DLP	12	R3_1	tumour	/srv/home/aste0033/projects/MPNST/scDNA/CHISEL/DLPp/R3/rdr.tsv
LES4677A2_124576_59x_38y	R3	DLP	12	R3_1	tumour	/srv/home/aste0033/projects/MPNST/scDNA/CHISEL/DLPp/R3/rdr.tsv
LES4677A2_124576_59x_40y	R3	DLP	12	R3_1	tumour	/srv/home/aste0033/projects/MPNST/scDNA/CHISEL/DLPp/R3/rdr.tsv
LES4677A2_124576_59x_43y	R3	DLP	12	R3_1	tumour	/srv/home/aste0033/projects/MPNST/scDNA/CHISEL/DLPp/R3/rdr.tsv
LES4677A2_124576_59x_50y	R3	DLP	12	R3_1	tumour	/srv/home/aste0033/projects/MPNST/scDNA/CHISEL/DLPp/R3/rdr.tsv
LES4677A2_124576_61x_40y	R3	DLP	12	R3_1	tumour	/srv/home/aste0033/projects/MPNST/scDNA/CHISEL/DLPp/R3/rdr.tsv
LES4677A2_124576_61x_43y	R3	DLP	12	R3_1	tumour	/srv/home/aste0033/projects/MPNST/scDNA/CHISEL/DLPp/R3/rdr.tsv
LES4677A2_124576_61x_44y	R3	DLP	12	R3_1	tumour	/srv/home/aste0033/projects/MPNST/scDNA/CHISEL/DLPp/R3/rdr.tsv
LES4677A2_124576_61x_51y	R3	DLP	12	R3_1	tumour	/srv/home/aste0033/projects/MPNST/scDNA/CHISEL/DLPp/R3/rdr.tsv
LES4677A2_124576_61x_53y	R3	DLP	12	R3_1	tumour	/srv/home/aste0033/projects/MPNST/scDNA/CHISEL/DLPp/R3/rdr.tsv
LES4677A4_124668_21x_41y	R5	DLP	12	R3_1	tumour	/srv/home/aste0033/projects/MPNST/scDNA/CHISEL/DLPp/R5/rdr.tsv
LES4677A4_124668_31x_34y	P	DLP	12	R3_1	tumour	/srv/home/aste0033/projects/MPNST/scDNA/CHISEL/DLPp/P/rdr.tsv
LES4677A4_124668_39x_60y	R5	DLP	12	R3_1	tumour	/srv/home/aste0033/projects/MPNST/scDNA/CHISEL/DLPp/R5/rdr.tsv
LES4677A4_124668_51x_31y	P	DLP	12	R3_1	tumour	/srv/home/aste0033/projects/MPNST/scDNA/CHISEL/DLPp/P/rdr.tsv
LES4677A4_124668_56x_54y	R5	DLP	12	R3_1	tumour	/srv/home/aste0033/projects/MPNST/scDNA/CHISEL/DLPp/R5/rdr.tsv
LES4677A4_124668_58x_15y	P	DLP	12	R3_1	tumour	/srv/home/aste0033/projects/MPNST/scDNA/CHISEL/DLPp/P/rdr.tsv
LES4677A2_124576_14x_14y	R4	DLP	3	R4_1	tumour	/srv/home/aste0033/projects/MPNST/scDNA/CHISEL/DLPp/R4/rdr.tsv
LES4677A2_124576_14x_16y	R4	DLP	3	R4_1	tumour	/srv/home/aste0033/projects/MPNST/scDNA/CHISEL/DLPp/R4/rdr.tsv
LES4677A2_124576_14x_17y	R4	DLP	3	R4_1	tumour	/srv/home/aste0033/projects/MPNST/scDNA/CHISEL/DLPp/R4/rdr.tsv
LES4677A2_124576_14x_25y	R4	DLP	3	R4_1	tumour	/srv/home/aste0033/projects/MPNST/scDNA/CHISEL/DLPp/R4/rdr.tsv
LES4677A2_124576_15x_11y	R4	DLP	3	R4_1	tumour	/srv/home/aste0033/projects/MPNST/scDNA/CHISEL/DLPp/R4/rdr.tsv
LES4677A2_124576_15x_35y	R4	DLP	3	R4_1	tumour	/srv/home/aste0033/projects/MPNST/scDNA/CHISEL/DLPp/R4/rdr.tsv
LES4677A2_124576_16x_19y	R4	DLP	3	R4_1	tumour	/srv/home/aste0033/projects/MPNST/scDNA/CHISEL/DLPp/R4/rdr.tsv
LES4677A2_124576_16x_25y	R4	DLP	3	R4_1	tumour	/srv/home/aste0033/projects/MPNST/scDNA/CHISEL/DLPp/R4/rdr.tsv
LES4677A2_124576_17x_13y	R4	DLP	3	R4_1	tumour	/srv/home/aste0033/projects/MPNST/scDNA/CHISEL/DLPp/R4/rdr.tsv
LES4677A2_124576_17x_15y	R4	DLP	3	R4_1	tumour	/srv/home/aste0033/projects/MPNST/scDNA/CHISEL/DLPp/R4/rdr.tsv
LES4677A2_124576_17x_29y	R4	DLP	3	R4_1	tumour	/srv/home/aste0033/projects/MPNST/scDNA/CHISEL/DLPp/R4/rdr.tsv
LES4677A2_124576_17x_33y	R4	DLP	3	R4_1	tumour	/srv/home/aste0033/projects/MPNST/scDNA/CHISEL/DLPp/R4/rdr.tsv
LES4677A2_124576_18x_11y	R4	DLP	3	R4_1	tumour	/srv/home/aste0033/projects/MPNST/scDNA/CHISEL/DLPp/R4/rdr.tsv
LES4677A2_124576_18x_13y	R4	DLP	3	R4_1	tumour	/srv/home/aste0033/projects/MPNST/scDNA/CHISEL/DLPp/R4/rdr.tsv
LES4677A2_124576_18x_19y	R4	DLP	3	R4_1	tumour	/srv/home/aste0033/projects/MPNST/scDNA/CHISEL/DLPp/R4/rdr.tsv
LES4677A2_124576_18x_31y	R4	DLP	3	R4_1	tumour	/srv/home/aste0033/projects/MPNST/scDNA/CHISEL/DLPp/R4/rdr.tsv
LES4677A2_124576_19x_13y	R4	DLP	3	R4_1	tumour	/srv/home/aste0033/projects/MPNST/scDNA/CHISEL/DLPp/R4/rdr.tsv
LES4677A2_124576_20x_14y	R4	DLP	3	R4_1	tumour	/srv/home/aste0033/projects/MPNST/scDNA/CHISEL/DLPp/R4/rdr.tsv
LES4677A2_124576_20x_17y	R4	DLP	3	R4_1	tumour	/srv/home/aste0033/projects/MPNST/scDNA/CHISEL/DLPp/R4/rdr.tsv
LES4677A2_124576_20x_27y	R4	DLP	3	R4_1	tumour	/srv/home/aste0033/projects/MPNST/scDNA/CHISEL/DLPp/R4/rdr.tsv
LES4677A2_124576_21x_32y	R4	DLP	3	R4_1	tumour	/srv/home/aste0033/projects/MPNST/scDNA/CHISEL/DLPp/R4/rdr.tsv
LES4677A2_124576_22x_31y	R4	DLP	3	R4_1	tumour	/srv/home/aste0033/projects/MPNST/scDNA/CHISEL/DLPp/R4/rdr.tsv
LES4677A2_124576_22x_32y	R4	DLP	3	R4_1	tumour	/srv/home/aste0033/projects/MPNST/scDNA/CHISEL/DLPp/R4/rdr.tsv
LES4677A2_124576_22x_33y	R4	DLP	3	R4_1	tumour	/srv/home/aste0033/projects/MPNST/scDNA/CHISEL/DLPp/R4/rdr.tsv
LES4677A2_124576_23x_23y	R4	DLP	3	R4_1	tumour	/srv/home/aste0033/projects/MPNST/scDNA/CHISEL/DLPp/R4/rdr.tsv
LES4677A2_124576_23x_25y	R4	DLP	3	R4_1	tumour	/srv/home/aste0033/projects/MPNST/scDNA/CHISEL/DLPp/R4/rdr.tsv
LES4677A2_124576_23x_27y	R4	DLP	3	R4_1	tumour	/srv/home/aste0033/projects/MPNST/scDNA/CHISEL/DLPp/R4/rdr.tsv
LES4677A2_124576_23x_28y	R4	DLP	3	R4_1	tumour	/srv/home/aste0033/projects/MPNST/scDNA/CHISEL/DLPp/R4/rdr.tsv
LES4677A2_124576_23x_32y	R4	DLP	3	R4_1	tumour	/srv/home/aste0033/projects/MPNST/scDNA/CHISEL/DLPp/R4/rdr.tsv
LES4677A2_124576_24x_14y	R4	DLP	3	R4_1	tumour	/srv/home/aste0033/projects/MPNST/scDNA/CHISEL/DLPp/R4/rdr.tsv
LES4677A2_124576_24x_22y	R4	DLP	3	R4_1	tumour	/srv/home/aste0033/projects/MPNST/scDNA/CHISEL/DLPp/R4/rdr.tsv
LES4677A2_124576_24x_28y	R4	DLP	3	R4_1	tumour	/srv/home/aste0033/projects/MPNST/scDNA/CHISEL/DLPp/R4/rdr.tsv
LES4677A2_124576_24x_29y	R4	DLP	3	R4_1	tumour	/srv/home/aste0033/projects/MPNST/scDNA/CHISEL/DLPp/R4/rdr.tsv
LES4677A2_124576_24x_32y	R4	DLP	3	R4_1	tumour	/srv/home/aste0033/projects/MPNST/scDNA/CHISEL/DLPp/R4/rdr.tsv
LES4677A2_124576_24x_34y	R4	DLP	3	R4_1	tumour	/srv/home/aste0033/projects/MPNST/scDNA/CHISEL/DLPp/R4/rdr.tsv
LES4677A2_124576_25x_30y	R4	DLP	3	R4_1	tumour	/srv/home/aste0033/projects/MPNST/scDNA/CHISEL/DLPp/R4/rdr.tsv
LES4677A2_124576_25x_35y	R4	DLP	3	R4_1	tumour	/srv/home/aste0033/projects/MPNST/scDNA/CHISEL/DLPp/R4/rdr.tsv
LES4677A2_124576_26x_11y	R4	DLP	3	R4_1	tumour	/srv/home/aste0033/projects/MPNST/scDNA/CHISEL/DLPp/R4/rdr.tsv
LES4677A2_124576_26x_20y	R4	DLP	3	R4_1	tumour	/srv/home/aste0033/projects/MPNST/scDNA/CHISEL/DLPp/R4/rdr.tsv
LES4677A2_124576_26x_26y	R4	DLP	3	R4_1	tumour	/srv/home/aste0033/projects/MPNST/scDNA/CHISEL/DLPp/R4/rdr.tsv
LES4677A2_124576_27x_29y	R4	DLP	3	R4_1	tumour	/srv/home/aste0033/projects/MPNST/scDNA/CHISEL/DLPp/R4/rdr.tsv
LES4677A2_124576_28x_11y	R4	DLP	3	R4_1	tumour	/srv/home/aste0033/projects/MPNST/scDNA/CHISEL/DLPp/R4/rdr.tsv
LES4677A2_124576_28x_16y	R4	DLP	3	R4_1	tumour	/srv/home/aste0033/projects/MPNST/scDNA/CHISEL/DLPp/R4/rdr.tsv
LES4677A2_124576_28x_23y	R4	DLP	3	R4_1	tumour	/srv/home/aste0033/projects/MPNST/scDNA/CHISEL/DLPp/R4/rdr.tsv
LES4677A2_124576_28x_32y	R4	DLP	3	R4_1	tumour	/srv/home/aste0033/projects/MPNST/scDNA/CHISEL/DLPp/R4/rdr.tsv
LES4677A2_124576_29x_11y	R4	DLP	3	R4_1	tumour	/srv/home/aste0033/projects/MPNST/scDNA/CHISEL/DLPp/R4/rdr.tsv
LES4677A2_124576_29x_21y	R4	DLP	3	R4_1	tumour	/srv/home/aste0033/projects/MPNST/scDNA/CHISEL/DLPp/R4/rdr.tsv
LES4677A2_124576_31x_17y	R4	DLP	3	R4_1	tumour	/srv/home/aste0033/projects/MPNST/scDNA/CHISEL/DLPp/R4/rdr.tsv
LES4677A2_124576_31x_34y	R4	DLP	3	R4_1	tumour	/srv/home/aste0033/projects/MPNST/scDNA/CHISEL/DLPp/R4/rdr.tsv
LES4677A2_124576_32x_14y	R4	DLP	3	R4_1	tumour	/srv/home/aste0033/projects/MPNST/scDNA/CHISEL/DLPp/R4/rdr.tsv
LES4677A2_124576_32x_21y	R4	DLP	3	R4_1	tumour	/srv/home/aste0033/projects/MPNST/scDNA/CHISEL/DLPp/R4/rdr.tsv
LES4677A2_124576_32x_29y	R4	DLP	3	R4_1	tumour	/srv/home/aste0033/projects/MPNST/scDNA/CHISEL/DLPp/R4/rdr.tsv
LES4677A2_124576_33x_13y	R4	DLP	3	R4_1	tumour	/srv/home/aste0033/projects/MPNST/scDNA/CHISEL/DLPp/R4/rdr.tsv
LES4677A2_124576_33x_35y	R4	DLP	3	R4_1	tumour	/srv/home/aste0033/projects/MPNST/scDNA/CHISEL/DLPp/R4/rdr.tsv
LES4677A2_124576_34x_15y	R4	DLP	3	R4_1	tumour	/srv/home/aste0033/projects/MPNST/scDNA/CHISEL/DLPp/R4/rdr.tsv
LES4677A2_124576_34x_26y	R4	DLP	3	R4_1	tumour	/srv/home/aste0033/projects/MPNST/scDNA/CHISEL/DLPp/R4/rdr.tsv
LES4677A2_124576_34x_27y	R4	DLP	3	R4_1	tumour	/srv/home/aste0033/projects/MPNST/scDNA/CHISEL/DLPp/R4/rdr.tsv
LES4677A2_124576_34x_30y	R4	DLP	3	R4_1	tumour	/srv/home/aste0033/projects/MPNST/scDNA/CHISEL/DLPp/R4/rdr.tsv
LES4677A2_124576_35x_21y	R4	DLP	3	R4_1	tumour	/srv/home/aste0033/projects/MPNST/scDNA/CHISEL/DLPp/R4/rdr.tsv
LES4677A2_124576_35x_26y	R4	DLP	3	R4_1	tumour	/srv/home/aste0033/projects/MPNST/scDNA/CHISEL/DLPp/R4/rdr.tsv
LES4677A2_124576_35x_28y	R4	DLP	3	R4_1	tumour	/srv/home/aste0033/projects/MPNST/scDNA/CHISEL/DLPp/R4/rdr.tsv
LES4677A2_124576_35x_32y	R4	DLP	3	R4_1	tumour	/srv/home/aste0033/projects/MPNST/scDNA/CHISEL/DLPp/R4/rdr.tsv
LES4677A2_124576_36x_12y	R4	DLP	3	R4_1	tumour	/srv/home/aste0033/projects/MPNST/scDNA/CHISEL/DLPp/R4/rdr.tsv
LES4677A2_124576_36x_15y	R4	DLP	3	R4_1	tumour	/srv/home/aste0033/projects/MPNST/scDNA/CHISEL/DLPp/R4/rdr.tsv
LES4677A2_124576_36x_20y	R4	DLP	3	R4_1	tumour	/srv/home/aste0033/projects/MPNST/scDNA/CHISEL/DLPp/R4/rdr.tsv
LES4677A2_124576_36x_22y	R4	DLP	3	R4_1	tumour	/srv/home/aste0033/projects/MPNST/scDNA/CHISEL/DLPp/R4/rdr.tsv
LES4677A2_124576_36x_31y	R4	DLP	3	R4_1	tumour	/srv/home/aste0033/projects/MPNST/scDNA/CHISEL/DLPp/R4/rdr.tsv
LES4677A2_124576_37x_31y	R4	DLP	3	R4_1	tumour	/srv/home/aste0033/projects/MPNST/scDNA/CHISEL/DLPp/R4/rdr.tsv
LES4677A2_124576_38x_11y	R4	DLP	3	R4_1	tumour	/srv/home/aste0033/projects/MPNST/scDNA/CHISEL/DLPp/R4/rdr.tsv
LES4677A2_124576_38x_29y	R4	DLP	3	R4_1	tumour	/srv/home/aste0033/projects/MPNST/scDNA/CHISEL/DLPp/R4/rdr.tsv
LES4677A2_124576_39x_22y	R4	DLP	3	R4_1	tumour	/srv/home/aste0033/projects/MPNST/scDNA/CHISEL/DLPp/R4/rdr.tsv
LES4677A2_124576_39x_33y	R4	DLP	3	R4_1	tumour	/srv/home/aste0033/projects/MPNST/scDNA/CHISEL/DLPp/R4/rdr.tsv
LES4677A2_124576_39x_35y	R4	DLP	3	R4_1	tumour	/srv/home/aste0033/projects/MPNST/scDNA/CHISEL/DLPp/R4/rdr.tsv
LES4677A2_124576_40x_13y	R4	DLP	3	R4_1	tumour	/srv/home/aste0033/projects/MPNST/scDNA/CHISEL/DLPp/R4/rdr.tsv
LES4677A2_124576_40x_17y	R4	DLP	3	R4_1	tumour	/srv/home/aste0033/projects/MPNST/scDNA/CHISEL/DLPp/R4/rdr.tsv
LES4677A2_124576_41x_14y	R4	DLP	3	R4_1	tumour	/srv/home/aste0033/projects/MPNST/scDNA/CHISEL/DLPp/R4/rdr.tsv
LES4677A2_124576_41x_15y	R4	DLP	3	R4_1	tumour	/srv/home/aste0033/projects/MPNST/scDNA/CHISEL/DLPp/R4/rdr.tsv
LES4677A2_124576_41x_25y	R4	DLP	3	R4_1	tumour	/srv/home/aste0033/projects/MPNST/scDNA/CHISEL/DLPp/R4/rdr.tsv
LES4677A2_124576_41x_28y	R4	DLP	3	R4_1	tumour	/srv/home/aste0033/projects/MPNST/scDNA/CHISEL/DLPp/R4/rdr.tsv
LES4677A2_124576_41x_29y	R4	DLP	3	R4_1	tumour	/srv/home/aste0033/projects/MPNST/scDNA/CHISEL/DLPp/R4/rdr.tsv
LES4677A2_124576_42x_17y	R4	DLP	3	R4_1	tumour	/srv/home/aste0033/projects/MPNST/scDNA/CHISEL/DLPp/R4/rdr.tsv
LES4677A2_124576_42x_22y	R4	DLP	3	R4_1	tumour	/srv/home/aste0033/projects/MPNST/scDNA/CHISEL/DLPp/R4/rdr.tsv
LES4677A2_124576_42x_35y	R4	DLP	3	R4_1	tumour	/srv/home/aste0033/projects/MPNST/scDNA/CHISEL/DLPp/R4/rdr.tsv
LES4677A2_124576_43x_17y	R4	DLP	3	R4_1	tumour	/srv/home/aste0033/projects/MPNST/scDNA/CHISEL/DLPp/R4/rdr.tsv
LES4677A2_124576_43x_28y	R4	DLP	3	R4_1	tumour	/srv/home/aste0033/projects/MPNST/scDNA/CHISEL/DLPp/R4/rdr.tsv
LES4677A2_124576_43x_29y	R4	DLP	3	R4_1	tumour	/srv/home/aste0033/projects/MPNST/scDNA/CHISEL/DLPp/R4/rdr.tsv
LES4677A2_124576_43x_34y	R4	DLP	3	R4_1	tumour	/srv/home/aste0033/projects/MPNST/scDNA/CHISEL/DLPp/R4/rdr.tsv
LES4677A2_124576_43x_35y	R4	DLP	3	R4_1	tumour	/srv/home/aste0033/projects/MPNST/scDNA/CHISEL/DLPp/R4/rdr.tsv
LES4677A2_124576_44x_14y	R4	DLP	3	R4_1	tumour	/srv/home/aste0033/projects/MPNST/scDNA/CHISEL/DLPp/R4/rdr.tsv
LES4677A2_124576_44x_28y	R4	DLP	3	R4_1	tumour	/srv/home/aste0033/projects/MPNST/scDNA/CHISEL/DLPp/R4/rdr.tsv
LES4677A2_124576_44x_33y	R4	DLP	3	R4_1	tumour	/srv/home/aste0033/projects/MPNST/scDNA/CHISEL/DLPp/R4/rdr.tsv
LES4677A2_124576_44x_34y	R4	DLP	3	R4_1	tumour	/srv/home/aste0033/projects/MPNST/scDNA/CHISEL/DLPp/R4/rdr.tsv
LES4677A2_124576_44x_35y	R4	DLP	3	R4_1	tumour	/srv/home/aste0033/projects/MPNST/scDNA/CHISEL/DLPp/R4/rdr.tsv
LES4677A2_124576_46x_16y	R4	DLP	3	R4_1	tumour	/srv/home/aste0033/projects/MPNST/scDNA/CHISEL/DLPp/R4/rdr.tsv
LES4677A2_124576_46x_25y	R4	DLP	3	R4_1	tumour	/srv/home/aste0033/projects/MPNST/scDNA/CHISEL/DLPp/R4/rdr.tsv
LES4677A2_124576_46x_27y	R4	DLP	3	R4_1	tumour	/srv/home/aste0033/projects/MPNST/scDNA/CHISEL/DLPp/R4/rdr.tsv
LES4677A2_124576_46x_29y	R4	DLP	3	R4_1	tumour	/srv/home/aste0033/projects/MPNST/scDNA/CHISEL/DLPp/R4/rdr.tsv
LES4677A2_124576_47x_12y	R4	DLP	3	R4_1	tumour	/srv/home/aste0033/projects/MPNST/scDNA/CHISEL/DLPp/R4/rdr.tsv
LES4677A2_124576_47x_16y	R4	DLP	3	R4_1	tumour	/srv/home/aste0033/projects/MPNST/scDNA/CHISEL/DLPp/R4/rdr.tsv
LES4677A2_124576_47x_30y	R4	DLP	3	R4_1	tumour	/srv/home/aste0033/projects/MPNST/scDNA/CHISEL/DLPp/R4/rdr.tsv
LES4677A2_124576_47x_34y	R4	DLP	3	R4_1	tumour	/srv/home/aste0033/projects/MPNST/scDNA/CHISEL/DLPp/R4/rdr.tsv
LES4677A2_124576_48x_29y	R4	DLP	3	R4_1	tumour	/srv/home/aste0033/projects/MPNST/scDNA/CHISEL/DLPp/R4/rdr.tsv
LES4677A2_124576_49x_29y	R4	DLP	3	R4_1	tumour	/srv/home/aste0033/projects/MPNST/scDNA/CHISEL/DLPp/R4/rdr.tsv
LES4677A2_124576_50x_12y	R4	DLP	3	R4_1	tumour	/srv/home/aste0033/projects/MPNST/scDNA/CHISEL/DLPp/R4/rdr.tsv
LES4677A2_124576_52x_19y	R4	DLP	3	R4_1	tumour	/srv/home/aste0033/projects/MPNST/scDNA/CHISEL/DLPp/R4/rdr.tsv
LES4677A2_124576_53x_32y	R4	DLP	3	R4_1	tumour	/srv/home/aste0033/projects/MPNST/scDNA/CHISEL/DLPp/R4/rdr.tsv
LES4677A2_124576_54x_22y	R4	DLP	3	R4_1	tumour	/srv/home/aste0033/projects/MPNST/scDNA/CHISEL/DLPp/R4/rdr.tsv
LES4677A2_124576_54x_28y	R4	DLP	3	R4_1	tumour	/srv/home/aste0033/projects/MPNST/scDNA/CHISEL/DLPp/R4/rdr.tsv
LES4677A2_124576_54x_30y	R4	DLP	3	R4_1	tumour	/srv/home/aste0033/projects/MPNST/scDNA/CHISEL/DLPp/R4/rdr.tsv
LES4677A2_124576_55x_15y	R4	DLP	3	R4_1	tumour	/srv/home/aste0033/projects/MPNST/scDNA/CHISEL/DLPp/R4/rdr.tsv
LES4677A2_124576_56x_30y	R4	DLP	3	R4_1	tumour	/srv/home/aste0033/projects/MPNST/scDNA/CHISEL/DLPp/R4/rdr.tsv
AAAGATGCATTACTTC-1	R4	10X	7	R4_2	tumour	/mnt/iribhm/homes/aste0033/projects/MPNST/scDNA/CHISEL/10X/FIT208A6/rdr.tsv
AACCGCGCAGGTCAAG-1	R4	10X	7	R4_2	tumour	/mnt/iribhm/homes/aste0033/projects/MPNST/scDNA/CHISEL/10X/FIT208A6/rdr.tsv
AACGTTGAGCAGCCCT-1	R4	10X	7	R4_2	tumour	/mnt/iribhm/homes/aste0033/projects/MPNST/scDNA/CHISEL/10X/FIT208A6/rdr.tsv
AACTCTTCAAGTCGGA-1	R4	10X	7	R4_2	tumour	/mnt/iribhm/homes/aste0033/projects/MPNST/scDNA/CHISEL/10X/FIT208A6/rdr.tsv
AAGACCTTCAATCTTC-1	R4	10X	7	R4_2	tumour	/mnt/iribhm/homes/aste0033/projects/MPNST/scDNA/CHISEL/10X/FIT208A6/rdr.tsv
AAGGAGCAGTCCCGAC-1	R4	10X	7	R4_2	tumour	/mnt/iribhm/homes/aste0033/projects/MPNST/scDNA/CHISEL/10X/FIT208A6/rdr.tsv
AAGGCAGAGACTTTCG-1	R4	10X	7	R4_2	tumour	/mnt/iribhm/homes/aste0033/projects/MPNST/scDNA/CHISEL/10X/FIT208A6/rdr.tsv
AAGTCTGGTAGGGACT-1	R4	10X	7	R4_2	tumour	/mnt/iribhm/homes/aste0033/projects/MPNST/scDNA/CHISEL/10X/FIT208A6/rdr.tsv
ACACCCTGTCGCCAAC-1	R4	10X	7	R4_2	tumour	/mnt/iribhm/homes/aste0033/projects/MPNST/scDNA/CHISEL/10X/FIT208A6/rdr.tsv
ACACCCTTCATGACCA-1	R4	10X	7	R4_2	tumour	/mnt/iribhm/homes/aste0033/projects/MPNST/scDNA/CHISEL/10X/FIT208A6/rdr.tsv
ACACTGATCTAGAACC-1	R4	10X	7	R4_2	tumour	/mnt/iribhm/homes/aste0033/projects/MPNST/scDNA/CHISEL/10X/FIT208A6/rdr.tsv
ACATACGCACCAATAC-1	R4	10X	7	R4_2	tumour	/mnt/iribhm/homes/aste0033/projects/MPNST/scDNA/CHISEL/10X/FIT208A6/rdr.tsv
ACATCAGTCAGGTGAG-1	R4	10X	7	R4_2	tumour	/mnt/iribhm/homes/aste0033/projects/MPNST/scDNA/CHISEL/10X/FIT208A6/rdr.tsv
ACCGTAAGTTGCGGCT-1	R4	10X	7	R4_2	tumour	/mnt/iribhm/homes/aste0033/projects/MPNST/scDNA/CHISEL/10X/FIT208A6/rdr.tsv
ACCTTTATCTACCGAA-1	R1	10X	7	R4_2	tumour	/mnt/iribhm/homes/aste0033/projects/MPNST/scDNA/CHISEL/10X/FIT208A3/rdr.tsv
ACGAGCCGTCTTGCGG-1	R4	10X	7	R4_2	tumour	/mnt/iribhm/homes/aste0033/projects/MPNST/scDNA/CHISEL/10X/FIT208A6/rdr.tsv
ACGCCAGGTTCAAGAA-1	R4	10X	7	R4_2	tumour	/mnt/iribhm/homes/aste0033/projects/MPNST/scDNA/CHISEL/10X/FIT208A6/rdr.tsv
ACGGAGAGTCAACATC-1	R4	10X	7	R4_2	tumour	/mnt/iribhm/homes/aste0033/projects/MPNST/scDNA/CHISEL/10X/FIT208A6/rdr.tsv
ACGTCAAGTTGGTGAG-1	R4	10X	7	R4_2	tumour	/mnt/iribhm/homes/aste0033/projects/MPNST/scDNA/CHISEL/10X/FIT208A6/rdr.tsv
ACTGAACGTACTAGGG-1	R4	10X	7	R4_2	tumour	/mnt/iribhm/homes/aste0033/projects/MPNST/scDNA/CHISEL/10X/FIT208A6/rdr.tsv
AGAGTGGCAGTGAAAT-1	R4	10X	7	R4_2	tumour	/mnt/iribhm/homes/aste0033/projects/MPNST/scDNA/CHISEL/10X/FIT208A6/rdr.tsv
AGCGGTCGTAGCCCTG-1	R4	10X	7	R4_2	tumour	/mnt/iribhm/homes/aste0033/projects/MPNST/scDNA/CHISEL/10X/FIT208A6/rdr.tsv
AGCGTATTCGAGAGGT-1	R4	10X	7	R4_2	tumour	/mnt/iribhm/homes/aste0033/projects/MPNST/scDNA/CHISEL/10X/FIT208A6/rdr.tsv
AGCTCCTAGTGAATTG-1	R4	10X	7	R4_2	tumour	/mnt/iribhm/homes/aste0033/projects/MPNST/scDNA/CHISEL/10X/FIT208A6/rdr.tsv
AGCTCCTTCGTAGCGC-1	R4	10X	7	R4_2	tumour	/mnt/iribhm/homes/aste0033/projects/MPNST/scDNA/CHISEL/10X/FIT208A6/rdr.tsv
AGCTCTCTCGCAGCAC-1	R4	10X	7	R4_2	tumour	/mnt/iribhm/homes/aste0033/projects/MPNST/scDNA/CHISEL/10X/FIT208A6/rdr.tsv
AGCTTGACACCGAACC-1	R4	10X	7	R4_2	tumour	/mnt/iribhm/homes/aste0033/projects/MPNST/scDNA/CHISEL/10X/FIT208A6/rdr.tsv
AGCTTGAGTACGTGCC-1	R4	10X	7	R4_2	tumour	/mnt/iribhm/homes/aste0033/projects/MPNST/scDNA/CHISEL/10X/FIT208A6/rdr.tsv
AGGGAGTAGCAGTACG-1	R4	10X	7	R4_2	tumour	/mnt/iribhm/homes/aste0033/projects/MPNST/scDNA/CHISEL/10X/FIT208A6/rdr.tsv
AGTGTCATCAACTGAC-1	R4	10X	7	R4_2	tumour	/mnt/iribhm/homes/aste0033/projects/MPNST/scDNA/CHISEL/10X/FIT208A6/rdr.tsv
ATCACGATCGGAAGAC-1	R4	10X	7	R4_2	tumour	/mnt/iribhm/homes/aste0033/projects/MPNST/scDNA/CHISEL/10X/FIT208A6/rdr.tsv
ATCATGGAGATCTGCT-1	R4	10X	7	R4_2	tumour	/mnt/iribhm/homes/aste0033/projects/MPNST/scDNA/CHISEL/10X/FIT208A6/rdr.tsv
ATCATGGCAGCCCGAT-1	R4	10X	7	R4_2	tumour	/mnt/iribhm/homes/aste0033/projects/MPNST/scDNA/CHISEL/10X/FIT208A6/rdr.tsv
ATCCGAAGTCTTCGCT-1	R4	10X	7	R4_2	tumour	/mnt/iribhm/homes/aste0033/projects/MPNST/scDNA/CHISEL/10X/FIT208A6/rdr.tsv
ATCTACTGTGGTCAAG-1	R4	10X	7	R4_2	tumour	/mnt/iribhm/homes/aste0033/projects/MPNST/scDNA/CHISEL/10X/FIT208A6/rdr.tsv
ATGAGGGCACGACTAT-1	R4	10X	7	R4_2	tumour	/mnt/iribhm/homes/aste0033/projects/MPNST/scDNA/CHISEL/10X/FIT208A6/rdr.tsv
ATGTGTGGTTGCGGCT-1	R4	10X	7	R4_2	tumour	/mnt/iribhm/homes/aste0033/projects/MPNST/scDNA/CHISEL/10X/FIT208A6/rdr.tsv
ATTGGACAGTTAACGA-1	R4	10X	7	R4_2	tumour	/mnt/iribhm/homes/aste0033/projects/MPNST/scDNA/CHISEL/10X/FIT208A6/rdr.tsv
CAACTAGGTAACGAGC-1	R4	10X	7	R4_2	tumour	/mnt/iribhm/homes/aste0033/projects/MPNST/scDNA/CHISEL/10X/FIT208A6/rdr.tsv
CAACTAGTCGCGGACT-1	R4	10X	7	R4_2	tumour	/mnt/iribhm/homes/aste0033/projects/MPNST/scDNA/CHISEL/10X/FIT208A6/rdr.tsv
CAAGAAAGTGCTCGAC-1	R4	10X	7	R4_2	tumour	/mnt/iribhm/homes/aste0033/projects/MPNST/scDNA/CHISEL/10X/FIT208A6/rdr.tsv
CAAGAAATCACGTAGT-1	R4	10X	7	R4_2	tumour	/mnt/iribhm/homes/aste0033/projects/MPNST/scDNA/CHISEL/10X/FIT208A6/rdr.tsv
CAAGGCCAGCTGCGAA-1	R4	10X	7	R4_2	tumour	/mnt/iribhm/homes/aste0033/projects/MPNST/scDNA/CHISEL/10X/FIT208A6/rdr.tsv
CACACCTAGACGCTTT-1	R4	10X	7	R4_2	tumour	/mnt/iribhm/homes/aste0033/projects/MPNST/scDNA/CHISEL/10X/FIT208A6/rdr.tsv
CACAGTAGTTATCGGT-1	R4	10X	7	R4_2	tumour	/mnt/iribhm/homes/aste0033/projects/MPNST/scDNA/CHISEL/10X/FIT208A6/rdr.tsv
CACCTTGCAAACTCAC-1	R4	10X	7	R4_2	tumour	/mnt/iribhm/homes/aste0033/projects/MPNST/scDNA/CHISEL/10X/FIT208A6/rdr.tsv
CAGATCACAGACACGA-1	R4	10X	7	R4_2	tumour	/mnt/iribhm/homes/aste0033/projects/MPNST/scDNA/CHISEL/10X/FIT208A6/rdr.tsv
CAGCCGATCCGCACGA-1	R4	10X	7	R4_2	tumour	/mnt/iribhm/homes/aste0033/projects/MPNST/scDNA/CHISEL/10X/FIT208A6/rdr.tsv
CAGCGACCAAGTAAGT-1	R4	10X	7	R4_2	tumour	/mnt/iribhm/homes/aste0033/projects/MPNST/scDNA/CHISEL/10X/FIT208A6/rdr.tsv
CAGCTGGCAATCCATG-1	R4	10X	7	R4_2	tumour	/mnt/iribhm/homes/aste0033/projects/MPNST/scDNA/CHISEL/10X/FIT208A6/rdr.tsv
CAGCTGGCACAATCAC-1	R2	10X	7	R4_2	tumour	/mnt/iribhm/homes/aste0033/projects/MPNST/scDNA/CHISEL/10X/FIT208A4/rdr.tsv
CATATGGTCTTAAGGC-1	R4	10X	7	R4_2	tumour	/mnt/iribhm/homes/aste0033/projects/MPNST/scDNA/CHISEL/10X/FIT208A6/rdr.tsv
CATCAAGGTACCACTA-1	R4	10X	7	R4_2	tumour	/mnt/iribhm/homes/aste0033/projects/MPNST/scDNA/CHISEL/10X/FIT208A6/rdr.tsv
CATCAAGTCCGGTTCT-1	R4	10X	7	R4_2	tumour	/mnt/iribhm/homes/aste0033/projects/MPNST/scDNA/CHISEL/10X/FIT208A6/rdr.tsv
CATCAGATCGCGCACA-1	R4	10X	7	R4_2	tumour	/mnt/iribhm/homes/aste0033/projects/MPNST/scDNA/CHISEL/10X/FIT208A6/rdr.tsv
CATCCACTCACTACAG-1	R4	10X	7	R4_2	tumour	/mnt/iribhm/homes/aste0033/projects/MPNST/scDNA/CHISEL/10X/FIT208A6/rdr.tsv
CATGCCTCAACTCACA-1	R4	10X	7	R4_2	tumour	/mnt/iribhm/homes/aste0033/projects/MPNST/scDNA/CHISEL/10X/FIT208A6/rdr.tsv
CATTCGCTCGGGAAAC-1	R4	10X	7	R4_2	tumour	/mnt/iribhm/homes/aste0033/projects/MPNST/scDNA/CHISEL/10X/FIT208A6/rdr.tsv
CCATTCGAGGACAGAA-1	R4	10X	7	R4_2	tumour	/mnt/iribhm/homes/aste0033/projects/MPNST/scDNA/CHISEL/10X/FIT208A6/rdr.tsv
CCATTCGAGGCAGTCA-1	R4	10X	7	R4_2	tumour	/mnt/iribhm/homes/aste0033/projects/MPNST/scDNA/CHISEL/10X/FIT208A6/rdr.tsv
CCCAATCGTACTCCGG-1	R4	10X	7	R4_2	tumour	/mnt/iribhm/homes/aste0033/projects/MPNST/scDNA/CHISEL/10X/FIT208A6/rdr.tsv
CCGGGATCAAAGTAAC-1	R4	10X	7	R4_2	tumour	/mnt/iribhm/homes/aste0033/projects/MPNST/scDNA/CHISEL/10X/FIT208A6/rdr.tsv
CCGTGGAAGCCTATGT-1	R4	10X	7	R4_2	tumour	/mnt/iribhm/homes/aste0033/projects/MPNST/scDNA/CHISEL/10X/FIT208A6/rdr.tsv
CCGTGGAAGTGTTGAA-1	R4	10X	7	R4_2	tumour	/mnt/iribhm/homes/aste0033/projects/MPNST/scDNA/CHISEL/10X/FIT208A6/rdr.tsv
CCTACCAGTCTCGGCA-1	R4	10X	7	R4_2	tumour	/mnt/iribhm/homes/aste0033/projects/MPNST/scDNA/CHISEL/10X/FIT208A6/rdr.tsv
CCTATTAGTAACGTGG-1	R4	10X	7	R4_2	tumour	/mnt/iribhm/homes/aste0033/projects/MPNST/scDNA/CHISEL/10X/FIT208A6/rdr.tsv
CCTATTATCAGCCTGG-1	R4	10X	7	R4_2	tumour	/mnt/iribhm/homes/aste0033/projects/MPNST/scDNA/CHISEL/10X/FIT208A6/rdr.tsv
CCTATTATCGGATCCG-1	R4	10X	7	R4_2	tumour	/mnt/iribhm/homes/aste0033/projects/MPNST/scDNA/CHISEL/10X/FIT208A6/rdr.tsv
CCTCAGTCATCGGGCT-1	R4	10X	7	R4_2	tumour	/mnt/iribhm/homes/aste0033/projects/MPNST/scDNA/CHISEL/10X/FIT208A6/rdr.tsv
CCTCTGACATGCCATA-1	R4	10X	7	R4_2	tumour	/mnt/iribhm/homes/aste0033/projects/MPNST/scDNA/CHISEL/10X/FIT208A6/rdr.tsv
CCTTTCTAGTGTACCT-1	R4	10X	7	R4_2	tumour	/mnt/iribhm/homes/aste0033/projects/MPNST/scDNA/CHISEL/10X/FIT208A6/rdr.tsv
CGACCTTTCGCTATTT-1	R4	10X	7	R4_2	tumour	/mnt/iribhm/homes/aste0033/projects/MPNST/scDNA/CHISEL/10X/FIT208A6/rdr.tsv
CGAGAAGGTGTAATGA-1	R4	10X	7	R4_2	tumour	/mnt/iribhm/homes/aste0033/projects/MPNST/scDNA/CHISEL/10X/FIT208A6/rdr.tsv
CGATGGCCACGGAATG-1	R4	10X	7	R4_2	tumour	/mnt/iribhm/homes/aste0033/projects/MPNST/scDNA/CHISEL/10X/FIT208A6/rdr.tsv
CGATGGCTCAGCACGC-1	R4	10X	7	R4_2	tumour	/mnt/iribhm/homes/aste0033/projects/MPNST/scDNA/CHISEL/10X/FIT208A6/rdr.tsv
CGATTGACAACCGGAA-1	R4	10X	7	R4_2	tumour	/mnt/iribhm/homes/aste0033/projects/MPNST/scDNA/CHISEL/10X/FIT208A6/rdr.tsv
CGGCTAGTCGGGCTCA-1	R4	10X	7	R4_2	tumour	/mnt/iribhm/homes/aste0033/projects/MPNST/scDNA/CHISEL/10X/FIT208A6/rdr.tsv
CGTGAGCTCGCGCACA-1	R4	10X	7	R4_2	tumour	/mnt/iribhm/homes/aste0033/projects/MPNST/scDNA/CHISEL/10X/FIT208A6/rdr.tsv
CGTGTCTAGCTGGTCC-1	R4	10X	7	R4_2	tumour	/mnt/iribhm/homes/aste0033/projects/MPNST/scDNA/CHISEL/10X/FIT208A6/rdr.tsv
CGTTCTGGTCGGGAAT-1	R4	10X	7	R4_2	tumour	/mnt/iribhm/homes/aste0033/projects/MPNST/scDNA/CHISEL/10X/FIT208A6/rdr.tsv
CTAACTTTCCGCTCTA-1	R4	10X	7	R4_2	tumour	/mnt/iribhm/homes/aste0033/projects/MPNST/scDNA/CHISEL/10X/FIT208A6/rdr.tsv
CTACATTGTATCGCCG-1	R4	10X	7	R4_2	tumour	/mnt/iribhm/homes/aste0033/projects/MPNST/scDNA/CHISEL/10X/FIT208A6/rdr.tsv
CTACCCAAGGTGCACA-1	R1	10X	7	R4_2	tumour	/mnt/iribhm/homes/aste0033/projects/MPNST/scDNA/CHISEL/10X/FIT208A3/rdr.tsv
CTCCTAGGTGTTACGT-1	R4	10X	7	R4_2	tumour	/mnt/iribhm/homes/aste0033/projects/MPNST/scDNA/CHISEL/10X/FIT208A6/rdr.tsv
CTCGAAAGTGCTTTCC-1	R4	10X	7	R4_2	tumour	/mnt/iribhm/homes/aste0033/projects/MPNST/scDNA/CHISEL/10X/FIT208A6/rdr.tsv
CTCGAGGAGAAGCCCA-1	R4	10X	7	R4_2	tumour	/mnt/iribhm/homes/aste0033/projects/MPNST/scDNA/CHISEL/10X/FIT208A6/rdr.tsv
CTCGGGACACGACTAT-1	R4	10X	7	R4_2	tumour	/mnt/iribhm/homes/aste0033/projects/MPNST/scDNA/CHISEL/10X/FIT208A6/rdr.tsv
CTCGTCAGTACCATCA-1	R4	10X	7	R4_2	tumour	/mnt/iribhm/homes/aste0033/projects/MPNST/scDNA/CHISEL/10X/FIT208A6/rdr.tsv
CTCTACGAGAGTGACC-1	R4	10X	7	R4_2	tumour	/mnt/iribhm/homes/aste0033/projects/MPNST/scDNA/CHISEL/10X/FIT208A6/rdr.tsv
CTGATAGAGGCTCTTA-1	R4	10X	7	R4_2	tumour	/mnt/iribhm/homes/aste0033/projects/MPNST/scDNA/CHISEL/10X/FIT208A6/rdr.tsv
CTGCCTATCCTTGCAC-1	R4	10X	7	R4_2	tumour	/mnt/iribhm/homes/aste0033/projects/MPNST/scDNA/CHISEL/10X/FIT208A6/rdr.tsv
CTGTTTAAGGAGCGTT-1	R4	10X	7	R4_2	tumour	/mnt/iribhm/homes/aste0033/projects/MPNST/scDNA/CHISEL/10X/FIT208A6/rdr.tsv
CTTACCGTCCCTGAGG-1	R4	10X	7	R4_2	tumour	/mnt/iribhm/homes/aste0033/projects/MPNST/scDNA/CHISEL/10X/FIT208A6/rdr.tsv
GAAATGAAGCGATATA-1	R4	10X	7	R4_2	tumour	/mnt/iribhm/homes/aste0033/projects/MPNST/scDNA/CHISEL/10X/FIT208A6/rdr.tsv
GACACGCAGGGTAGGG-1	R4	10X	7	R4_2	tumour	/mnt/iribhm/homes/aste0033/projects/MPNST/scDNA/CHISEL/10X/FIT208A6/rdr.tsv
GACGTTAAGGCTCTTA-1	R4	10X	7	R4_2	tumour	/mnt/iribhm/homes/aste0033/projects/MPNST/scDNA/CHISEL/10X/FIT208A6/rdr.tsv
GACGTTAGTTCTTCGC-1	R4	10X	7	R4_2	tumour	/mnt/iribhm/homes/aste0033/projects/MPNST/scDNA/CHISEL/10X/FIT208A6/rdr.tsv
GACTAACGTAACGACG-1	R4	10X	7	R4_2	tumour	/mnt/iribhm/homes/aste0033/projects/MPNST/scDNA/CHISEL/10X/FIT208A6/rdr.tsv
GACTGCGGTCACATGT-1	R4	10X	7	R4_2	tumour	/mnt/iribhm/homes/aste0033/projects/MPNST/scDNA/CHISEL/10X/FIT208A6/rdr.tsv
GAGCAGATCCGGTTCT-1	R4	10X	7	R4_2	tumour	/mnt/iribhm/homes/aste0033/projects/MPNST/scDNA/CHISEL/10X/FIT208A6/rdr.tsv
GATCGCGCATGATAAG-1	R4	10X	7	R4_2	tumour	/mnt/iribhm/homes/aste0033/projects/MPNST/scDNA/CHISEL/10X/FIT208A6/rdr.tsv
GATCGTAGTAAAGTCA-1	R4	10X	7	R4_2	tumour	/mnt/iribhm/homes/aste0033/projects/MPNST/scDNA/CHISEL/10X/FIT208A6/rdr.tsv
GATGAAAGTCGCGTAC-1	R4	10X	7	R4_2	tumour	/mnt/iribhm/homes/aste0033/projects/MPNST/scDNA/CHISEL/10X/FIT208A6/rdr.tsv
GATGAGGAGACAAAGG-1	R4	10X	7	R4_2	tumour	/mnt/iribhm/homes/aste0033/projects/MPNST/scDNA/CHISEL/10X/FIT208A6/rdr.tsv
GATTCAGAGATATGGT-1	R4	10X	7	R4_2	tumour	/mnt/iribhm/homes/aste0033/projects/MPNST/scDNA/CHISEL/10X/FIT208A6/rdr.tsv
GCAATCAAGACAGTTA-1	R4	10X	7	R4_2	tumour	/mnt/iribhm/homes/aste0033/projects/MPNST/scDNA/CHISEL/10X/FIT208A6/rdr.tsv
GCACATACATGTTGCA-1	R4	10X	7	R4_2	tumour	/mnt/iribhm/homes/aste0033/projects/MPNST/scDNA/CHISEL/10X/FIT208A6/rdr.tsv
GCACTCTAGGTAAACT-1	R4	10X	7	R4_2	tumour	/mnt/iribhm/homes/aste0033/projects/MPNST/scDNA/CHISEL/10X/FIT208A6/rdr.tsv
GCACTCTCATATGTGC-1	R4	10X	7	R4_2	tumour	/mnt/iribhm/homes/aste0033/projects/MPNST/scDNA/CHISEL/10X/FIT208A6/rdr.tsv
GCGAGAACAGAAAGCC-1	R4	10X	7	R4_2	tumour	/mnt/iribhm/homes/aste0033/projects/MPNST/scDNA/CHISEL/10X/FIT208A6/rdr.tsv
GCGAGAAGTAAGTGTA-1	R4	10X	7	R4_2	tumour	/mnt/iribhm/homes/aste0033/projects/MPNST/scDNA/CHISEL/10X/FIT208A6/rdr.tsv
GCTCTGTGTTCAAGGG-1	R4	10X	7	R4_2	tumour	/mnt/iribhm/homes/aste0033/projects/MPNST/scDNA/CHISEL/10X/FIT208A6/rdr.tsv
GCTTGAATCGTTAAGC-1	R4	10X	7	R4_2	tumour	/mnt/iribhm/homes/aste0033/projects/MPNST/scDNA/CHISEL/10X/FIT208A6/rdr.tsv
GGACAGAGTGTAGTTC-1	R4	10X	7	R4_2	tumour	/mnt/iribhm/homes/aste0033/projects/MPNST/scDNA/CHISEL/10X/FIT208A6/rdr.tsv
GGATGTTGTAACTGTC-1	R4	10X	7	R4_2	tumour	/mnt/iribhm/homes/aste0033/projects/MPNST/scDNA/CHISEL/10X/FIT208A6/rdr.tsv
GGATGTTTCGAGTATC-1	R4	10X	7	R4_2	tumour	/mnt/iribhm/homes/aste0033/projects/MPNST/scDNA/CHISEL/10X/FIT208A6/rdr.tsv
GGATTACCACTCCCTA-1	R4	10X	7	R4_2	tumour	/mnt/iribhm/homes/aste0033/projects/MPNST/scDNA/CHISEL/10X/FIT208A6/rdr.tsv
GGGACCTAGAATGTTG-1	R4	10X	7	R4_2	tumour	/mnt/iribhm/homes/aste0033/projects/MPNST/scDNA/CHISEL/10X/FIT208A6/rdr.tsv
GGGCATCAGAGTAATC-1	R4	10X	7	R4_2	tumour	/mnt/iribhm/homes/aste0033/projects/MPNST/scDNA/CHISEL/10X/FIT208A6/rdr.tsv
GGTATTGCATTCTTCA-1	R4	10X	7	R4_2	tumour	/mnt/iribhm/homes/aste0033/projects/MPNST/scDNA/CHISEL/10X/FIT208A6/rdr.tsv
GTAACGTCAGGTCAAG-1	R4	10X	7	R4_2	tumour	/mnt/iribhm/homes/aste0033/projects/MPNST/scDNA/CHISEL/10X/FIT208A6/rdr.tsv
GTAACTGCAAATGATG-1	R4	10X	7	R4_2	tumour	/mnt/iribhm/homes/aste0033/projects/MPNST/scDNA/CHISEL/10X/FIT208A6/rdr.tsv
GTACTCCAGTACGATA-1	R4	10X	7	R4_2	tumour	/mnt/iribhm/homes/aste0033/projects/MPNST/scDNA/CHISEL/10X/FIT208A6/rdr.tsv
GTATTCTGTTTGGGCC-1	R4	10X	7	R4_2	tumour	/mnt/iribhm/homes/aste0033/projects/MPNST/scDNA/CHISEL/10X/FIT208A6/rdr.tsv
GTCAAGTGTGATCCTA-1	R4	10X	7	R4_2	tumour	/mnt/iribhm/homes/aste0033/projects/MPNST/scDNA/CHISEL/10X/FIT208A6/rdr.tsv
GTGCAGCTCTCCAGCT-1	R4	10X	7	R4_2	tumour	/mnt/iribhm/homes/aste0033/projects/MPNST/scDNA/CHISEL/10X/FIT208A6/rdr.tsv
GTGCTTCTCAGTGTGT-1	R4	10X	7	R4_2	tumour	/mnt/iribhm/homes/aste0033/projects/MPNST/scDNA/CHISEL/10X/FIT208A6/rdr.tsv
GTGTGCGCAAGACTTC-1	R4	10X	7	R4_2	tumour	/mnt/iribhm/homes/aste0033/projects/MPNST/scDNA/CHISEL/10X/FIT208A6/rdr.tsv
GTGTTAGTCGCAACGC-1	R4	10X	7	R4_2	tumour	/mnt/iribhm/homes/aste0033/projects/MPNST/scDNA/CHISEL/10X/FIT208A6/rdr.tsv
GTTAAGCGTGGAAGGG-1	R4	10X	7	R4_2	tumour	/mnt/iribhm/homes/aste0033/projects/MPNST/scDNA/CHISEL/10X/FIT208A6/rdr.tsv
GTTCTCGAGCGCGTCT-1	R1	10X	7	R4_2	tumour	/mnt/iribhm/homes/aste0033/projects/MPNST/scDNA/CHISEL/10X/FIT208A3/rdr.tsv
GTTCTCGGTTCAAGGG-1	R4	10X	7	R4_2	tumour	/mnt/iribhm/homes/aste0033/projects/MPNST/scDNA/CHISEL/10X/FIT208A6/rdr.tsv
TAAACCGAGTTTGGCT-1	R4	10X	7	R4_2	tumour	/mnt/iribhm/homes/aste0033/projects/MPNST/scDNA/CHISEL/10X/FIT208A6/rdr.tsv
TACCTATGTACCGTGC-1	R4	10X	7	R4_2	tumour	/mnt/iribhm/homes/aste0033/projects/MPNST/scDNA/CHISEL/10X/FIT208A6/rdr.tsv
TACTCGCCAGGAGCAT-1	R4	10X	7	R4_2	tumour	/mnt/iribhm/homes/aste0033/projects/MPNST/scDNA/CHISEL/10X/FIT208A6/rdr.tsv
TACTCGCGTGTCCCTT-1	R4	10X	7	R4_2	tumour	/mnt/iribhm/homes/aste0033/projects/MPNST/scDNA/CHISEL/10X/FIT208A6/rdr.tsv
TATGCCCAGGCCCTCA-1	R4	10X	7	R4_2	tumour	/mnt/iribhm/homes/aste0033/projects/MPNST/scDNA/CHISEL/10X/FIT208A6/rdr.tsv
TCAATCTTCCGAAGCC-1	R4	10X	7	R4_2	tumour	/mnt/iribhm/homes/aste0033/projects/MPNST/scDNA/CHISEL/10X/FIT208A6/rdr.tsv
TCAGCTCAGTCAAGCG-1	R4	10X	7	R4_2	tumour	/mnt/iribhm/homes/aste0033/projects/MPNST/scDNA/CHISEL/10X/FIT208A6/rdr.tsv
TCCCGATAGGCTAGAC-1	R4	10X	7	R4_2	tumour	/mnt/iribhm/homes/aste0033/projects/MPNST/scDNA/CHISEL/10X/FIT208A6/rdr.tsv
TCGAGGCTCCGCCTTA-1	R4	10X	7	R4_2	tumour	/mnt/iribhm/homes/aste0033/projects/MPNST/scDNA/CHISEL/10X/FIT208A6/rdr.tsv
TCGTACCCACAAGCTT-1	R4	10X	7	R4_2	tumour	/mnt/iribhm/homes/aste0033/projects/MPNST/scDNA/CHISEL/10X/FIT208A6/rdr.tsv
TCGTACCGTGCTTCCT-1	R4	10X	7	R4_2	tumour	/mnt/iribhm/homes/aste0033/projects/MPNST/scDNA/CHISEL/10X/FIT208A6/rdr.tsv
TCGTAGAAGGCAGGTT-1	R4	10X	7	R4_2	tumour	/mnt/iribhm/homes/aste0033/projects/MPNST/scDNA/CHISEL/10X/FIT208A6/rdr.tsv
TCTCTAACACTATGCA-1	R4	10X	7	R4_2	tumour	/mnt/iribhm/homes/aste0033/projects/MPNST/scDNA/CHISEL/10X/FIT208A6/rdr.tsv
TCTCTAATCGAATGTC-1	R4	10X	7	R4_2	tumour	/mnt/iribhm/homes/aste0033/projects/MPNST/scDNA/CHISEL/10X/FIT208A6/rdr.tsv
TGACGGCGTGATTTGC-1	R4	10X	7	R4_2	tumour	/mnt/iribhm/homes/aste0033/projects/MPNST/scDNA/CHISEL/10X/FIT208A6/rdr.tsv
TGAGCATTCCGACGTG-1	R4	10X	7	R4_2	tumour	/mnt/iribhm/homes/aste0033/projects/MPNST/scDNA/CHISEL/10X/FIT208A6/rdr.tsv
TGATTTCGTTTGTCTT-1	R4	10X	7	R4_2	tumour	/mnt/iribhm/homes/aste0033/projects/MPNST/scDNA/CHISEL/10X/FIT208A6/rdr.tsv
TGCACCTTCTTGCTTA-1	R4	10X	7	R4_2	tumour	/mnt/iribhm/homes/aste0033/projects/MPNST/scDNA/CHISEL/10X/FIT208A6/rdr.tsv
TGCCCTAAGTATGACA-1	R4	10X	7	R4_2	tumour	/mnt/iribhm/homes/aste0033/projects/MPNST/scDNA/CHISEL/10X/FIT208A6/rdr.tsv
TGCTACCTCACTGTTT-1	R4	10X	7	R4_2	tumour	/mnt/iribhm/homes/aste0033/projects/MPNST/scDNA/CHISEL/10X/FIT208A6/rdr.tsv
TGGACGCGTAGTGGCA-1	R4	10X	7	R4_2	tumour	/mnt/iribhm/homes/aste0033/projects/MPNST/scDNA/CHISEL/10X/FIT208A6/rdr.tsv
TTCGAAGGTGTCTCAA-1	R4	10X	7	R4_2	tumour	/mnt/iribhm/homes/aste0033/projects/MPNST/scDNA/CHISEL/10X/FIT208A6/rdr.tsv
TTCGGTCCATCAGCAT-1	R4	10X	7	R4_2	tumour	/mnt/iribhm/homes/aste0033/projects/MPNST/scDNA/CHISEL/10X/FIT208A6/rdr.tsv
TTCTACACATTTAGGC-1	R4	10X	7	R4_2	tumour	/mnt/iribhm/homes/aste0033/projects/MPNST/scDNA/CHISEL/10X/FIT208A6/rdr.tsv
TTGGCAATCACCACGG-1	R4	10X	7	R4_2	tumour	/mnt/iribhm/homes/aste0033/projects/MPNST/scDNA/CHISEL/10X/FIT208A6/rdr.tsv
LES4677A1_124574_19x_56y	R2	DLP	7	R4_2	tumour	/srv/home/aste0033/projects/MPNST/scDNA/CHISEL/DLPp/R2/rdr.tsv
LES4677A1_124574_31x_45y	R2	DLP	7	R4_2	tumour	/srv/home/aste0033/projects/MPNST/scDNA/CHISEL/DLPp/R2/rdr.tsv
LES4677A2_124576_14x_11y	R4	DLP	7	R4_2	tumour	/srv/home/aste0033/projects/MPNST/scDNA/CHISEL/DLPp/R4/rdr.tsv
LES4677A2_124576_14x_21y	R4	DLP	7	R4_2	tumour	/srv/home/aste0033/projects/MPNST/scDNA/CHISEL/DLPp/R4/rdr.tsv
LES4677A2_124576_14x_23y	R4	DLP	7	R4_2	tumour	/srv/home/aste0033/projects/MPNST/scDNA/CHISEL/DLPp/R4/rdr.tsv
LES4677A2_124576_14x_31y	R4	DLP	7	R4_2	tumour	/srv/home/aste0033/projects/MPNST/scDNA/CHISEL/DLPp/R4/rdr.tsv
LES4677A2_124576_14x_34y	R4	DLP	7	R4_2	tumour	/srv/home/aste0033/projects/MPNST/scDNA/CHISEL/DLPp/R4/rdr.tsv
LES4677A2_124576_15x_19y	R4	DLP	7	R4_2	tumour	/srv/home/aste0033/projects/MPNST/scDNA/CHISEL/DLPp/R4/rdr.tsv
LES4677A2_124576_15x_21y	R4	DLP	7	R4_2	tumour	/srv/home/aste0033/projects/MPNST/scDNA/CHISEL/DLPp/R4/rdr.tsv
LES4677A2_124576_15x_22y	R4	DLP	7	R4_2	tumour	/srv/home/aste0033/projects/MPNST/scDNA/CHISEL/DLPp/R4/rdr.tsv
LES4677A2_124576_15x_23y	R4	DLP	7	R4_2	tumour	/srv/home/aste0033/projects/MPNST/scDNA/CHISEL/DLPp/R4/rdr.tsv
LES4677A2_124576_15x_24y	R4	DLP	7	R4_2	tumour	/srv/home/aste0033/projects/MPNST/scDNA/CHISEL/DLPp/R4/rdr.tsv
LES4677A2_124576_15x_25y	R4	DLP	7	R4_2	tumour	/srv/home/aste0033/projects/MPNST/scDNA/CHISEL/DLPp/R4/rdr.tsv
LES4677A2_124576_15x_31y	R4	DLP	7	R4_2	tumour	/srv/home/aste0033/projects/MPNST/scDNA/CHISEL/DLPp/R4/rdr.tsv
LES4677A2_124576_15x_33y	R4	DLP	7	R4_2	tumour	/srv/home/aste0033/projects/MPNST/scDNA/CHISEL/DLPp/R4/rdr.tsv
LES4677A2_124576_16x_11y	R4	DLP	7	R4_2	tumour	/srv/home/aste0033/projects/MPNST/scDNA/CHISEL/DLPp/R4/rdr.tsv
LES4677A2_124576_16x_12y	R4	DLP	7	R4_2	tumour	/srv/home/aste0033/projects/MPNST/scDNA/CHISEL/DLPp/R4/rdr.tsv
LES4677A2_124576_16x_18y	R4	DLP	7	R4_2	tumour	/srv/home/aste0033/projects/MPNST/scDNA/CHISEL/DLPp/R4/rdr.tsv
LES4677A2_124576_16x_26y	R4	DLP	7	R4_2	tumour	/srv/home/aste0033/projects/MPNST/scDNA/CHISEL/DLPp/R4/rdr.tsv
LES4677A2_124576_16x_30y	R4	DLP	7	R4_2	tumour	/srv/home/aste0033/projects/MPNST/scDNA/CHISEL/DLPp/R4/rdr.tsv
LES4677A2_124576_16x_34y	R4	DLP	7	R4_2	tumour	/srv/home/aste0033/projects/MPNST/scDNA/CHISEL/DLPp/R4/rdr.tsv
LES4677A2_124576_17x_11y	R4	DLP	7	R4_2	tumour	/srv/home/aste0033/projects/MPNST/scDNA/CHISEL/DLPp/R4/rdr.tsv
LES4677A2_124576_17x_12y	R4	DLP	7	R4_2	tumour	/srv/home/aste0033/projects/MPNST/scDNA/CHISEL/DLPp/R4/rdr.tsv
LES4677A2_124576_17x_17y	R4	DLP	7	R4_2	tumour	/srv/home/aste0033/projects/MPNST/scDNA/CHISEL/DLPp/R4/rdr.tsv
LES4677A2_124576_17x_23y	R4	DLP	7	R4_2	tumour	/srv/home/aste0033/projects/MPNST/scDNA/CHISEL/DLPp/R4/rdr.tsv
LES4677A2_124576_17x_30y	R4	DLP	7	R4_2	tumour	/srv/home/aste0033/projects/MPNST/scDNA/CHISEL/DLPp/R4/rdr.tsv
LES4677A2_124576_17x_31y	R4	DLP	7	R4_2	tumour	/srv/home/aste0033/projects/MPNST/scDNA/CHISEL/DLPp/R4/rdr.tsv
LES4677A2_124576_18x_12y	R4	DLP	7	R4_2	tumour	/srv/home/aste0033/projects/MPNST/scDNA/CHISEL/DLPp/R4/rdr.tsv
LES4677A2_124576_18x_14y	R4	DLP	7	R4_2	tumour	/srv/home/aste0033/projects/MPNST/scDNA/CHISEL/DLPp/R4/rdr.tsv
LES4677A2_124576_18x_21y	R4	DLP	7	R4_2	tumour	/srv/home/aste0033/projects/MPNST/scDNA/CHISEL/DLPp/R4/rdr.tsv
LES4677A2_124576_18x_34y	R4	DLP	7	R4_2	tumour	/srv/home/aste0033/projects/MPNST/scDNA/CHISEL/DLPp/R4/rdr.tsv
LES4677A2_124576_19x_14y	R4	DLP	7	R4_2	tumour	/srv/home/aste0033/projects/MPNST/scDNA/CHISEL/DLPp/R4/rdr.tsv
LES4677A2_124576_19x_18y	R4	DLP	7	R4_2	tumour	/srv/home/aste0033/projects/MPNST/scDNA/CHISEL/DLPp/R4/rdr.tsv
LES4677A2_124576_19x_24y	R4	DLP	7	R4_2	tumour	/srv/home/aste0033/projects/MPNST/scDNA/CHISEL/DLPp/R4/rdr.tsv
LES4677A2_124576_19x_28y	R4	DLP	7	R4_2	tumour	/srv/home/aste0033/projects/MPNST/scDNA/CHISEL/DLPp/R4/rdr.tsv
LES4677A2_124576_20x_16y	R4	DLP	7	R4_2	tumour	/srv/home/aste0033/projects/MPNST/scDNA/CHISEL/DLPp/R4/rdr.tsv
LES4677A2_124576_20x_24y	R4	DLP	7	R4_2	tumour	/srv/home/aste0033/projects/MPNST/scDNA/CHISEL/DLPp/R4/rdr.tsv
LES4677A2_124576_20x_31y	R4	DLP	7	R4_2	tumour	/srv/home/aste0033/projects/MPNST/scDNA/CHISEL/DLPp/R4/rdr.tsv
LES4677A2_124576_20x_35y	R4	DLP	7	R4_2	tumour	/srv/home/aste0033/projects/MPNST/scDNA/CHISEL/DLPp/R4/rdr.tsv
LES4677A2_124576_21x_11y	R4	DLP	7	R4_2	tumour	/srv/home/aste0033/projects/MPNST/scDNA/CHISEL/DLPp/R4/rdr.tsv
LES4677A2_124576_21x_13y	R4	DLP	7	R4_2	tumour	/srv/home/aste0033/projects/MPNST/scDNA/CHISEL/DLPp/R4/rdr.tsv
LES4677A2_124576_21x_21y	R4	DLP	7	R4_2	tumour	/srv/home/aste0033/projects/MPNST/scDNA/CHISEL/DLPp/R4/rdr.tsv
LES4677A2_124576_21x_22y	R4	DLP	7	R4_2	tumour	/srv/home/aste0033/projects/MPNST/scDNA/CHISEL/DLPp/R4/rdr.tsv
LES4677A2_124576_21x_26y	R4	DLP	7	R4_2	tumour	/srv/home/aste0033/projects/MPNST/scDNA/CHISEL/DLPp/R4/rdr.tsv
LES4677A2_124576_21x_29y	R4	DLP	7	R4_2	tumour	/srv/home/aste0033/projects/MPNST/scDNA/CHISEL/DLPp/R4/rdr.tsv
LES4677A2_124576_21x_31y	R4	DLP	7	R4_2	tumour	/srv/home/aste0033/projects/MPNST/scDNA/CHISEL/DLPp/R4/rdr.tsv
LES4677A2_124576_22x_12y	R4	DLP	7	R4_2	tumour	/srv/home/aste0033/projects/MPNST/scDNA/CHISEL/DLPp/R4/rdr.tsv
LES4677A2_124576_22x_14y	R4	DLP	7	R4_2	tumour	/srv/home/aste0033/projects/MPNST/scDNA/CHISEL/DLPp/R4/rdr.tsv
LES4677A2_124576_22x_17y	R4	DLP	7	R4_2	tumour	/srv/home/aste0033/projects/MPNST/scDNA/CHISEL/DLPp/R4/rdr.tsv
LES4677A2_124576_22x_23y	R4	DLP	7	R4_2	tumour	/srv/home/aste0033/projects/MPNST/scDNA/CHISEL/DLPp/R4/rdr.tsv
LES4677A2_124576_22x_24y	R4	DLP	7	R4_2	tumour	/srv/home/aste0033/projects/MPNST/scDNA/CHISEL/DLPp/R4/rdr.tsv
LES4677A2_124576_22x_25y	R4	DLP	7	R4_2	tumour	/srv/home/aste0033/projects/MPNST/scDNA/CHISEL/DLPp/R4/rdr.tsv
LES4677A2_124576_22x_30y	R4	DLP	7	R4_2	tumour	/srv/home/aste0033/projects/MPNST/scDNA/CHISEL/DLPp/R4/rdr.tsv
LES4677A2_124576_22x_34y	R4	DLP	7	R4_2	tumour	/srv/home/aste0033/projects/MPNST/scDNA/CHISEL/DLPp/R4/rdr.tsv
LES4677A2_124576_22x_35y	R4	DLP	7	R4_2	tumour	/srv/home/aste0033/projects/MPNST/scDNA/CHISEL/DLPp/R4/rdr.tsv
LES4677A2_124576_23x_15y	R4	DLP	7	R4_2	tumour	/srv/home/aste0033/projects/MPNST/scDNA/CHISEL/DLPp/R4/rdr.tsv
LES4677A2_124576_23x_22y	R4	DLP	7	R4_2	tumour	/srv/home/aste0033/projects/MPNST/scDNA/CHISEL/DLPp/R4/rdr.tsv
LES4677A2_124576_23x_31y	R4	DLP	7	R4_2	tumour	/srv/home/aste0033/projects/MPNST/scDNA/CHISEL/DLPp/R4/rdr.tsv
LES4677A2_124576_24x_16y	R4	DLP	7	R4_2	tumour	/srv/home/aste0033/projects/MPNST/scDNA/CHISEL/DLPp/R4/rdr.tsv
LES4677A2_124576_24x_20y	R4	DLP	7	R4_2	tumour	/srv/home/aste0033/projects/MPNST/scDNA/CHISEL/DLPp/R4/rdr.tsv
LES4677A2_124576_24x_23y	R4	DLP	7	R4_2	tumour	/srv/home/aste0033/projects/MPNST/scDNA/CHISEL/DLPp/R4/rdr.tsv
LES4677A2_124576_24x_30y	R4	DLP	7	R4_2	tumour	/srv/home/aste0033/projects/MPNST/scDNA/CHISEL/DLPp/R4/rdr.tsv
LES4677A2_124576_24x_31y	R4	DLP	7	R4_2	tumour	/srv/home/aste0033/projects/MPNST/scDNA/CHISEL/DLPp/R4/rdr.tsv
LES4677A2_124576_24x_33y	R4	DLP	7	R4_2	tumour	/srv/home/aste0033/projects/MPNST/scDNA/CHISEL/DLPp/R4/rdr.tsv
LES4677A2_124576_25x_11y	R4	DLP	7	R4_2	tumour	/srv/home/aste0033/projects/MPNST/scDNA/CHISEL/DLPp/R4/rdr.tsv
LES4677A2_124576_25x_12y	R4	DLP	7	R4_2	tumour	/srv/home/aste0033/projects/MPNST/scDNA/CHISEL/DLPp/R4/rdr.tsv
LES4677A2_124576_25x_14y	R4	DLP	7	R4_2	tumour	/srv/home/aste0033/projects/MPNST/scDNA/CHISEL/DLPp/R4/rdr.tsv
LES4677A2_124576_25x_15y	R4	DLP	7	R4_2	tumour	/srv/home/aste0033/projects/MPNST/scDNA/CHISEL/DLPp/R4/rdr.tsv
LES4677A2_124576_25x_19y	R4	DLP	7	R4_2	tumour	/srv/home/aste0033/projects/MPNST/scDNA/CHISEL/DLPp/R4/rdr.tsv
LES4677A2_124576_25x_21y	R4	DLP	7	R4_2	tumour	/srv/home/aste0033/projects/MPNST/scDNA/CHISEL/DLPp/R4/rdr.tsv
LES4677A2_124576_26x_18y	R4	DLP	7	R4_2	tumour	/srv/home/aste0033/projects/MPNST/scDNA/CHISEL/DLPp/R4/rdr.tsv
LES4677A2_124576_26x_21y	R4	DLP	7	R4_2	tumour	/srv/home/aste0033/projects/MPNST/scDNA/CHISEL/DLPp/R4/rdr.tsv
LES4677A2_124576_26x_29y	R4	DLP	7	R4_2	tumour	/srv/home/aste0033/projects/MPNST/scDNA/CHISEL/DLPp/R4/rdr.tsv
LES4677A2_124576_26x_30y	R4	DLP	7	R4_2	tumour	/srv/home/aste0033/projects/MPNST/scDNA/CHISEL/DLPp/R4/rdr.tsv
LES4677A2_124576_26x_31y	R4	DLP	7	R4_2	tumour	/srv/home/aste0033/projects/MPNST/scDNA/CHISEL/DLPp/R4/rdr.tsv
LES4677A2_124576_26x_32y	R4	DLP	7	R4_2	tumour	/srv/home/aste0033/projects/MPNST/scDNA/CHISEL/DLPp/R4/rdr.tsv
LES4677A2_124576_27x_11y	R4	DLP	7	R4_2	tumour	/srv/home/aste0033/projects/MPNST/scDNA/CHISEL/DLPp/R4/rdr.tsv
LES4677A2_124576_27x_12y	R4	DLP	7	R4_2	tumour	/srv/home/aste0033/projects/MPNST/scDNA/CHISEL/DLPp/R4/rdr.tsv
LES4677A2_124576_27x_18y	R4	DLP	7	R4_2	tumour	/srv/home/aste0033/projects/MPNST/scDNA/CHISEL/DLPp/R4/rdr.tsv
LES4677A2_124576_28x_12y	R4	DLP	7	R4_2	tumour	/srv/home/aste0033/projects/MPNST/scDNA/CHISEL/DLPp/R4/rdr.tsv
LES4677A2_124576_28x_14y	R4	DLP	7	R4_2	tumour	/srv/home/aste0033/projects/MPNST/scDNA/CHISEL/DLPp/R4/rdr.tsv
LES4677A2_124576_28x_15y	R4	DLP	7	R4_2	tumour	/srv/home/aste0033/projects/MPNST/scDNA/CHISEL/DLPp/R4/rdr.tsv
LES4677A2_124576_28x_18y	R4	DLP	7	R4_2	tumour	/srv/home/aste0033/projects/MPNST/scDNA/CHISEL/DLPp/R4/rdr.tsv
LES4677A2_124576_28x_20y	R4	DLP	7	R4_2	tumour	/srv/home/aste0033/projects/MPNST/scDNA/CHISEL/DLPp/R4/rdr.tsv
LES4677A2_124576_28x_21y	R4	DLP	7	R4_2	tumour	/srv/home/aste0033/projects/MPNST/scDNA/CHISEL/DLPp/R4/rdr.tsv
LES4677A2_124576_28x_22y	R4	DLP	7	R4_2	tumour	/srv/home/aste0033/projects/MPNST/scDNA/CHISEL/DLPp/R4/rdr.tsv
LES4677A2_124576_28x_24y	R4	DLP	7	R4_2	tumour	/srv/home/aste0033/projects/MPNST/scDNA/CHISEL/DLPp/R4/rdr.tsv
LES4677A2_124576_28x_30y	R4	DLP	7	R4_2	tumour	/srv/home/aste0033/projects/MPNST/scDNA/CHISEL/DLPp/R4/rdr.tsv
LES4677A2_124576_28x_34y	R4	DLP	7	R4_2	tumour	/srv/home/aste0033/projects/MPNST/scDNA/CHISEL/DLPp/R4/rdr.tsv
LES4677A2_124576_29x_23y	R4	DLP	7	R4_2	tumour	/srv/home/aste0033/projects/MPNST/scDNA/CHISEL/DLPp/R4/rdr.tsv
LES4677A2_124576_29x_27y	R4	DLP	7	R4_2	tumour	/srv/home/aste0033/projects/MPNST/scDNA/CHISEL/DLPp/R4/rdr.tsv
LES4677A2_124576_29x_32y	R4	DLP	7	R4_2	tumour	/srv/home/aste0033/projects/MPNST/scDNA/CHISEL/DLPp/R4/rdr.tsv
LES4677A2_124576_30x_12y	R4	DLP	7	R4_2	tumour	/srv/home/aste0033/projects/MPNST/scDNA/CHISEL/DLPp/R4/rdr.tsv
LES4677A2_124576_30x_30y	R4	DLP	7	R4_2	tumour	/srv/home/aste0033/projects/MPNST/scDNA/CHISEL/DLPp/R4/rdr.tsv
LES4677A2_124576_31x_12y	R4	DLP	7	R4_2	tumour	/srv/home/aste0033/projects/MPNST/scDNA/CHISEL/DLPp/R4/rdr.tsv
LES4677A2_124576_31x_13y	R4	DLP	7	R4_2	tumour	/srv/home/aste0033/projects/MPNST/scDNA/CHISEL/DLPp/R4/rdr.tsv
LES4677A2_124576_31x_19y	R4	DLP	7	R4_2	tumour	/srv/home/aste0033/projects/MPNST/scDNA/CHISEL/DLPp/R4/rdr.tsv
LES4677A2_124576_31x_20y	R4	DLP	7	R4_2	tumour	/srv/home/aste0033/projects/MPNST/scDNA/CHISEL/DLPp/R4/rdr.tsv
LES4677A2_124576_31x_21y	R4	DLP	7	R4_2	tumour	/srv/home/aste0033/projects/MPNST/scDNA/CHISEL/DLPp/R4/rdr.tsv
LES4677A2_124576_31x_23y	R4	DLP	7	R4_2	tumour	/srv/home/aste0033/projects/MPNST/scDNA/CHISEL/DLPp/R4/rdr.tsv
LES4677A2_124576_31x_24y	R4	DLP	7	R4_2	tumour	/srv/home/aste0033/projects/MPNST/scDNA/CHISEL/DLPp/R4/rdr.tsv
LES4677A2_124576_31x_27y	R4	DLP	7	R4_2	tumour	/srv/home/aste0033/projects/MPNST/scDNA/CHISEL/DLPp/R4/rdr.tsv
LES4677A2_124576_31x_28y	R4	DLP	7	R4_2	tumour	/srv/home/aste0033/projects/MPNST/scDNA/CHISEL/DLPp/R4/rdr.tsv
LES4677A2_124576_31x_32y	R4	DLP	7	R4_2	tumour	/srv/home/aste0033/projects/MPNST/scDNA/CHISEL/DLPp/R4/rdr.tsv
LES4677A2_124576_32x_11y	R4	DLP	7	R4_2	tumour	/srv/home/aste0033/projects/MPNST/scDNA/CHISEL/DLPp/R4/rdr.tsv
LES4677A2_124576_32x_15y	R4	DLP	7	R4_2	tumour	/srv/home/aste0033/projects/MPNST/scDNA/CHISEL/DLPp/R4/rdr.tsv
LES4677A2_124576_32x_17y	R4	DLP	7	R4_2	tumour	/srv/home/aste0033/projects/MPNST/scDNA/CHISEL/DLPp/R4/rdr.tsv
LES4677A2_124576_32x_26y	R4	DLP	7	R4_2	tumour	/srv/home/aste0033/projects/MPNST/scDNA/CHISEL/DLPp/R4/rdr.tsv
LES4677A2_124576_32x_28y	R4	DLP	7	R4_2	tumour	/srv/home/aste0033/projects/MPNST/scDNA/CHISEL/DLPp/R4/rdr.tsv
LES4677A2_124576_32x_35y	R4	DLP	7	R4_2	tumour	/srv/home/aste0033/projects/MPNST/scDNA/CHISEL/DLPp/R4/rdr.tsv
LES4677A2_124576_33x_19y	R4	DLP	7	R4_2	tumour	/srv/home/aste0033/projects/MPNST/scDNA/CHISEL/DLPp/R4/rdr.tsv
LES4677A2_124576_33x_22y	R4	DLP	7	R4_2	tumour	/srv/home/aste0033/projects/MPNST/scDNA/CHISEL/DLPp/R4/rdr.tsv
LES4677A2_124576_33x_23y	R4	DLP	7	R4_2	tumour	/srv/home/aste0033/projects/MPNST/scDNA/CHISEL/DLPp/R4/rdr.tsv
LES4677A2_124576_33x_24y	R4	DLP	7	R4_2	tumour	/srv/home/aste0033/projects/MPNST/scDNA/CHISEL/DLPp/R4/rdr.tsv
LES4677A2_124576_33x_30y	R4	DLP	7	R4_2	tumour	/srv/home/aste0033/projects/MPNST/scDNA/CHISEL/DLPp/R4/rdr.tsv
LES4677A2_124576_34x_11y	R4	DLP	7	R4_2	tumour	/srv/home/aste0033/projects/MPNST/scDNA/CHISEL/DLPp/R4/rdr.tsv
LES4677A2_124576_34x_13y	R4	DLP	7	R4_2	tumour	/srv/home/aste0033/projects/MPNST/scDNA/CHISEL/DLPp/R4/rdr.tsv
LES4677A2_124576_34x_17y	R4	DLP	7	R4_2	tumour	/srv/home/aste0033/projects/MPNST/scDNA/CHISEL/DLPp/R4/rdr.tsv
LES4677A2_124576_34x_19y	R4	DLP	7	R4_2	tumour	/srv/home/aste0033/projects/MPNST/scDNA/CHISEL/DLPp/R4/rdr.tsv
LES4677A2_124576_34x_28y	R4	DLP	7	R4_2	tumour	/srv/home/aste0033/projects/MPNST/scDNA/CHISEL/DLPp/R4/rdr.tsv
LES4677A2_124576_34x_32y	R4	DLP	7	R4_2	tumour	/srv/home/aste0033/projects/MPNST/scDNA/CHISEL/DLPp/R4/rdr.tsv
LES4677A2_124576_34x_33y	R4	DLP	7	R4_2	tumour	/srv/home/aste0033/projects/MPNST/scDNA/CHISEL/DLPp/R4/rdr.tsv
LES4677A2_124576_34x_34y	R4	DLP	7	R4_2	tumour	/srv/home/aste0033/projects/MPNST/scDNA/CHISEL/DLPp/R4/rdr.tsv
LES4677A2_124576_35x_14y	R4	DLP	7	R4_2	tumour	/srv/home/aste0033/projects/MPNST/scDNA/CHISEL/DLPp/R4/rdr.tsv
LES4677A2_124576_35x_15y	R4	DLP	7	R4_2	tumour	/srv/home/aste0033/projects/MPNST/scDNA/CHISEL/DLPp/R4/rdr.tsv
LES4677A2_124576_35x_17y	R4	DLP	7	R4_2	tumour	/srv/home/aste0033/projects/MPNST/scDNA/CHISEL/DLPp/R4/rdr.tsv
LES4677A2_124576_35x_18y	R4	DLP	7	R4_2	tumour	/srv/home/aste0033/projects/MPNST/scDNA/CHISEL/DLPp/R4/rdr.tsv
LES4677A2_124576_36x_11y	R4	DLP	7	R4_2	tumour	/srv/home/aste0033/projects/MPNST/scDNA/CHISEL/DLPp/R4/rdr.tsv
LES4677A2_124576_36x_13y	R4	DLP	7	R4_2	tumour	/srv/home/aste0033/projects/MPNST/scDNA/CHISEL/DLPp/R4/rdr.tsv
LES4677A2_124576_36x_14y	R4	DLP	7	R4_2	tumour	/srv/home/aste0033/projects/MPNST/scDNA/CHISEL/DLPp/R4/rdr.tsv
LES4677A2_124576_36x_16y	R4	DLP	7	R4_2	tumour	/srv/home/aste0033/projects/MPNST/scDNA/CHISEL/DLPp/R4/rdr.tsv
LES4677A2_124576_36x_17y	R4	DLP	7	R4_2	tumour	/srv/home/aste0033/projects/MPNST/scDNA/CHISEL/DLPp/R4/rdr.tsv
LES4677A2_124576_36x_23y	R4	DLP	7	R4_2	tumour	/srv/home/aste0033/projects/MPNST/scDNA/CHISEL/DLPp/R4/rdr.tsv
LES4677A2_124576_36x_32y	R4	DLP	7	R4_2	tumour	/srv/home/aste0033/projects/MPNST/scDNA/CHISEL/DLPp/R4/rdr.tsv
LES4677A2_124576_36x_35y	R4	DLP	7	R4_2	tumour	/srv/home/aste0033/projects/MPNST/scDNA/CHISEL/DLPp/R4/rdr.tsv
LES4677A2_124576_37x_11y	R4	DLP	7	R4_2	tumour	/srv/home/aste0033/projects/MPNST/scDNA/CHISEL/DLPp/R4/rdr.tsv
LES4677A2_124576_37x_13y	R4	DLP	7	R4_2	tumour	/srv/home/aste0033/projects/MPNST/scDNA/CHISEL/DLPp/R4/rdr.tsv
LES4677A2_124576_37x_15y	R4	DLP	7	R4_2	tumour	/srv/home/aste0033/projects/MPNST/scDNA/CHISEL/DLPp/R4/rdr.tsv
LES4677A2_124576_37x_17y	R4	DLP	7	R4_2	tumour	/srv/home/aste0033/projects/MPNST/scDNA/CHISEL/DLPp/R4/rdr.tsv
LES4677A2_124576_37x_18y	R4	DLP	7	R4_2	tumour	/srv/home/aste0033/projects/MPNST/scDNA/CHISEL/DLPp/R4/rdr.tsv
LES4677A2_124576_37x_22y	R4	DLP	7	R4_2	tumour	/srv/home/aste0033/projects/MPNST/scDNA/CHISEL/DLPp/R4/rdr.tsv
LES4677A2_124576_37x_28y	R4	DLP	7	R4_2	tumour	/srv/home/aste0033/projects/MPNST/scDNA/CHISEL/DLPp/R4/rdr.tsv
LES4677A2_124576_37x_30y	R4	DLP	7	R4_2	tumour	/srv/home/aste0033/projects/MPNST/scDNA/CHISEL/DLPp/R4/rdr.tsv
LES4677A2_124576_37x_32y	R4	DLP	7	R4_2	tumour	/srv/home/aste0033/projects/MPNST/scDNA/CHISEL/DLPp/R4/rdr.tsv
LES4677A2_124576_38x_13y	R4	DLP	7	R4_2	tumour	/srv/home/aste0033/projects/MPNST/scDNA/CHISEL/DLPp/R4/rdr.tsv
LES4677A2_124576_38x_15y	R4	DLP	7	R4_2	tumour	/srv/home/aste0033/projects/MPNST/scDNA/CHISEL/DLPp/R4/rdr.tsv
LES4677A2_124576_38x_19y	R4	DLP	7	R4_2	tumour	/srv/home/aste0033/projects/MPNST/scDNA/CHISEL/DLPp/R4/rdr.tsv
LES4677A2_124576_38x_20y	R4	DLP	7	R4_2	tumour	/srv/home/aste0033/projects/MPNST/scDNA/CHISEL/DLPp/R4/rdr.tsv
LES4677A2_124576_38x_24y	R4	DLP	7	R4_2	tumour	/srv/home/aste0033/projects/MPNST/scDNA/CHISEL/DLPp/R4/rdr.tsv
LES4677A2_124576_38x_25y	R4	DLP	7	R4_2	tumour	/srv/home/aste0033/projects/MPNST/scDNA/CHISEL/DLPp/R4/rdr.tsv
LES4677A2_124576_38x_30y	R4	DLP	7	R4_2	tumour	/srv/home/aste0033/projects/MPNST/scDNA/CHISEL/DLPp/R4/rdr.tsv
LES4677A2_124576_38x_32y	R4	DLP	7	R4_2	tumour	/srv/home/aste0033/projects/MPNST/scDNA/CHISEL/DLPp/R4/rdr.tsv
LES4677A2_124576_39x_19y	R4	DLP	7	R4_2	tumour	/srv/home/aste0033/projects/MPNST/scDNA/CHISEL/DLPp/R4/rdr.tsv
LES4677A2_124576_39x_25y	R4	DLP	7	R4_2	tumour	/srv/home/aste0033/projects/MPNST/scDNA/CHISEL/DLPp/R4/rdr.tsv
LES4677A2_124576_39x_28y	R4	DLP	7	R4_2	tumour	/srv/home/aste0033/projects/MPNST/scDNA/CHISEL/DLPp/R4/rdr.tsv
LES4677A2_124576_40x_11y	R4	DLP	7	R4_2	tumour	/srv/home/aste0033/projects/MPNST/scDNA/CHISEL/DLPp/R4/rdr.tsv
LES4677A2_124576_40x_15y	R4	DLP	7	R4_2	tumour	/srv/home/aste0033/projects/MPNST/scDNA/CHISEL/DLPp/R4/rdr.tsv
LES4677A2_124576_40x_16y	R4	DLP	7	R4_2	tumour	/srv/home/aste0033/projects/MPNST/scDNA/CHISEL/DLPp/R4/rdr.tsv
LES4677A2_124576_40x_18y	R4	DLP	7	R4_2	tumour	/srv/home/aste0033/projects/MPNST/scDNA/CHISEL/DLPp/R4/rdr.tsv
LES4677A2_124576_40x_25y	R4	DLP	7	R4_2	tumour	/srv/home/aste0033/projects/MPNST/scDNA/CHISEL/DLPp/R4/rdr.tsv
LES4677A2_124576_40x_31y	R4	DLP	7	R4_2	tumour	/srv/home/aste0033/projects/MPNST/scDNA/CHISEL/DLPp/R4/rdr.tsv
LES4677A2_124576_40x_34y	R4	DLP	7	R4_2	tumour	/srv/home/aste0033/projects/MPNST/scDNA/CHISEL/DLPp/R4/rdr.tsv
LES4677A2_124576_41x_13y	R4	DLP	7	R4_2	tumour	/srv/home/aste0033/projects/MPNST/scDNA/CHISEL/DLPp/R4/rdr.tsv
LES4677A2_124576_41x_16y	R4	DLP	7	R4_2	tumour	/srv/home/aste0033/projects/MPNST/scDNA/CHISEL/DLPp/R4/rdr.tsv
LES4677A2_124576_41x_20y	R4	DLP	7	R4_2	tumour	/srv/home/aste0033/projects/MPNST/scDNA/CHISEL/DLPp/R4/rdr.tsv
LES4677A2_124576_41x_21y	R4	DLP	7	R4_2	tumour	/srv/home/aste0033/projects/MPNST/scDNA/CHISEL/DLPp/R4/rdr.tsv
LES4677A2_124576_41x_24y	R4	DLP	7	R4_2	tumour	/srv/home/aste0033/projects/MPNST/scDNA/CHISEL/DLPp/R4/rdr.tsv
LES4677A2_124576_41x_27y	R4	DLP	7	R4_2	tumour	/srv/home/aste0033/projects/MPNST/scDNA/CHISEL/DLPp/R4/rdr.tsv
LES4677A2_124576_41x_30y	R4	DLP	7	R4_2	tumour	/srv/home/aste0033/projects/MPNST/scDNA/CHISEL/DLPp/R4/rdr.tsv
LES4677A2_124576_41x_32y	R4	DLP	7	R4_2	tumour	/srv/home/aste0033/projects/MPNST/scDNA/CHISEL/DLPp/R4/rdr.tsv
LES4677A2_124576_41x_34y	R4	DLP	7	R4_2	tumour	/srv/home/aste0033/projects/MPNST/scDNA/CHISEL/DLPp/R4/rdr.tsv
LES4677A2_124576_41x_35y	R4	DLP	7	R4_2	tumour	/srv/home/aste0033/projects/MPNST/scDNA/CHISEL/DLPp/R4/rdr.tsv
LES4677A2_124576_42x_13y	R4	DLP	7	R4_2	tumour	/srv/home/aste0033/projects/MPNST/scDNA/CHISEL/DLPp/R4/rdr.tsv
LES4677A2_124576_42x_14y	R4	DLP	7	R4_2	tumour	/srv/home/aste0033/projects/MPNST/scDNA/CHISEL/DLPp/R4/rdr.tsv
LES4677A2_124576_42x_18y	R4	DLP	7	R4_2	tumour	/srv/home/aste0033/projects/MPNST/scDNA/CHISEL/DLPp/R4/rdr.tsv
LES4677A2_124576_42x_28y	R4	DLP	7	R4_2	tumour	/srv/home/aste0033/projects/MPNST/scDNA/CHISEL/DLPp/R4/rdr.tsv
LES4677A2_124576_42x_33y	R4	DLP	7	R4_2	tumour	/srv/home/aste0033/projects/MPNST/scDNA/CHISEL/DLPp/R4/rdr.tsv
LES4677A2_124576_43x_14y	R4	DLP	7	R4_2	tumour	/srv/home/aste0033/projects/MPNST/scDNA/CHISEL/DLPp/R4/rdr.tsv
LES4677A2_124576_43x_16y	R4	DLP	7	R4_2	tumour	/srv/home/aste0033/projects/MPNST/scDNA/CHISEL/DLPp/R4/rdr.tsv
LES4677A2_124576_43x_19y	R4	DLP	7	R4_2	tumour	/srv/home/aste0033/projects/MPNST/scDNA/CHISEL/DLPp/R4/rdr.tsv
LES4677A2_124576_43x_20y	R4	DLP	7	R4_2	tumour	/srv/home/aste0033/projects/MPNST/scDNA/CHISEL/DLPp/R4/rdr.tsv
LES4677A2_124576_43x_30y	R4	DLP	7	R4_2	tumour	/srv/home/aste0033/projects/MPNST/scDNA/CHISEL/DLPp/R4/rdr.tsv
LES4677A2_124576_44x_11y	R4	DLP	7	R4_2	tumour	/srv/home/aste0033/projects/MPNST/scDNA/CHISEL/DLPp/R4/rdr.tsv
LES4677A2_124576_44x_12y	R4	DLP	7	R4_2	tumour	/srv/home/aste0033/projects/MPNST/scDNA/CHISEL/DLPp/R4/rdr.tsv
LES4677A2_124576_44x_15y	R4	DLP	7	R4_2	tumour	/srv/home/aste0033/projects/MPNST/scDNA/CHISEL/DLPp/R4/rdr.tsv
LES4677A2_124576_44x_18y	R4	DLP	7	R4_2	tumour	/srv/home/aste0033/projects/MPNST/scDNA/CHISEL/DLPp/R4/rdr.tsv
LES4677A2_124576_44x_21y	R4	DLP	7	R4_2	tumour	/srv/home/aste0033/projects/MPNST/scDNA/CHISEL/DLPp/R4/rdr.tsv
LES4677A2_124576_44x_25y	R4	DLP	7	R4_2	tumour	/srv/home/aste0033/projects/MPNST/scDNA/CHISEL/DLPp/R4/rdr.tsv
LES4677A2_124576_44x_26y	R4	DLP	7	R4_2	tumour	/srv/home/aste0033/projects/MPNST/scDNA/CHISEL/DLPp/R4/rdr.tsv
LES4677A2_124576_44x_31y	R4	DLP	7	R4_2	tumour	/srv/home/aste0033/projects/MPNST/scDNA/CHISEL/DLPp/R4/rdr.tsv
LES4677A2_124576_45x_17y	R4	DLP	7	R4_2	tumour	/srv/home/aste0033/projects/MPNST/scDNA/CHISEL/DLPp/R4/rdr.tsv
LES4677A2_124576_45x_21y	R4	DLP	7	R4_2	tumour	/srv/home/aste0033/projects/MPNST/scDNA/CHISEL/DLPp/R4/rdr.tsv
LES4677A2_124576_45x_22y	R4	DLP	7	R4_2	tumour	/srv/home/aste0033/projects/MPNST/scDNA/CHISEL/DLPp/R4/rdr.tsv
LES4677A2_124576_45x_29y	R4	DLP	7	R4_2	tumour	/srv/home/aste0033/projects/MPNST/scDNA/CHISEL/DLPp/R4/rdr.tsv
LES4677A2_124576_45x_34y	R4	DLP	7	R4_2	tumour	/srv/home/aste0033/projects/MPNST/scDNA/CHISEL/DLPp/R4/rdr.tsv
LES4677A2_124576_46x_17y	R4	DLP	7	R4_2	tumour	/srv/home/aste0033/projects/MPNST/scDNA/CHISEL/DLPp/R4/rdr.tsv
LES4677A2_124576_46x_19y	R4	DLP	7	R4_2	tumour	/srv/home/aste0033/projects/MPNST/scDNA/CHISEL/DLPp/R4/rdr.tsv
LES4677A2_124576_46x_21y	R4	DLP	7	R4_2	tumour	/srv/home/aste0033/projects/MPNST/scDNA/CHISEL/DLPp/R4/rdr.tsv
LES4677A2_124576_46x_23y	R4	DLP	7	R4_2	tumour	/srv/home/aste0033/projects/MPNST/scDNA/CHISEL/DLPp/R4/rdr.tsv
LES4677A2_124576_46x_26y	R4	DLP	7	R4_2	tumour	/srv/home/aste0033/projects/MPNST/scDNA/CHISEL/DLPp/R4/rdr.tsv
LES4677A2_124576_46x_28y	R4	DLP	7	R4_2	tumour	/srv/home/aste0033/projects/MPNST/scDNA/CHISEL/DLPp/R4/rdr.tsv
LES4677A2_124576_46x_30y	R4	DLP	7	R4_2	tumour	/srv/home/aste0033/projects/MPNST/scDNA/CHISEL/DLPp/R4/rdr.tsv
LES4677A2_124576_46x_35y	R4	DLP	7	R4_2	tumour	/srv/home/aste0033/projects/MPNST/scDNA/CHISEL/DLPp/R4/rdr.tsv
LES4677A2_124576_47x_15y	R4	DLP	7	R4_2	tumour	/srv/home/aste0033/projects/MPNST/scDNA/CHISEL/DLPp/R4/rdr.tsv
LES4677A2_124576_47x_27y	R4	DLP	7	R4_2	tumour	/srv/home/aste0033/projects/MPNST/scDNA/CHISEL/DLPp/R4/rdr.tsv
LES4677A2_124576_47x_31y	R4	DLP	7	R4_2	tumour	/srv/home/aste0033/projects/MPNST/scDNA/CHISEL/DLPp/R4/rdr.tsv
LES4677A2_124576_48x_14y	R4	DLP	7	R4_2	tumour	/srv/home/aste0033/projects/MPNST/scDNA/CHISEL/DLPp/R4/rdr.tsv
LES4677A2_124576_48x_15y	R4	DLP	7	R4_2	tumour	/srv/home/aste0033/projects/MPNST/scDNA/CHISEL/DLPp/R4/rdr.tsv
LES4677A2_124576_48x_18y	R4	DLP	7	R4_2	tumour	/srv/home/aste0033/projects/MPNST/scDNA/CHISEL/DLPp/R4/rdr.tsv
LES4677A2_124576_48x_20y	R4	DLP	7	R4_2	tumour	/srv/home/aste0033/projects/MPNST/scDNA/CHISEL/DLPp/R4/rdr.tsv
LES4677A2_124576_48x_21y	R4	DLP	7	R4_2	tumour	/srv/home/aste0033/projects/MPNST/scDNA/CHISEL/DLPp/R4/rdr.tsv
LES4677A2_124576_48x_22y	R4	DLP	7	R4_2	tumour	/srv/home/aste0033/projects/MPNST/scDNA/CHISEL/DLPp/R4/rdr.tsv
LES4677A2_124576_48x_25y	R4	DLP	7	R4_2	tumour	/srv/home/aste0033/projects/MPNST/scDNA/CHISEL/DLPp/R4/rdr.tsv
LES4677A2_124576_48x_31y	R4	DLP	7	R4_2	tumour	/srv/home/aste0033/projects/MPNST/scDNA/CHISEL/DLPp/R4/rdr.tsv
LES4677A2_124576_49x_21y	R4	DLP	7	R4_2	tumour	/srv/home/aste0033/projects/MPNST/scDNA/CHISEL/DLPp/R4/rdr.tsv
LES4677A2_124576_49x_35y	R4	DLP	7	R4_2	tumour	/srv/home/aste0033/projects/MPNST/scDNA/CHISEL/DLPp/R4/rdr.tsv
LES4677A2_124576_50x_14y	R4	DLP	7	R4_2	tumour	/srv/home/aste0033/projects/MPNST/scDNA/CHISEL/DLPp/R4/rdr.tsv
LES4677A2_124576_50x_16y	R4	DLP	7	R4_2	tumour	/srv/home/aste0033/projects/MPNST/scDNA/CHISEL/DLPp/R4/rdr.tsv
LES4677A2_124576_50x_17y	R4	DLP	7	R4_2	tumour	/srv/home/aste0033/projects/MPNST/scDNA/CHISEL/DLPp/R4/rdr.tsv
LES4677A2_124576_50x_19y	R4	DLP	7	R4_2	tumour	/srv/home/aste0033/projects/MPNST/scDNA/CHISEL/DLPp/R4/rdr.tsv
LES4677A2_124576_50x_21y	R4	DLP	7	R4_2	tumour	/srv/home/aste0033/projects/MPNST/scDNA/CHISEL/DLPp/R4/rdr.tsv
LES4677A2_124576_50x_27y	R4	DLP	7	R4_2	tumour	/srv/home/aste0033/projects/MPNST/scDNA/CHISEL/DLPp/R4/rdr.tsv
LES4677A2_124576_50x_28y	R4	DLP	7	R4_2	tumour	/srv/home/aste0033/projects/MPNST/scDNA/CHISEL/DLPp/R4/rdr.tsv
LES4677A2_124576_50x_31y	R4	DLP	7	R4_2	tumour	/srv/home/aste0033/projects/MPNST/scDNA/CHISEL/DLPp/R4/rdr.tsv
LES4677A2_124576_51x_20y	R4	DLP	7	R4_2	tumour	/srv/home/aste0033/projects/MPNST/scDNA/CHISEL/DLPp/R4/rdr.tsv
LES4677A2_124576_52x_22y	R4	DLP	7	R4_2	tumour	/srv/home/aste0033/projects/MPNST/scDNA/CHISEL/DLPp/R4/rdr.tsv
LES4677A2_124576_52x_26y	R4	DLP	7	R4_2	tumour	/srv/home/aste0033/projects/MPNST/scDNA/CHISEL/DLPp/R4/rdr.tsv
LES4677A2_124576_52x_35y	R4	DLP	7	R4_2	tumour	/srv/home/aste0033/projects/MPNST/scDNA/CHISEL/DLPp/R4/rdr.tsv
LES4677A2_124576_53x_23y	R4	DLP	7	R4_2	tumour	/srv/home/aste0033/projects/MPNST/scDNA/CHISEL/DLPp/R4/rdr.tsv
LES4677A2_124576_53x_30y	R4	DLP	7	R4_2	tumour	/srv/home/aste0033/projects/MPNST/scDNA/CHISEL/DLPp/R4/rdr.tsv
LES4677A2_124576_54x_18y	R4	DLP	7	R4_2	tumour	/srv/home/aste0033/projects/MPNST/scDNA/CHISEL/DLPp/R4/rdr.tsv
LES4677A2_124576_54x_29y	R4	DLP	7	R4_2	tumour	/srv/home/aste0033/projects/MPNST/scDNA/CHISEL/DLPp/R4/rdr.tsv
LES4677A2_124576_54x_32y	R4	DLP	7	R4_2	tumour	/srv/home/aste0033/projects/MPNST/scDNA/CHISEL/DLPp/R4/rdr.tsv
LES4677A2_124576_55x_28y	R4	DLP	7	R4_2	tumour	/srv/home/aste0033/projects/MPNST/scDNA/CHISEL/DLPp/R4/rdr.tsv
LES4677A2_124576_58x_12y	R4	DLP	7	R4_2	tumour	/srv/home/aste0033/projects/MPNST/scDNA/CHISEL/DLPp/R4/rdr.tsv
LES4677A2_124576_58x_28y	R4	DLP	7	R4_2	tumour	/srv/home/aste0033/projects/MPNST/scDNA/CHISEL/DLPp/R4/rdr.tsv
LES4677A2_124576_59x_27y	R4	DLP	7	R4_2	tumour	/srv/home/aste0033/projects/MPNST/scDNA/CHISEL/DLPp/R4/rdr.tsv
LES4677A4_124668_49x_51y	R5	DLP	7	R4_2	tumour	/srv/home/aste0033/projects/MPNST/scDNA/CHISEL/DLPp/R5/rdr.tsv
LES4677A4_124668_60x_52y	R5	DLP	7	R4_2	tumour	/srv/home/aste0033/projects/MPNST/scDNA/CHISEL/DLPp/R5/rdr.tsv
LES4677A4_124668_61x_54y	R5	DLP	7	R4_2	tumour	/srv/home/aste0033/projects/MPNST/scDNA/CHISEL/DLPp/R5/rdr.tsv
AAAGCAAAGTGTTAGA-1	R4	10X	9	R4_3	tumour	/mnt/iribhm/homes/aste0033/projects/MPNST/scDNA/CHISEL/10X/FIT208A6/rdr.tsv
AACTCTTAGGTAAACT-1	R4	10X	9	R4_3	tumour	/mnt/iribhm/homes/aste0033/projects/MPNST/scDNA/CHISEL/10X/FIT208A6/rdr.tsv
ACGAGGACATCGGCGT-1	R4	10X	9	R4_3	tumour	/mnt/iribhm/homes/aste0033/projects/MPNST/scDNA/CHISEL/10X/FIT208A6/rdr.tsv
ACGCAGCAGGCTATCT-1	R4	10X	9	R4_3	tumour	/mnt/iribhm/homes/aste0033/projects/MPNST/scDNA/CHISEL/10X/FIT208A6/rdr.tsv
ACGCCGATCTGGGACC-1	R4	10X	9	R4_3	tumour	/mnt/iribhm/homes/aste0033/projects/MPNST/scDNA/CHISEL/10X/FIT208A6/rdr.tsv
ACTTACTGTTAACCTG-1	R4	10X	9	R4_3	tumour	/mnt/iribhm/homes/aste0033/projects/MPNST/scDNA/CHISEL/10X/FIT208A6/rdr.tsv
AGGCCGTAGGACGAAA-1	R4	10X	9	R4_3	tumour	/mnt/iribhm/homes/aste0033/projects/MPNST/scDNA/CHISEL/10X/FIT208A6/rdr.tsv
AGTCTTTCACAGAGCA-1	R4	10X	9	R4_3	tumour	/mnt/iribhm/homes/aste0033/projects/MPNST/scDNA/CHISEL/10X/FIT208A6/rdr.tsv
ATTATCCGTCCGGGTT-1	R4	10X	9	R4_3	tumour	/mnt/iribhm/homes/aste0033/projects/MPNST/scDNA/CHISEL/10X/FIT208A6/rdr.tsv
ATTTCTGGTCAACTCA-1	R4	10X	9	R4_3	tumour	/mnt/iribhm/homes/aste0033/projects/MPNST/scDNA/CHISEL/10X/FIT208A6/rdr.tsv
CAAGAAAAGGAGTTTA-1	R4	10X	9	R4_3	tumour	/mnt/iribhm/homes/aste0033/projects/MPNST/scDNA/CHISEL/10X/FIT208A6/rdr.tsv
CAAGATCGTTACGCGC-1	R4	10X	9	R4_3	tumour	/mnt/iribhm/homes/aste0033/projects/MPNST/scDNA/CHISEL/10X/FIT208A6/rdr.tsv
CACACTCGTCCGGTTG-1	R4	10X	9	R4_3	tumour	/mnt/iribhm/homes/aste0033/projects/MPNST/scDNA/CHISEL/10X/FIT208A6/rdr.tsv
CAGAATCGTTCAGGTT-1	R4	10X	9	R4_3	tumour	/mnt/iribhm/homes/aste0033/projects/MPNST/scDNA/CHISEL/10X/FIT208A6/rdr.tsv
CAGAATCGTTTGTCAG-1	R4	10X	9	R4_3	tumour	/mnt/iribhm/homes/aste0033/projects/MPNST/scDNA/CHISEL/10X/FIT208A6/rdr.tsv
CAGAGAGTCTGGGCTG-1	R2	10X	9	R4_3	tumour	/mnt/iribhm/homes/aste0033/projects/MPNST/scDNA/CHISEL/10X/FIT208A4/rdr.tsv
CAGTAACTCTGGTCCT-1	R4	10X	9	R4_3	tumour	/mnt/iribhm/homes/aste0033/projects/MPNST/scDNA/CHISEL/10X/FIT208A6/rdr.tsv
CCAGCGAAGGTGTAGC-1	R4	10X	9	R4_3	tumour	/mnt/iribhm/homes/aste0033/projects/MPNST/scDNA/CHISEL/10X/FIT208A6/rdr.tsv
CGATCGGTCCGCACGA-1	R4	10X	9	R4_3	tumour	/mnt/iribhm/homes/aste0033/projects/MPNST/scDNA/CHISEL/10X/FIT208A6/rdr.tsv
CGCTATCCAGGTCTGC-1	R4	10X	9	R4_3	tumour	/mnt/iribhm/homes/aste0033/projects/MPNST/scDNA/CHISEL/10X/FIT208A6/rdr.tsv
CGGACACCAATGGGAC-1	R4	10X	9	R4_3	tumour	/mnt/iribhm/homes/aste0033/projects/MPNST/scDNA/CHISEL/10X/FIT208A6/rdr.tsv
CTAATGGAGCACACAG-1	R4	10X	9	R4_3	tumour	/mnt/iribhm/homes/aste0033/projects/MPNST/scDNA/CHISEL/10X/FIT208A6/rdr.tsv
CTGATAGCAGCTCATA-1	R4	10X	9	R4_3	tumour	/mnt/iribhm/homes/aste0033/projects/MPNST/scDNA/CHISEL/10X/FIT208A6/rdr.tsv
CTGCCTATCTACCGTC-1	R4	10X	9	R4_3	tumour	/mnt/iribhm/homes/aste0033/projects/MPNST/scDNA/CHISEL/10X/FIT208A6/rdr.tsv
CTGGTCTAGCTAACTC-1	R4	10X	9	R4_3	tumour	/mnt/iribhm/homes/aste0033/projects/MPNST/scDNA/CHISEL/10X/FIT208A6/rdr.tsv
CTTAACTCATCCCTTG-1	R4	10X	9	R4_3	tumour	/mnt/iribhm/homes/aste0033/projects/MPNST/scDNA/CHISEL/10X/FIT208A6/rdr.tsv
CTTGGCTGTAGATGTA-1	R4	10X	9	R4_3	tumour	/mnt/iribhm/homes/aste0033/projects/MPNST/scDNA/CHISEL/10X/FIT208A6/rdr.tsv
GAAACTCTCCGTAATG-1	R4	10X	9	R4_3	tumour	/mnt/iribhm/homes/aste0033/projects/MPNST/scDNA/CHISEL/10X/FIT208A6/rdr.tsv
GAACGGAAGTGGTTAA-1	R1	10X	9	R4_3	tumour	/mnt/iribhm/homes/aste0033/projects/MPNST/scDNA/CHISEL/10X/FIT208A3/rdr.tsv
GAACGGACATACGGTT-1	R4	10X	9	R4_3	tumour	/mnt/iribhm/homes/aste0033/projects/MPNST/scDNA/CHISEL/10X/FIT208A6/rdr.tsv
GACGTTACAGCGTCAC-1	R4	10X	9	R4_3	tumour	/mnt/iribhm/homes/aste0033/projects/MPNST/scDNA/CHISEL/10X/FIT208A6/rdr.tsv
GCCAAATCACAGCTAT-1	R4	10X	9	R4_3	tumour	/mnt/iribhm/homes/aste0033/projects/MPNST/scDNA/CHISEL/10X/FIT208A6/rdr.tsv
GCTGCAGGTGAGCTCC-1	R4	10X	9	R4_3	tumour	/mnt/iribhm/homes/aste0033/projects/MPNST/scDNA/CHISEL/10X/FIT208A6/rdr.tsv
GGACAAGTCTTAAGGC-1	R4	10X	9	R4_3	tumour	/mnt/iribhm/homes/aste0033/projects/MPNST/scDNA/CHISEL/10X/FIT208A6/rdr.tsv
GGACGTCAGGTGCTTT-1	R4	10X	9	R4_3	tumour	/mnt/iribhm/homes/aste0033/projects/MPNST/scDNA/CHISEL/10X/FIT208A6/rdr.tsv
GGCTCGATCTGAAGCT-1	R4	10X	9	R4_3	tumour	/mnt/iribhm/homes/aste0033/projects/MPNST/scDNA/CHISEL/10X/FIT208A6/rdr.tsv
GGGAATGGTAGTCAAA-1	R4	10X	9	R4_3	tumour	/mnt/iribhm/homes/aste0033/projects/MPNST/scDNA/CHISEL/10X/FIT208A6/rdr.tsv
GGTGTTAGTTCTAGAC-1	R4	10X	9	R4_3	tumour	/mnt/iribhm/homes/aste0033/projects/MPNST/scDNA/CHISEL/10X/FIT208A6/rdr.tsv
GTATCTTAGACGCACA-1	R4	10X	9	R4_3	tumour	/mnt/iribhm/homes/aste0033/projects/MPNST/scDNA/CHISEL/10X/FIT208A6/rdr.tsv
GTCAAGTCATCGTCAA-1	R4	10X	9	R4_3	tumour	/mnt/iribhm/homes/aste0033/projects/MPNST/scDNA/CHISEL/10X/FIT208A6/rdr.tsv
GTCGGGTTCGGAGTTT-1	R4	10X	9	R4_3	tumour	/mnt/iribhm/homes/aste0033/projects/MPNST/scDNA/CHISEL/10X/FIT208A6/rdr.tsv
GTCTCGTGTTCTGTCC-1	R4	10X	9	R4_3	tumour	/mnt/iribhm/homes/aste0033/projects/MPNST/scDNA/CHISEL/10X/FIT208A6/rdr.tsv
GTGGGTCTCATTTCGT-1	R4	10X	9	R4_3	tumour	/mnt/iribhm/homes/aste0033/projects/MPNST/scDNA/CHISEL/10X/FIT208A6/rdr.tsv
GTGTTAGGTCAAGTTC-1	R4	10X	9	R4_3	tumour	/mnt/iribhm/homes/aste0033/projects/MPNST/scDNA/CHISEL/10X/FIT208A6/rdr.tsv
TAAGCGTAGGCACATG-1	R4	10X	9	R4_3	tumour	/mnt/iribhm/homes/aste0033/projects/MPNST/scDNA/CHISEL/10X/FIT208A6/rdr.tsv
TACGGTAAGATCCTGT-1	R4	10X	9	R4_3	tumour	/mnt/iribhm/homes/aste0033/projects/MPNST/scDNA/CHISEL/10X/FIT208A6/rdr.tsv
TACTCATAGTAATCCC-1	R4	10X	9	R4_3	tumour	/mnt/iribhm/homes/aste0033/projects/MPNST/scDNA/CHISEL/10X/FIT208A6/rdr.tsv
TACTCGCAGCTGAACG-1	R4	10X	9	R4_3	tumour	/mnt/iribhm/homes/aste0033/projects/MPNST/scDNA/CHISEL/10X/FIT208A6/rdr.tsv
TACTCGCCAAACGGGT-1	R4	10X	9	R4_3	tumour	/mnt/iribhm/homes/aste0033/projects/MPNST/scDNA/CHISEL/10X/FIT208A6/rdr.tsv
TATCAGGCACGCACCA-1	R4	10X	9	R4_3	tumour	/mnt/iribhm/homes/aste0033/projects/MPNST/scDNA/CHISEL/10X/FIT208A6/rdr.tsv
TATTACCAGCAGTACG-1	R1	10X	9	R4_3	tumour	/mnt/iribhm/homes/aste0033/projects/MPNST/scDNA/CHISEL/10X/FIT208A3/rdr.tsv
TCGGTAAAGGATGCGT-1	R4	10X	9	R4_3	tumour	/mnt/iribhm/homes/aste0033/projects/MPNST/scDNA/CHISEL/10X/FIT208A6/rdr.tsv
TGACTAGGTTAGTCAC-1	R4	10X	9	R4_3	tumour	/mnt/iribhm/homes/aste0033/projects/MPNST/scDNA/CHISEL/10X/FIT208A6/rdr.tsv
TGACTTTTCTACGGAT-1	R4	10X	9	R4_3	tumour	/mnt/iribhm/homes/aste0033/projects/MPNST/scDNA/CHISEL/10X/FIT208A6/rdr.tsv
TGCCCTATCTGAAGGG-1	R4	10X	9	R4_3	tumour	/mnt/iribhm/homes/aste0033/projects/MPNST/scDNA/CHISEL/10X/FIT208A6/rdr.tsv
TGCGGGTTCCTCGACT-1	R4	10X	9	R4_3	tumour	/mnt/iribhm/homes/aste0033/projects/MPNST/scDNA/CHISEL/10X/FIT208A6/rdr.tsv
TGCGTGGAGAGTAAGG-1	R4	10X	9	R4_3	tumour	/mnt/iribhm/homes/aste0033/projects/MPNST/scDNA/CHISEL/10X/FIT208A6/rdr.tsv
TTAGGCAAGACTGTAA-1	R4	10X	9	R4_3	tumour	/mnt/iribhm/homes/aste0033/projects/MPNST/scDNA/CHISEL/10X/FIT208A6/rdr.tsv
TTCCCAGAGTACACCT-1	R4	10X	9	R4_3	tumour	/mnt/iribhm/homes/aste0033/projects/MPNST/scDNA/CHISEL/10X/FIT208A6/rdr.tsv
TTCTCAAAGATATGGT-1	R4	10X	9	R4_3	tumour	/mnt/iribhm/homes/aste0033/projects/MPNST/scDNA/CHISEL/10X/FIT208A6/rdr.tsv
TTCTCAAGTCCAGTGC-1	R4	10X	9	R4_3	tumour	/mnt/iribhm/homes/aste0033/projects/MPNST/scDNA/CHISEL/10X/FIT208A6/rdr.tsv
TTTACTGAGCAACGGT-1	R4	10X	9	R4_3	tumour	/mnt/iribhm/homes/aste0033/projects/MPNST/scDNA/CHISEL/10X/FIT208A6/rdr.tsv
LES4677A1_124574_26x_42y	R2	DLP	9	R4_3	tumour	/srv/home/aste0033/projects/MPNST/scDNA/CHISEL/DLPp/R2/rdr.tsv
LES4677A1_124574_32x_43y	R2	DLP	9	R4_3	tumour	/srv/home/aste0033/projects/MPNST/scDNA/CHISEL/DLPp/R2/rdr.tsv
LES4677A1_124574_40x_38y	R2	DLP	9	R4_3	tumour	/srv/home/aste0033/projects/MPNST/scDNA/CHISEL/DLPp/R2/rdr.tsv
LES4677A1_124574_40x_41y	R2	DLP	9	R4_3	tumour	/srv/home/aste0033/projects/MPNST/scDNA/CHISEL/DLPp/R2/rdr.tsv
LES4677A1_124574_52x_45y	R2	DLP	9	R4_3	tumour	/srv/home/aste0033/projects/MPNST/scDNA/CHISEL/DLPp/R2/rdr.tsv
LES4677A2_124576_14x_13y	R4	DLP	9	R4_3	tumour	/srv/home/aste0033/projects/MPNST/scDNA/CHISEL/DLPp/R4/rdr.tsv
LES4677A2_124576_14x_29y	R4	DLP	9	R4_3	tumour	/srv/home/aste0033/projects/MPNST/scDNA/CHISEL/DLPp/R4/rdr.tsv
LES4677A2_124576_14x_30y	R4	DLP	9	R4_3	tumour	/srv/home/aste0033/projects/MPNST/scDNA/CHISEL/DLPp/R4/rdr.tsv
LES4677A2_124576_15x_14y	R4	DLP	9	R4_3	tumour	/srv/home/aste0033/projects/MPNST/scDNA/CHISEL/DLPp/R4/rdr.tsv
LES4677A2_124576_15x_17y	R4	DLP	9	R4_3	tumour	/srv/home/aste0033/projects/MPNST/scDNA/CHISEL/DLPp/R4/rdr.tsv
LES4677A2_124576_15x_34y	R4	DLP	9	R4_3	tumour	/srv/home/aste0033/projects/MPNST/scDNA/CHISEL/DLPp/R4/rdr.tsv
LES4677A2_124576_16x_15y	R4	DLP	9	R4_3	tumour	/srv/home/aste0033/projects/MPNST/scDNA/CHISEL/DLPp/R4/rdr.tsv
LES4677A2_124576_16x_16y	R4	DLP	9	R4_3	tumour	/srv/home/aste0033/projects/MPNST/scDNA/CHISEL/DLPp/R4/rdr.tsv
LES4677A2_124576_16x_17y	R4	DLP	9	R4_3	tumour	/srv/home/aste0033/projects/MPNST/scDNA/CHISEL/DLPp/R4/rdr.tsv
LES4677A2_124576_16x_21y	R4	DLP	9	R4_3	tumour	/srv/home/aste0033/projects/MPNST/scDNA/CHISEL/DLPp/R4/rdr.tsv
LES4677A2_124576_16x_24y	R4	DLP	9	R4_3	tumour	/srv/home/aste0033/projects/MPNST/scDNA/CHISEL/DLPp/R4/rdr.tsv
LES4677A2_124576_16x_28y	R4	DLP	9	R4_3	tumour	/srv/home/aste0033/projects/MPNST/scDNA/CHISEL/DLPp/R4/rdr.tsv
LES4677A2_124576_16x_31y	R4	DLP	9	R4_3	tumour	/srv/home/aste0033/projects/MPNST/scDNA/CHISEL/DLPp/R4/rdr.tsv
LES4677A2_124576_17x_16y	R4	DLP	9	R4_3	tumour	/srv/home/aste0033/projects/MPNST/scDNA/CHISEL/DLPp/R4/rdr.tsv
LES4677A2_124576_17x_19y	R4	DLP	9	R4_3	tumour	/srv/home/aste0033/projects/MPNST/scDNA/CHISEL/DLPp/R4/rdr.tsv
LES4677A2_124576_17x_32y	R4	DLP	9	R4_3	tumour	/srv/home/aste0033/projects/MPNST/scDNA/CHISEL/DLPp/R4/rdr.tsv
LES4677A2_124576_18x_20y	R4	DLP	9	R4_3	tumour	/srv/home/aste0033/projects/MPNST/scDNA/CHISEL/DLPp/R4/rdr.tsv
LES4677A2_124576_18x_26y	R4	DLP	9	R4_3	tumour	/srv/home/aste0033/projects/MPNST/scDNA/CHISEL/DLPp/R4/rdr.tsv
LES4677A2_124576_18x_30y	R4	DLP	9	R4_3	tumour	/srv/home/aste0033/projects/MPNST/scDNA/CHISEL/DLPp/R4/rdr.tsv
LES4677A2_124576_18x_35y	R4	DLP	9	R4_3	tumour	/srv/home/aste0033/projects/MPNST/scDNA/CHISEL/DLPp/R4/rdr.tsv
LES4677A2_124576_19x_15y	R4	DLP	9	R4_3	tumour	/srv/home/aste0033/projects/MPNST/scDNA/CHISEL/DLPp/R4/rdr.tsv
LES4677A2_124576_19x_19y	R4	DLP	9	R4_3	tumour	/srv/home/aste0033/projects/MPNST/scDNA/CHISEL/DLPp/R4/rdr.tsv
LES4677A2_124576_19x_21y	R4	DLP	9	R4_3	tumour	/srv/home/aste0033/projects/MPNST/scDNA/CHISEL/DLPp/R4/rdr.tsv
LES4677A2_124576_19x_22y	R4	DLP	9	R4_3	tumour	/srv/home/aste0033/projects/MPNST/scDNA/CHISEL/DLPp/R4/rdr.tsv
LES4677A2_124576_19x_26y	R4	DLP	9	R4_3	tumour	/srv/home/aste0033/projects/MPNST/scDNA/CHISEL/DLPp/R4/rdr.tsv
LES4677A2_124576_19x_29y	R4	DLP	9	R4_3	tumour	/srv/home/aste0033/projects/MPNST/scDNA/CHISEL/DLPp/R4/rdr.tsv
LES4677A2_124576_19x_30y	R4	DLP	9	R4_3	tumour	/srv/home/aste0033/projects/MPNST/scDNA/CHISEL/DLPp/R4/rdr.tsv
LES4677A2_124576_19x_31y	R4	DLP	9	R4_3	tumour	/srv/home/aste0033/projects/MPNST/scDNA/CHISEL/DLPp/R4/rdr.tsv
LES4677A2_124576_19x_34y	R4	DLP	9	R4_3	tumour	/srv/home/aste0033/projects/MPNST/scDNA/CHISEL/DLPp/R4/rdr.tsv
LES4677A2_124576_20x_20y	R4	DLP	9	R4_3	tumour	/srv/home/aste0033/projects/MPNST/scDNA/CHISEL/DLPp/R4/rdr.tsv
LES4677A2_124576_20x_21y	R4	DLP	9	R4_3	tumour	/srv/home/aste0033/projects/MPNST/scDNA/CHISEL/DLPp/R4/rdr.tsv
LES4677A2_124576_20x_25y	R4	DLP	9	R4_3	tumour	/srv/home/aste0033/projects/MPNST/scDNA/CHISEL/DLPp/R4/rdr.tsv
LES4677A2_124576_20x_29y	R4	DLP	9	R4_3	tumour	/srv/home/aste0033/projects/MPNST/scDNA/CHISEL/DLPp/R4/rdr.tsv
LES4677A2_124576_20x_32y	R4	DLP	9	R4_3	tumour	/srv/home/aste0033/projects/MPNST/scDNA/CHISEL/DLPp/R4/rdr.tsv
LES4677A2_124576_21x_12y	R4	DLP	9	R4_3	tumour	/srv/home/aste0033/projects/MPNST/scDNA/CHISEL/DLPp/R4/rdr.tsv
LES4677A2_124576_21x_14y	R4	DLP	9	R4_3	tumour	/srv/home/aste0033/projects/MPNST/scDNA/CHISEL/DLPp/R4/rdr.tsv
LES4677A2_124576_21x_20y	R4	DLP	9	R4_3	tumour	/srv/home/aste0033/projects/MPNST/scDNA/CHISEL/DLPp/R4/rdr.tsv
LES4677A2_124576_21x_24y	R4	DLP	9	R4_3	tumour	/srv/home/aste0033/projects/MPNST/scDNA/CHISEL/DLPp/R4/rdr.tsv
LES4677A2_124576_21x_25y	R4	DLP	9	R4_3	tumour	/srv/home/aste0033/projects/MPNST/scDNA/CHISEL/DLPp/R4/rdr.tsv
LES4677A2_124576_21x_27y	R4	DLP	9	R4_3	tumour	/srv/home/aste0033/projects/MPNST/scDNA/CHISEL/DLPp/R4/rdr.tsv
LES4677A2_124576_21x_30y	R4	DLP	9	R4_3	tumour	/srv/home/aste0033/projects/MPNST/scDNA/CHISEL/DLPp/R4/rdr.tsv
LES4677A2_124576_22x_11y	R4	DLP	9	R4_3	tumour	/srv/home/aste0033/projects/MPNST/scDNA/CHISEL/DLPp/R4/rdr.tsv
LES4677A2_124576_22x_13y	R4	DLP	9	R4_3	tumour	/srv/home/aste0033/projects/MPNST/scDNA/CHISEL/DLPp/R4/rdr.tsv
LES4677A2_124576_22x_15y	R4	DLP	9	R4_3	tumour	/srv/home/aste0033/projects/MPNST/scDNA/CHISEL/DLPp/R4/rdr.tsv
LES4677A2_124576_22x_16y	R4	DLP	9	R4_3	tumour	/srv/home/aste0033/projects/MPNST/scDNA/CHISEL/DLPp/R4/rdr.tsv
LES4677A2_124576_22x_21y	R4	DLP	9	R4_3	tumour	/srv/home/aste0033/projects/MPNST/scDNA/CHISEL/DLPp/R4/rdr.tsv
LES4677A2_124576_22x_22y	R4	DLP	9	R4_3	tumour	/srv/home/aste0033/projects/MPNST/scDNA/CHISEL/DLPp/R4/rdr.tsv
LES4677A2_124576_22x_29y	R4	DLP	9	R4_3	tumour	/srv/home/aste0033/projects/MPNST/scDNA/CHISEL/DLPp/R4/rdr.tsv
LES4677A2_124576_23x_11y	R4	DLP	9	R4_3	tumour	/srv/home/aste0033/projects/MPNST/scDNA/CHISEL/DLPp/R4/rdr.tsv
LES4677A2_124576_23x_13y	R4	DLP	9	R4_3	tumour	/srv/home/aste0033/projects/MPNST/scDNA/CHISEL/DLPp/R4/rdr.tsv
LES4677A2_124576_23x_20y	R4	DLP	9	R4_3	tumour	/srv/home/aste0033/projects/MPNST/scDNA/CHISEL/DLPp/R4/rdr.tsv
LES4677A2_124576_23x_21y	R4	DLP	9	R4_3	tumour	/srv/home/aste0033/projects/MPNST/scDNA/CHISEL/DLPp/R4/rdr.tsv
LES4677A2_124576_23x_29y	R4	DLP	9	R4_3	tumour	/srv/home/aste0033/projects/MPNST/scDNA/CHISEL/DLPp/R4/rdr.tsv
LES4677A2_124576_23x_30y	R4	DLP	9	R4_3	tumour	/srv/home/aste0033/projects/MPNST/scDNA/CHISEL/DLPp/R4/rdr.tsv
LES4677A2_124576_23x_33y	R4	DLP	9	R4_3	tumour	/srv/home/aste0033/projects/MPNST/scDNA/CHISEL/DLPp/R4/rdr.tsv
LES4677A2_124576_24x_13y	R4	DLP	9	R4_3	tumour	/srv/home/aste0033/projects/MPNST/scDNA/CHISEL/DLPp/R4/rdr.tsv
LES4677A2_124576_24x_17y	R4	DLP	9	R4_3	tumour	/srv/home/aste0033/projects/MPNST/scDNA/CHISEL/DLPp/R4/rdr.tsv
LES4677A2_124576_24x_18y	R4	DLP	9	R4_3	tumour	/srv/home/aste0033/projects/MPNST/scDNA/CHISEL/DLPp/R4/rdr.tsv
LES4677A2_124576_24x_21y	R4	DLP	9	R4_3	tumour	/srv/home/aste0033/projects/MPNST/scDNA/CHISEL/DLPp/R4/rdr.tsv
LES4677A2_124576_24x_26y	R4	DLP	9	R4_3	tumour	/srv/home/aste0033/projects/MPNST/scDNA/CHISEL/DLPp/R4/rdr.tsv
LES4677A2_124576_24x_27y	R4	DLP	9	R4_3	tumour	/srv/home/aste0033/projects/MPNST/scDNA/CHISEL/DLPp/R4/rdr.tsv
LES4677A2_124576_25x_13y	R4	DLP	9	R4_3	tumour	/srv/home/aste0033/projects/MPNST/scDNA/CHISEL/DLPp/R4/rdr.tsv
LES4677A2_124576_25x_27y	R4	DLP	9	R4_3	tumour	/srv/home/aste0033/projects/MPNST/scDNA/CHISEL/DLPp/R4/rdr.tsv
LES4677A2_124576_25x_28y	R4	DLP	9	R4_3	tumour	/srv/home/aste0033/projects/MPNST/scDNA/CHISEL/DLPp/R4/rdr.tsv
LES4677A2_124576_26x_25y	R4	DLP	9	R4_3	tumour	/srv/home/aste0033/projects/MPNST/scDNA/CHISEL/DLPp/R4/rdr.tsv
LES4677A2_124576_26x_28y	R4	DLP	9	R4_3	tumour	/srv/home/aste0033/projects/MPNST/scDNA/CHISEL/DLPp/R4/rdr.tsv
LES4677A2_124576_27x_14y	R4	DLP	9	R4_3	tumour	/srv/home/aste0033/projects/MPNST/scDNA/CHISEL/DLPp/R4/rdr.tsv
LES4677A2_124576_27x_19y	R4	DLP	9	R4_3	tumour	/srv/home/aste0033/projects/MPNST/scDNA/CHISEL/DLPp/R4/rdr.tsv
LES4677A2_124576_27x_27y	R4	DLP	9	R4_3	tumour	/srv/home/aste0033/projects/MPNST/scDNA/CHISEL/DLPp/R4/rdr.tsv
LES4677A2_124576_27x_32y	R4	DLP	9	R4_3	tumour	/srv/home/aste0033/projects/MPNST/scDNA/CHISEL/DLPp/R4/rdr.tsv
LES4677A2_124576_28x_13y	R4	DLP	9	R4_3	tumour	/srv/home/aste0033/projects/MPNST/scDNA/CHISEL/DLPp/R4/rdr.tsv
LES4677A2_124576_28x_17y	R4	DLP	9	R4_3	tumour	/srv/home/aste0033/projects/MPNST/scDNA/CHISEL/DLPp/R4/rdr.tsv
LES4677A2_124576_28x_29y	R4	DLP	9	R4_3	tumour	/srv/home/aste0033/projects/MPNST/scDNA/CHISEL/DLPp/R4/rdr.tsv
LES4677A2_124576_28x_35y	R4	DLP	9	R4_3	tumour	/srv/home/aste0033/projects/MPNST/scDNA/CHISEL/DLPp/R4/rdr.tsv
LES4677A2_124576_29x_18y	R4	DLP	9	R4_3	tumour	/srv/home/aste0033/projects/MPNST/scDNA/CHISEL/DLPp/R4/rdr.tsv
LES4677A2_124576_29x_26y	R4	DLP	9	R4_3	tumour	/srv/home/aste0033/projects/MPNST/scDNA/CHISEL/DLPp/R4/rdr.tsv
LES4677A2_124576_29x_29y	R4	DLP	9	R4_3	tumour	/srv/home/aste0033/projects/MPNST/scDNA/CHISEL/DLPp/R4/rdr.tsv
LES4677A2_124576_29x_35y	R4	DLP	9	R4_3	tumour	/srv/home/aste0033/projects/MPNST/scDNA/CHISEL/DLPp/R4/rdr.tsv
LES4677A2_124576_30x_13y	R4	DLP	9	R4_3	tumour	/srv/home/aste0033/projects/MPNST/scDNA/CHISEL/DLPp/R4/rdr.tsv
LES4677A2_124576_30x_21y	R4	DLP	9	R4_3	tumour	/srv/home/aste0033/projects/MPNST/scDNA/CHISEL/DLPp/R4/rdr.tsv
LES4677A2_124576_30x_26y	R4	DLP	9	R4_3	tumour	/srv/home/aste0033/projects/MPNST/scDNA/CHISEL/DLPp/R4/rdr.tsv
LES4677A2_124576_30x_28y	R4	DLP	9	R4_3	tumour	/srv/home/aste0033/projects/MPNST/scDNA/CHISEL/DLPp/R4/rdr.tsv
LES4677A2_124576_30x_31y	R4	DLP	9	R4_3	tumour	/srv/home/aste0033/projects/MPNST/scDNA/CHISEL/DLPp/R4/rdr.tsv
LES4677A2_124576_30x_34y	R4	DLP	9	R4_3	tumour	/srv/home/aste0033/projects/MPNST/scDNA/CHISEL/DLPp/R4/rdr.tsv
LES4677A2_124576_31x_11y	R4	DLP	9	R4_3	tumour	/srv/home/aste0033/projects/MPNST/scDNA/CHISEL/DLPp/R4/rdr.tsv
LES4677A2_124576_31x_14y	R4	DLP	9	R4_3	tumour	/srv/home/aste0033/projects/MPNST/scDNA/CHISEL/DLPp/R4/rdr.tsv
LES4677A2_124576_31x_15y	R4	DLP	9	R4_3	tumour	/srv/home/aste0033/projects/MPNST/scDNA/CHISEL/DLPp/R4/rdr.tsv
LES4677A2_124576_31x_25y	R4	DLP	9	R4_3	tumour	/srv/home/aste0033/projects/MPNST/scDNA/CHISEL/DLPp/R4/rdr.tsv
LES4677A2_124576_31x_30y	R4	DLP	9	R4_3	tumour	/srv/home/aste0033/projects/MPNST/scDNA/CHISEL/DLPp/R4/rdr.tsv
LES4677A2_124576_31x_33y	R4	DLP	9	R4_3	tumour	/srv/home/aste0033/projects/MPNST/scDNA/CHISEL/DLPp/R4/rdr.tsv
LES4677A2_124576_32x_16y	R4	DLP	9	R4_3	tumour	/srv/home/aste0033/projects/MPNST/scDNA/CHISEL/DLPp/R4/rdr.tsv
LES4677A2_124576_32x_23y	R4	DLP	9	R4_3	tumour	/srv/home/aste0033/projects/MPNST/scDNA/CHISEL/DLPp/R4/rdr.tsv
LES4677A2_124576_32x_24y	R4	DLP	9	R4_3	tumour	/srv/home/aste0033/projects/MPNST/scDNA/CHISEL/DLPp/R4/rdr.tsv
LES4677A2_124576_32x_31y	R4	DLP	9	R4_3	tumour	/srv/home/aste0033/projects/MPNST/scDNA/CHISEL/DLPp/R4/rdr.tsv
LES4677A2_124576_32x_32y	R4	DLP	9	R4_3	tumour	/srv/home/aste0033/projects/MPNST/scDNA/CHISEL/DLPp/R4/rdr.tsv
LES4677A2_124576_34x_14y	R4	DLP	9	R4_3	tumour	/srv/home/aste0033/projects/MPNST/scDNA/CHISEL/DLPp/R4/rdr.tsv
LES4677A2_124576_34x_16y	R4	DLP	9	R4_3	tumour	/srv/home/aste0033/projects/MPNST/scDNA/CHISEL/DLPp/R4/rdr.tsv
LES4677A2_124576_34x_21y	R4	DLP	9	R4_3	tumour	/srv/home/aste0033/projects/MPNST/scDNA/CHISEL/DLPp/R4/rdr.tsv
LES4677A2_124576_34x_24y	R4	DLP	9	R4_3	tumour	/srv/home/aste0033/projects/MPNST/scDNA/CHISEL/DLPp/R4/rdr.tsv
LES4677A2_124576_34x_25y	R4	DLP	9	R4_3	tumour	/srv/home/aste0033/projects/MPNST/scDNA/CHISEL/DLPp/R4/rdr.tsv
LES4677A2_124576_34x_29y	R4	DLP	9	R4_3	tumour	/srv/home/aste0033/projects/MPNST/scDNA/CHISEL/DLPp/R4/rdr.tsv
LES4677A2_124576_35x_13y	R4	DLP	9	R4_3	tumour	/srv/home/aste0033/projects/MPNST/scDNA/CHISEL/DLPp/R4/rdr.tsv
LES4677A2_124576_35x_19y	R4	DLP	9	R4_3	tumour	/srv/home/aste0033/projects/MPNST/scDNA/CHISEL/DLPp/R4/rdr.tsv
LES4677A2_124576_35x_20y	R4	DLP	9	R4_3	tumour	/srv/home/aste0033/projects/MPNST/scDNA/CHISEL/DLPp/R4/rdr.tsv
LES4677A2_124576_35x_25y	R4	DLP	9	R4_3	tumour	/srv/home/aste0033/projects/MPNST/scDNA/CHISEL/DLPp/R4/rdr.tsv
LES4677A2_124576_35x_27y	R4	DLP	9	R4_3	tumour	/srv/home/aste0033/projects/MPNST/scDNA/CHISEL/DLPp/R4/rdr.tsv
LES4677A2_124576_35x_33y	R4	DLP	9	R4_3	tumour	/srv/home/aste0033/projects/MPNST/scDNA/CHISEL/DLPp/R4/rdr.tsv
LES4677A2_124576_36x_19y	R4	DLP	9	R4_3	tumour	/srv/home/aste0033/projects/MPNST/scDNA/CHISEL/DLPp/R4/rdr.tsv
LES4677A2_124576_36x_24y	R4	DLP	9	R4_3	tumour	/srv/home/aste0033/projects/MPNST/scDNA/CHISEL/DLPp/R4/rdr.tsv
LES4677A2_124576_36x_30y	R4	DLP	9	R4_3	tumour	/srv/home/aste0033/projects/MPNST/scDNA/CHISEL/DLPp/R4/rdr.tsv
LES4677A2_124576_37x_12y	R4	DLP	9	R4_3	tumour	/srv/home/aste0033/projects/MPNST/scDNA/CHISEL/DLPp/R4/rdr.tsv
LES4677A2_124576_37x_16y	R4	DLP	9	R4_3	tumour	/srv/home/aste0033/projects/MPNST/scDNA/CHISEL/DLPp/R4/rdr.tsv
LES4677A2_124576_37x_19y	R4	DLP	9	R4_3	tumour	/srv/home/aste0033/projects/MPNST/scDNA/CHISEL/DLPp/R4/rdr.tsv
LES4677A2_124576_37x_27y	R4	DLP	9	R4_3	tumour	/srv/home/aste0033/projects/MPNST/scDNA/CHISEL/DLPp/R4/rdr.tsv
LES4677A2_124576_37x_35y	R4	DLP	9	R4_3	tumour	/srv/home/aste0033/projects/MPNST/scDNA/CHISEL/DLPp/R4/rdr.tsv
LES4677A2_124576_38x_14y	R4	DLP	9	R4_3	tumour	/srv/home/aste0033/projects/MPNST/scDNA/CHISEL/DLPp/R4/rdr.tsv
LES4677A2_124576_38x_16y	R4	DLP	9	R4_3	tumour	/srv/home/aste0033/projects/MPNST/scDNA/CHISEL/DLPp/R4/rdr.tsv
LES4677A2_124576_38x_22y	R4	DLP	9	R4_3	tumour	/srv/home/aste0033/projects/MPNST/scDNA/CHISEL/DLPp/R4/rdr.tsv
LES4677A2_124576_38x_28y	R4	DLP	9	R4_3	tumour	/srv/home/aste0033/projects/MPNST/scDNA/CHISEL/DLPp/R4/rdr.tsv
LES4677A2_124576_38x_34y	R4	DLP	9	R4_3	tumour	/srv/home/aste0033/projects/MPNST/scDNA/CHISEL/DLPp/R4/rdr.tsv
LES4677A2_124576_39x_11y	R4	DLP	9	R4_3	tumour	/srv/home/aste0033/projects/MPNST/scDNA/CHISEL/DLPp/R4/rdr.tsv
LES4677A2_124576_39x_20y	R4	DLP	9	R4_3	tumour	/srv/home/aste0033/projects/MPNST/scDNA/CHISEL/DLPp/R4/rdr.tsv
LES4677A2_124576_39x_32y	R4	DLP	9	R4_3	tumour	/srv/home/aste0033/projects/MPNST/scDNA/CHISEL/DLPp/R4/rdr.tsv
LES4677A2_124576_39x_34y	R4	DLP	9	R4_3	tumour	/srv/home/aste0033/projects/MPNST/scDNA/CHISEL/DLPp/R4/rdr.tsv
LES4677A2_124576_40x_12y	R4	DLP	9	R4_3	tumour	/srv/home/aste0033/projects/MPNST/scDNA/CHISEL/DLPp/R4/rdr.tsv
LES4677A2_124576_40x_20y	R4	DLP	9	R4_3	tumour	/srv/home/aste0033/projects/MPNST/scDNA/CHISEL/DLPp/R4/rdr.tsv
LES4677A2_124576_40x_23y	R4	DLP	9	R4_3	tumour	/srv/home/aste0033/projects/MPNST/scDNA/CHISEL/DLPp/R4/rdr.tsv
LES4677A2_124576_40x_24y	R4	DLP	9	R4_3	tumour	/srv/home/aste0033/projects/MPNST/scDNA/CHISEL/DLPp/R4/rdr.tsv
LES4677A2_124576_40x_32y	R4	DLP	9	R4_3	tumour	/srv/home/aste0033/projects/MPNST/scDNA/CHISEL/DLPp/R4/rdr.tsv
LES4677A2_124576_41x_12y	R4	DLP	9	R4_3	tumour	/srv/home/aste0033/projects/MPNST/scDNA/CHISEL/DLPp/R4/rdr.tsv
LES4677A2_124576_41x_23y	R4	DLP	9	R4_3	tumour	/srv/home/aste0033/projects/MPNST/scDNA/CHISEL/DLPp/R4/rdr.tsv
LES4677A2_124576_41x_33y	R4	DLP	9	R4_3	tumour	/srv/home/aste0033/projects/MPNST/scDNA/CHISEL/DLPp/R4/rdr.tsv
LES4677A2_124576_42x_12y	R4	DLP	9	R4_3	tumour	/srv/home/aste0033/projects/MPNST/scDNA/CHISEL/DLPp/R4/rdr.tsv
LES4677A2_124576_42x_15y	R4	DLP	9	R4_3	tumour	/srv/home/aste0033/projects/MPNST/scDNA/CHISEL/DLPp/R4/rdr.tsv
LES4677A2_124576_42x_19y	R4	DLP	9	R4_3	tumour	/srv/home/aste0033/projects/MPNST/scDNA/CHISEL/DLPp/R4/rdr.tsv
LES4677A2_124576_42x_25y	R4	DLP	9	R4_3	tumour	/srv/home/aste0033/projects/MPNST/scDNA/CHISEL/DLPp/R4/rdr.tsv
LES4677A2_124576_42x_31y	R4	DLP	9	R4_3	tumour	/srv/home/aste0033/projects/MPNST/scDNA/CHISEL/DLPp/R4/rdr.tsv
LES4677A2_124576_42x_34y	R4	DLP	9	R4_3	tumour	/srv/home/aste0033/projects/MPNST/scDNA/CHISEL/DLPp/R4/rdr.tsv
LES4677A2_124576_43x_12y	R4	DLP	9	R4_3	tumour	/srv/home/aste0033/projects/MPNST/scDNA/CHISEL/DLPp/R4/rdr.tsv
LES4677A2_124576_43x_18y	R4	DLP	9	R4_3	tumour	/srv/home/aste0033/projects/MPNST/scDNA/CHISEL/DLPp/R4/rdr.tsv
LES4677A2_124576_43x_25y	R4	DLP	9	R4_3	tumour	/srv/home/aste0033/projects/MPNST/scDNA/CHISEL/DLPp/R4/rdr.tsv
LES4677A2_124576_43x_27y	R4	DLP	9	R4_3	tumour	/srv/home/aste0033/projects/MPNST/scDNA/CHISEL/DLPp/R4/rdr.tsv
LES4677A2_124576_43x_31y	R4	DLP	9	R4_3	tumour	/srv/home/aste0033/projects/MPNST/scDNA/CHISEL/DLPp/R4/rdr.tsv
LES4677A2_124576_44x_16y	R4	DLP	9	R4_3	tumour	/srv/home/aste0033/projects/MPNST/scDNA/CHISEL/DLPp/R4/rdr.tsv
LES4677A2_124576_44x_17y	R4	DLP	9	R4_3	tumour	/srv/home/aste0033/projects/MPNST/scDNA/CHISEL/DLPp/R4/rdr.tsv
LES4677A2_124576_44x_19y	R4	DLP	9	R4_3	tumour	/srv/home/aste0033/projects/MPNST/scDNA/CHISEL/DLPp/R4/rdr.tsv
LES4677A2_124576_44x_20y	R4	DLP	9	R4_3	tumour	/srv/home/aste0033/projects/MPNST/scDNA/CHISEL/DLPp/R4/rdr.tsv
LES4677A2_124576_45x_18y	R4	DLP	9	R4_3	tumour	/srv/home/aste0033/projects/MPNST/scDNA/CHISEL/DLPp/R4/rdr.tsv
LES4677A2_124576_45x_23y	R4	DLP	9	R4_3	tumour	/srv/home/aste0033/projects/MPNST/scDNA/CHISEL/DLPp/R4/rdr.tsv
LES4677A2_124576_45x_33y	R4	DLP	9	R4_3	tumour	/srv/home/aste0033/projects/MPNST/scDNA/CHISEL/DLPp/R4/rdr.tsv
LES4677A2_124576_46x_18y	R4	DLP	9	R4_3	tumour	/srv/home/aste0033/projects/MPNST/scDNA/CHISEL/DLPp/R4/rdr.tsv
LES4677A2_124576_46x_32y	R4	DLP	9	R4_3	tumour	/srv/home/aste0033/projects/MPNST/scDNA/CHISEL/DLPp/R4/rdr.tsv
LES4677A2_124576_47x_25y	R4	DLP	9	R4_3	tumour	/srv/home/aste0033/projects/MPNST/scDNA/CHISEL/DLPp/R4/rdr.tsv
LES4677A2_124576_47x_29y	R4	DLP	9	R4_3	tumour	/srv/home/aste0033/projects/MPNST/scDNA/CHISEL/DLPp/R4/rdr.tsv
LES4677A2_124576_47x_33y	R4	DLP	9	R4_3	tumour	/srv/home/aste0033/projects/MPNST/scDNA/CHISEL/DLPp/R4/rdr.tsv
LES4677A2_124576_48x_11y	R4	DLP	9	R4_3	tumour	/srv/home/aste0033/projects/MPNST/scDNA/CHISEL/DLPp/R4/rdr.tsv
LES4677A2_124576_48x_23y	R4	DLP	9	R4_3	tumour	/srv/home/aste0033/projects/MPNST/scDNA/CHISEL/DLPp/R4/rdr.tsv
LES4677A2_124576_48x_28y	R4	DLP	9	R4_3	tumour	/srv/home/aste0033/projects/MPNST/scDNA/CHISEL/DLPp/R4/rdr.tsv
LES4677A2_124576_48x_30y	R4	DLP	9	R4_3	tumour	/srv/home/aste0033/projects/MPNST/scDNA/CHISEL/DLPp/R4/rdr.tsv
LES4677A2_124576_49x_18y	R4	DLP	9	R4_3	tumour	/srv/home/aste0033/projects/MPNST/scDNA/CHISEL/DLPp/R4/rdr.tsv
LES4677A2_124576_49x_22y	R4	DLP	9	R4_3	tumour	/srv/home/aste0033/projects/MPNST/scDNA/CHISEL/DLPp/R4/rdr.tsv
LES4677A2_124576_49x_32y	R4	DLP	9	R4_3	tumour	/srv/home/aste0033/projects/MPNST/scDNA/CHISEL/DLPp/R4/rdr.tsv
LES4677A2_124576_49x_34y	R4	DLP	9	R4_3	tumour	/srv/home/aste0033/projects/MPNST/scDNA/CHISEL/DLPp/R4/rdr.tsv
LES4677A2_124576_50x_13y	R4	DLP	9	R4_3	tumour	/srv/home/aste0033/projects/MPNST/scDNA/CHISEL/DLPp/R4/rdr.tsv
LES4677A2_124576_50x_32y	R4	DLP	9	R4_3	tumour	/srv/home/aste0033/projects/MPNST/scDNA/CHISEL/DLPp/R4/rdr.tsv
LES4677A2_124576_50x_33y	R4	DLP	9	R4_3	tumour	/srv/home/aste0033/projects/MPNST/scDNA/CHISEL/DLPp/R4/rdr.tsv
LES4677A2_124576_50x_34y	R4	DLP	9	R4_3	tumour	/srv/home/aste0033/projects/MPNST/scDNA/CHISEL/DLPp/R4/rdr.tsv
LES4677A2_124576_51x_12y	R4	DLP	9	R4_3	tumour	/srv/home/aste0033/projects/MPNST/scDNA/CHISEL/DLPp/R4/rdr.tsv
LES4677A2_124576_51x_16y	R4	DLP	9	R4_3	tumour	/srv/home/aste0033/projects/MPNST/scDNA/CHISEL/DLPp/R4/rdr.tsv
LES4677A2_124576_51x_17y	R4	DLP	9	R4_3	tumour	/srv/home/aste0033/projects/MPNST/scDNA/CHISEL/DLPp/R4/rdr.tsv
LES4677A2_124576_52x_15y	R4	DLP	9	R4_3	tumour	/srv/home/aste0033/projects/MPNST/scDNA/CHISEL/DLPp/R4/rdr.tsv
LES4677A2_124576_52x_23y	R4	DLP	9	R4_3	tumour	/srv/home/aste0033/projects/MPNST/scDNA/CHISEL/DLPp/R4/rdr.tsv
LES4677A2_124576_52x_30y	R4	DLP	9	R4_3	tumour	/srv/home/aste0033/projects/MPNST/scDNA/CHISEL/DLPp/R4/rdr.tsv
LES4677A2_124576_53x_20y	R4	DLP	9	R4_3	tumour	/srv/home/aste0033/projects/MPNST/scDNA/CHISEL/DLPp/R4/rdr.tsv
LES4677A2_124576_53x_31y	R4	DLP	9	R4_3	tumour	/srv/home/aste0033/projects/MPNST/scDNA/CHISEL/DLPp/R4/rdr.tsv
LES4677A2_124576_53x_33y	R4	DLP	9	R4_3	tumour	/srv/home/aste0033/projects/MPNST/scDNA/CHISEL/DLPp/R4/rdr.tsv
LES4677A2_124576_53x_35y	R4	DLP	9	R4_3	tumour	/srv/home/aste0033/projects/MPNST/scDNA/CHISEL/DLPp/R4/rdr.tsv
LES4677A2_124576_54x_12y	R4	DLP	9	R4_3	tumour	/srv/home/aste0033/projects/MPNST/scDNA/CHISEL/DLPp/R4/rdr.tsv
LES4677A2_124576_54x_25y	R4	DLP	9	R4_3	tumour	/srv/home/aste0033/projects/MPNST/scDNA/CHISEL/DLPp/R4/rdr.tsv
LES4677A2_124576_54x_26y	R4	DLP	9	R4_3	tumour	/srv/home/aste0033/projects/MPNST/scDNA/CHISEL/DLPp/R4/rdr.tsv
LES4677A2_124576_54x_34y	R4	DLP	9	R4_3	tumour	/srv/home/aste0033/projects/MPNST/scDNA/CHISEL/DLPp/R4/rdr.tsv
LES4677A2_124576_56x_26y	R4	DLP	9	R4_3	tumour	/srv/home/aste0033/projects/MPNST/scDNA/CHISEL/DLPp/R4/rdr.tsv
LES4677A2_124576_56x_32y	R4	DLP	9	R4_3	tumour	/srv/home/aste0033/projects/MPNST/scDNA/CHISEL/DLPp/R4/rdr.tsv
LES4677A2_124576_58x_31y	R4	DLP	9	R4_3	tumour	/srv/home/aste0033/projects/MPNST/scDNA/CHISEL/DLPp/R4/rdr.tsv
LES4677A2_124576_58x_32y	R4	DLP	9	R4_3	tumour	/srv/home/aste0033/projects/MPNST/scDNA/CHISEL/DLPp/R4/rdr.tsv
LES4677A2_124576_58x_33y	R4	DLP	9	R4_3	tumour	/srv/home/aste0033/projects/MPNST/scDNA/CHISEL/DLPp/R4/rdr.tsv
LES4677A2_124576_59x_12y	R4	DLP	9	R4_3	tumour	/srv/home/aste0033/projects/MPNST/scDNA/CHISEL/DLPp/R4/rdr.tsv
LES4677A2_124576_59x_25y	R4	DLP	9	R4_3	tumour	/srv/home/aste0033/projects/MPNST/scDNA/CHISEL/DLPp/R4/rdr.tsv
AAACGGGGTTAACCAC-1	R5	10X	10	R5_1	tumour	/mnt/iribhm/homes/aste0033/projects/MPNST/scDNA/CHISEL/10X/FIT208A7/rdr.tsv
AACACGTAGGAGTACC-1	R5	10X	10	R5_1	tumour	/mnt/iribhm/homes/aste0033/projects/MPNST/scDNA/CHISEL/10X/FIT208A7/rdr.tsv
AAGGAGCAGAAGGTGA-1	R5	10X	10	R5_1	tumour	/mnt/iribhm/homes/aste0033/projects/MPNST/scDNA/CHISEL/10X/FIT208A7/rdr.tsv
AATCCAGTCACCAGCG-1	R5	10X	10	R5_1	tumour	/mnt/iribhm/homes/aste0033/projects/MPNST/scDNA/CHISEL/10X/FIT208A7/rdr.tsv
ACGAGGAAGCTCAACT-1	R5	10X	10	R5_1	tumour	/mnt/iribhm/homes/aste0033/projects/MPNST/scDNA/CHISEL/10X/FIT208A7/rdr.tsv
ACGAGGACACTCCGAG-1	R5	10X	10	R5_1	tumour	/mnt/iribhm/homes/aste0033/projects/MPNST/scDNA/CHISEL/10X/FIT208A7/rdr.tsv
ACGATGTAGTCGATAA-1	R5	10X	10	R5_1	tumour	/mnt/iribhm/homes/aste0033/projects/MPNST/scDNA/CHISEL/10X/FIT208A7/rdr.tsv
ACGCAGCGTGCTTCCT-1	R5	10X	10	R5_1	tumour	/mnt/iribhm/homes/aste0033/projects/MPNST/scDNA/CHISEL/10X/FIT208A7/rdr.tsv
ACTGCTCTCGTTCGTC-1	R1	10X	10	R5_1	tumour	/mnt/iribhm/homes/aste0033/projects/MPNST/scDNA/CHISEL/10X/FIT208A3/rdr.tsv
ACTGTCCTCAACTGAC-1	R5	10X	10	R5_1	tumour	/mnt/iribhm/homes/aste0033/projects/MPNST/scDNA/CHISEL/10X/FIT208A7/rdr.tsv
AGCGTATTCAAGTTGC-1	R5	10X	10	R5_1	tumour	/mnt/iribhm/homes/aste0033/projects/MPNST/scDNA/CHISEL/10X/FIT208A7/rdr.tsv
AGTGTCAGTCATACCA-1	R5	10X	10	R5_1	tumour	/mnt/iribhm/homes/aste0033/projects/MPNST/scDNA/CHISEL/10X/FIT208A7/rdr.tsv
AGTTGGTTCGTTACTT-1	R1	10X	10	R5_1	tumour	/mnt/iribhm/homes/aste0033/projects/MPNST/scDNA/CHISEL/10X/FIT208A3/rdr.tsv
ATAGACCAGGACACCA-1	R5	10X	10	R5_1	tumour	/mnt/iribhm/homes/aste0033/projects/MPNST/scDNA/CHISEL/10X/FIT208A7/rdr.tsv
ATCTACTTCCAACCGG-1	R5	10X	10	R5_1	tumour	/mnt/iribhm/homes/aste0033/projects/MPNST/scDNA/CHISEL/10X/FIT208A7/rdr.tsv
ATCTGCCAGAGAGCTC-1	R1	10X	10	R5_1	tumour	/mnt/iribhm/homes/aste0033/projects/MPNST/scDNA/CHISEL/10X/FIT208A3/rdr.tsv
ATGTGTGCAGAGGCTA-1	R5	10X	10	R5_1	tumour	/mnt/iribhm/homes/aste0033/projects/MPNST/scDNA/CHISEL/10X/FIT208A7/rdr.tsv
ATTGGTGAGCCGGTAA-1	R5	10X	10	R5_1	tumour	/mnt/iribhm/homes/aste0033/projects/MPNST/scDNA/CHISEL/10X/FIT208A7/rdr.tsv
CAACCAAGTCAAGCAG-1	R5	10X	10	R5_1	tumour	/mnt/iribhm/homes/aste0033/projects/MPNST/scDNA/CHISEL/10X/FIT208A7/rdr.tsv
CAACCTCGTCTTCGCT-1	R1	10X	10	R5_1	tumour	/mnt/iribhm/homes/aste0033/projects/MPNST/scDNA/CHISEL/10X/FIT208A3/rdr.tsv
CACCAGGTCATCGACA-1	R5	10X	10	R5_1	tumour	/mnt/iribhm/homes/aste0033/projects/MPNST/scDNA/CHISEL/10X/FIT208A7/rdr.tsv
CACCTTGAGCGGCTTC-1	R5	10X	10	R5_1	tumour	/mnt/iribhm/homes/aste0033/projects/MPNST/scDNA/CHISEL/10X/FIT208A7/rdr.tsv
CAGAATCCAAGTGAGC-1	R5	10X	10	R5_1	tumour	/mnt/iribhm/homes/aste0033/projects/MPNST/scDNA/CHISEL/10X/FIT208A7/rdr.tsv
CAGGTGCTCTTGTTAC-1	R1	10X	10	R5_1	tumour	/mnt/iribhm/homes/aste0033/projects/MPNST/scDNA/CHISEL/10X/FIT208A3/rdr.tsv
CATCGGGTCACGAGTT-1	R5	10X	10	R5_1	tumour	/mnt/iribhm/homes/aste0033/projects/MPNST/scDNA/CHISEL/10X/FIT208A7/rdr.tsv
CCTTCCCTCATCTCCG-1	R5	10X	10	R5_1	tumour	/mnt/iribhm/homes/aste0033/projects/MPNST/scDNA/CHISEL/10X/FIT208A7/rdr.tsv
CGAGCCACACGACGCT-1	R5	10X	10	R5_1	tumour	/mnt/iribhm/homes/aste0033/projects/MPNST/scDNA/CHISEL/10X/FIT208A7/rdr.tsv
CGATTGACAATCTCTT-1	R5	10X	10	R5_1	tumour	/mnt/iribhm/homes/aste0033/projects/MPNST/scDNA/CHISEL/10X/FIT208A7/rdr.tsv
CGCGGTAAGCTAGGCA-1	R5	10X	10	R5_1	tumour	/mnt/iribhm/homes/aste0033/projects/MPNST/scDNA/CHISEL/10X/FIT208A7/rdr.tsv
CGCGTTTCAGCTTGAT-1	R5	10X	10	R5_1	tumour	/mnt/iribhm/homes/aste0033/projects/MPNST/scDNA/CHISEL/10X/FIT208A7/rdr.tsv
CGCTTCATCGAGAGGT-1	R5	10X	10	R5_1	tumour	/mnt/iribhm/homes/aste0033/projects/MPNST/scDNA/CHISEL/10X/FIT208A7/rdr.tsv
CGGACGTAGTGACATA-1	R5	10X	10	R5_1	tumour	/mnt/iribhm/homes/aste0033/projects/MPNST/scDNA/CHISEL/10X/FIT208A7/rdr.tsv
CGTGTAATCGGAGAAC-1	R5	10X	10	R5_1	tumour	/mnt/iribhm/homes/aste0033/projects/MPNST/scDNA/CHISEL/10X/FIT208A7/rdr.tsv
CTACCCATCGACAATC-1	R5	10X	10	R5_1	tumour	/mnt/iribhm/homes/aste0033/projects/MPNST/scDNA/CHISEL/10X/FIT208A7/rdr.tsv
CTACGTCGTTGAACTC-1	R5	10X	10	R5_1	tumour	/mnt/iribhm/homes/aste0033/projects/MPNST/scDNA/CHISEL/10X/FIT208A7/rdr.tsv
CTAGAGTTCACGTAGT-1	R5	10X	10	R5_1	tumour	/mnt/iribhm/homes/aste0033/projects/MPNST/scDNA/CHISEL/10X/FIT208A7/rdr.tsv
CTCGAAAAGACTTTCG-1	R5	10X	10	R5_1	tumour	/mnt/iribhm/homes/aste0033/projects/MPNST/scDNA/CHISEL/10X/FIT208A7/rdr.tsv
CTCGAAAGTGATTTGC-1	R5	10X	10	R5_1	tumour	/mnt/iribhm/homes/aste0033/projects/MPNST/scDNA/CHISEL/10X/FIT208A7/rdr.tsv
CTGAAACTCAGATTCG-1	R5	10X	10	R5_1	tumour	/mnt/iribhm/homes/aste0033/projects/MPNST/scDNA/CHISEL/10X/FIT208A7/rdr.tsv
CTGAAGTGTAACCGAG-1	R5	10X	10	R5_1	tumour	/mnt/iribhm/homes/aste0033/projects/MPNST/scDNA/CHISEL/10X/FIT208A7/rdr.tsv
CTGCGGACACCCAAAT-1	R5	10X	10	R5_1	tumour	/mnt/iribhm/homes/aste0033/projects/MPNST/scDNA/CHISEL/10X/FIT208A7/rdr.tsv
CTTAACTAGGATATAC-1	R5	10X	10	R5_1	tumour	/mnt/iribhm/homes/aste0033/projects/MPNST/scDNA/CHISEL/10X/FIT208A7/rdr.tsv
GAAACTCAGTGCGTGA-1	R5	10X	10	R5_1	tumour	/mnt/iribhm/homes/aste0033/projects/MPNST/scDNA/CHISEL/10X/FIT208A7/rdr.tsv
GAACCTACAAGGGATC-1	R5	10X	10	R5_1	tumour	/mnt/iribhm/homes/aste0033/projects/MPNST/scDNA/CHISEL/10X/FIT208A7/rdr.tsv
GAACGGAGTCTTCACC-1	R5	10X	10	R5_1	tumour	/mnt/iribhm/homes/aste0033/projects/MPNST/scDNA/CHISEL/10X/FIT208A7/rdr.tsv
GACTAACAGACACGAC-1	R5	10X	10	R5_1	tumour	/mnt/iribhm/homes/aste0033/projects/MPNST/scDNA/CHISEL/10X/FIT208A7/rdr.tsv
GACTACAGTTGGGCAA-1	R5	10X	10	R5_1	tumour	/mnt/iribhm/homes/aste0033/projects/MPNST/scDNA/CHISEL/10X/FIT208A7/rdr.tsv
GATCAGTAGTACGATA-1	R5	10X	10	R5_1	tumour	/mnt/iribhm/homes/aste0033/projects/MPNST/scDNA/CHISEL/10X/FIT208A7/rdr.tsv
GATCGTACAGCTTGAT-1	R5	10X	10	R5_1	tumour	/mnt/iribhm/homes/aste0033/projects/MPNST/scDNA/CHISEL/10X/FIT208A7/rdr.tsv
GATCTAGCACCACATA-1	R5	10X	10	R5_1	tumour	/mnt/iribhm/homes/aste0033/projects/MPNST/scDNA/CHISEL/10X/FIT208A7/rdr.tsv
GATGAGGTCTGTTGTT-1	R5	10X	10	R5_1	tumour	/mnt/iribhm/homes/aste0033/projects/MPNST/scDNA/CHISEL/10X/FIT208A7/rdr.tsv
GCATACAGTCTCTTTA-1	R5	10X	10	R5_1	tumour	/mnt/iribhm/homes/aste0033/projects/MPNST/scDNA/CHISEL/10X/FIT208A7/rdr.tsv
GCATGCGCATTTCGTT-1	R5	10X	10	R5_1	tumour	/mnt/iribhm/homes/aste0033/projects/MPNST/scDNA/CHISEL/10X/FIT208A7/rdr.tsv
GCGCAACCAGCGTACC-1	R5	10X	10	R5_1	tumour	/mnt/iribhm/homes/aste0033/projects/MPNST/scDNA/CHISEL/10X/FIT208A7/rdr.tsv
GGACAAGCAGACACAG-1	R5	10X	10	R5_1	tumour	/mnt/iribhm/homes/aste0033/projects/MPNST/scDNA/CHISEL/10X/FIT208A7/rdr.tsv
GGCAATTAGACACGAC-1	R1	10X	10	R5_1	tumour	/mnt/iribhm/homes/aste0033/projects/MPNST/scDNA/CHISEL/10X/FIT208A3/rdr.tsv
GGCGTGTCACGTAGGA-1	R5	10X	10	R5_1	tumour	/mnt/iribhm/homes/aste0033/projects/MPNST/scDNA/CHISEL/10X/FIT208A7/rdr.tsv
GGCTGGTTCATAGGAA-1	R5	10X	10	R5_1	tumour	/mnt/iribhm/homes/aste0033/projects/MPNST/scDNA/CHISEL/10X/FIT208A7/rdr.tsv
GTACGTAAGTACGCCC-1	R5	10X	10	R5_1	tumour	/mnt/iribhm/homes/aste0033/projects/MPNST/scDNA/CHISEL/10X/FIT208A7/rdr.tsv
GTCAAGTGTTAGAATG-1	R5	10X	10	R5_1	tumour	/mnt/iribhm/homes/aste0033/projects/MPNST/scDNA/CHISEL/10X/FIT208A7/rdr.tsv
GTCACGGAGGACAGTC-1	R1	10X	10	R5_1	tumour	/mnt/iribhm/homes/aste0033/projects/MPNST/scDNA/CHISEL/10X/FIT208A3/rdr.tsv
GTCCTCAGTGGCAAAC-1	R5	10X	10	R5_1	tumour	/mnt/iribhm/homes/aste0033/projects/MPNST/scDNA/CHISEL/10X/FIT208A7/rdr.tsv
GTCCTCATCTGGGCTG-1	R5	10X	10	R5_1	tumour	/mnt/iribhm/homes/aste0033/projects/MPNST/scDNA/CHISEL/10X/FIT208A7/rdr.tsv
GTTAAGCAGGTAACGC-1	R5	10X	10	R5_1	tumour	/mnt/iribhm/homes/aste0033/projects/MPNST/scDNA/CHISEL/10X/FIT208A7/rdr.tsv
GTTCATTAGCTAACAA-1	R5	10X	10	R5_1	tumour	/mnt/iribhm/homes/aste0033/projects/MPNST/scDNA/CHISEL/10X/FIT208A7/rdr.tsv
TAAGAGATCAACTGCA-1	R1	10X	10	R5_1	tumour	/mnt/iribhm/homes/aste0033/projects/MPNST/scDNA/CHISEL/10X/FIT208A3/rdr.tsv
TACCTATTCGTGTACA-1	R5	10X	10	R5_1	tumour	/mnt/iribhm/homes/aste0033/projects/MPNST/scDNA/CHISEL/10X/FIT208A7/rdr.tsv
TACTTGTTCTTGTTAC-1	R5	10X	10	R5_1	tumour	/mnt/iribhm/homes/aste0033/projects/MPNST/scDNA/CHISEL/10X/FIT208A7/rdr.tsv
TAGTGGTAGGACCAGT-1	R5	10X	10	R5_1	tumour	/mnt/iribhm/homes/aste0033/projects/MPNST/scDNA/CHISEL/10X/FIT208A7/rdr.tsv
TAGTGGTGTACTACAC-1	R1	10X	10	R5_1	tumour	/mnt/iribhm/homes/aste0033/projects/MPNST/scDNA/CHISEL/10X/FIT208A3/rdr.tsv
TATCAGGCAACGCGTC-1	R5	10X	10	R5_1	tumour	/mnt/iribhm/homes/aste0033/projects/MPNST/scDNA/CHISEL/10X/FIT208A7/rdr.tsv
TATCAGGGTCCTACCT-1	R5	10X	10	R5_1	tumour	/mnt/iribhm/homes/aste0033/projects/MPNST/scDNA/CHISEL/10X/FIT208A7/rdr.tsv
TCACGAAGTGTGATCT-1	R5	10X	10	R5_1	tumour	/mnt/iribhm/homes/aste0033/projects/MPNST/scDNA/CHISEL/10X/FIT208A7/rdr.tsv
TCATTACGTCAAAGCG-1	R5	10X	10	R5_1	tumour	/mnt/iribhm/homes/aste0033/projects/MPNST/scDNA/CHISEL/10X/FIT208A7/rdr.tsv
TCGGGACAGACACGAC-1	R1	10X	10	R5_1	tumour	/mnt/iribhm/homes/aste0033/projects/MPNST/scDNA/CHISEL/10X/FIT208A3/rdr.tsv
TCTCTAAAGACAGACC-1	R1	10X	10	R5_1	tumour	/mnt/iribhm/homes/aste0033/projects/MPNST/scDNA/CHISEL/10X/FIT208A3/rdr.tsv
TGACAACTCGTAGGGA-1	R5	10X	10	R5_1	tumour	/mnt/iribhm/homes/aste0033/projects/MPNST/scDNA/CHISEL/10X/FIT208A7/rdr.tsv
TGCCCATGTGTCTGTA-1	R5	10X	10	R5_1	tumour	/mnt/iribhm/homes/aste0033/projects/MPNST/scDNA/CHISEL/10X/FIT208A7/rdr.tsv
TGCTACCCATCGCATA-1	R5	10X	10	R5_1	tumour	/mnt/iribhm/homes/aste0033/projects/MPNST/scDNA/CHISEL/10X/FIT208A7/rdr.tsv
TGCTGCTCAACATGGG-1	R5	10X	10	R5_1	tumour	/mnt/iribhm/homes/aste0033/projects/MPNST/scDNA/CHISEL/10X/FIT208A7/rdr.tsv
TGGACGCTCTTAAGGC-1	R5	10X	10	R5_1	tumour	/mnt/iribhm/homes/aste0033/projects/MPNST/scDNA/CHISEL/10X/FIT208A7/rdr.tsv
TGTCCCACACGTCGGT-1	R5	10X	10	R5_1	tumour	/mnt/iribhm/homes/aste0033/projects/MPNST/scDNA/CHISEL/10X/FIT208A7/rdr.tsv
TTGTAGGTCGGATCCG-1	R5	10X	10	R5_1	tumour	/mnt/iribhm/homes/aste0033/projects/MPNST/scDNA/CHISEL/10X/FIT208A7/rdr.tsv
LES4677A1_124574_15x_25y	R1	DLP	10	R5_1	tumour	/srv/home/aste0033/projects/MPNST/scDNA/CHISEL/DLPp/R1/rdr.tsv
LES4677A1_124574_54x_27y	R1	DLP	10	R5_1	tumour	/srv/home/aste0033/projects/MPNST/scDNA/CHISEL/DLPp/R1/rdr.tsv
LES4677A4_124668_17x_44y	R5	DLP	10	R5_1	tumour	/srv/home/aste0033/projects/MPNST/scDNA/CHISEL/DLPp/R5/rdr.tsv
LES4677A4_124668_17x_46y	R5	DLP	10	R5_1	tumour	/srv/home/aste0033/projects/MPNST/scDNA/CHISEL/DLPp/R5/rdr.tsv
LES4677A4_124668_21x_61y	R5	DLP	10	R5_1	tumour	/srv/home/aste0033/projects/MPNST/scDNA/CHISEL/DLPp/R5/rdr.tsv
LES4677A4_124668_23x_48y	R5	DLP	10	R5_1	tumour	/srv/home/aste0033/projects/MPNST/scDNA/CHISEL/DLPp/R5/rdr.tsv
LES4677A4_124668_28x_49y	R5	DLP	10	R5_1	tumour	/srv/home/aste0033/projects/MPNST/scDNA/CHISEL/DLPp/R5/rdr.tsv
LES4677A4_124668_30x_38y	R5	DLP	10	R5_1	tumour	/srv/home/aste0033/projects/MPNST/scDNA/CHISEL/DLPp/R5/rdr.tsv
LES4677A4_124668_30x_42y	R5	DLP	10	R5_1	tumour	/srv/home/aste0033/projects/MPNST/scDNA/CHISEL/DLPp/R5/rdr.tsv
LES4677A4_124668_30x_45y	R5	DLP	10	R5_1	tumour	/srv/home/aste0033/projects/MPNST/scDNA/CHISEL/DLPp/R5/rdr.tsv
LES4677A4_124668_30x_61y	R5	DLP	10	R5_1	tumour	/srv/home/aste0033/projects/MPNST/scDNA/CHISEL/DLPp/R5/rdr.tsv
LES4677A4_124668_32x_41y	R5	DLP	10	R5_1	tumour	/srv/home/aste0033/projects/MPNST/scDNA/CHISEL/DLPp/R5/rdr.tsv
LES4677A4_124668_33x_42y	R5	DLP	10	R5_1	tumour	/srv/home/aste0033/projects/MPNST/scDNA/CHISEL/DLPp/R5/rdr.tsv
LES4677A4_124668_33x_53y	R5	DLP	10	R5_1	tumour	/srv/home/aste0033/projects/MPNST/scDNA/CHISEL/DLPp/R5/rdr.tsv
LES4677A4_124668_34x_43y	R5	DLP	10	R5_1	tumour	/srv/home/aste0033/projects/MPNST/scDNA/CHISEL/DLPp/R5/rdr.tsv
LES4677A4_124668_36x_42y	R5	DLP	10	R5_1	tumour	/srv/home/aste0033/projects/MPNST/scDNA/CHISEL/DLPp/R5/rdr.tsv
LES4677A4_124668_37x_38y	R5	DLP	10	R5_1	tumour	/srv/home/aste0033/projects/MPNST/scDNA/CHISEL/DLPp/R5/rdr.tsv
LES4677A4_124668_38x_45y	R5	DLP	10	R5_1	tumour	/srv/home/aste0033/projects/MPNST/scDNA/CHISEL/DLPp/R5/rdr.tsv
LES4677A4_124668_38x_48y	R5	DLP	10	R5_1	tumour	/srv/home/aste0033/projects/MPNST/scDNA/CHISEL/DLPp/R5/rdr.tsv
LES4677A4_124668_39x_38y	R5	DLP	10	R5_1	tumour	/srv/home/aste0033/projects/MPNST/scDNA/CHISEL/DLPp/R5/rdr.tsv
LES4677A4_124668_39x_53y	R5	DLP	10	R5_1	tumour	/srv/home/aste0033/projects/MPNST/scDNA/CHISEL/DLPp/R5/rdr.tsv
LES4677A4_124668_40x_61y	R5	DLP	10	R5_1	tumour	/srv/home/aste0033/projects/MPNST/scDNA/CHISEL/DLPp/R5/rdr.tsv
LES4677A4_124668_42x_59y	R5	DLP	10	R5_1	tumour	/srv/home/aste0033/projects/MPNST/scDNA/CHISEL/DLPp/R5/rdr.tsv
LES4677A4_124668_44x_54y	R5	DLP	10	R5_1	tumour	/srv/home/aste0033/projects/MPNST/scDNA/CHISEL/DLPp/R5/rdr.tsv
LES4677A4_124668_46x_45y	R5	DLP	10	R5_1	tumour	/srv/home/aste0033/projects/MPNST/scDNA/CHISEL/DLPp/R5/rdr.tsv
LES4677A4_124668_48x_53y	R5	DLP	10	R5_1	tumour	/srv/home/aste0033/projects/MPNST/scDNA/CHISEL/DLPp/R5/rdr.tsv
LES4677A4_124668_51x_42y	R5	DLP	10	R5_1	tumour	/srv/home/aste0033/projects/MPNST/scDNA/CHISEL/DLPp/R5/rdr.tsv
LES4677A4_124668_53x_43y	R5	DLP	10	R5_1	tumour	/srv/home/aste0033/projects/MPNST/scDNA/CHISEL/DLPp/R5/rdr.tsv
LES4677A4_124668_54x_60y	R5	DLP	10	R5_1	tumour	/srv/home/aste0033/projects/MPNST/scDNA/CHISEL/DLPp/R5/rdr.tsv
AAAGATGAGGTGTAGC-1	R5	10X	11	R5_2	tumour	/mnt/iribhm/homes/aste0033/projects/MPNST/scDNA/CHISEL/10X/FIT208A7/rdr.tsv
AAAGCAAAGCCTAACT-1	R5	10X	11	R5_2	tumour	/mnt/iribhm/homes/aste0033/projects/MPNST/scDNA/CHISEL/10X/FIT208A7/rdr.tsv
AACCATGGTGTCGCTG-1	R5	10X	11	R5_2	tumour	/mnt/iribhm/homes/aste0033/projects/MPNST/scDNA/CHISEL/10X/FIT208A7/rdr.tsv
AACCGCGAGCTCCTTC-1	R5	10X	11	R5_2	tumour	/mnt/iribhm/homes/aste0033/projects/MPNST/scDNA/CHISEL/10X/FIT208A7/rdr.tsv
AACGTTGAGAGATGAG-1	R5	10X	11	R5_2	tumour	/mnt/iribhm/homes/aste0033/projects/MPNST/scDNA/CHISEL/10X/FIT208A7/rdr.tsv
AACGTTGCAAACCCTA-1	R5	10X	11	R5_2	tumour	/mnt/iribhm/homes/aste0033/projects/MPNST/scDNA/CHISEL/10X/FIT208A7/rdr.tsv
AACTCCCAGACGCTTT-1	R5	10X	11	R5_2	tumour	/mnt/iribhm/homes/aste0033/projects/MPNST/scDNA/CHISEL/10X/FIT208A7/rdr.tsv
AACTCTTGTTAACCAC-1	R5	10X	11	R5_2	tumour	/mnt/iribhm/homes/aste0033/projects/MPNST/scDNA/CHISEL/10X/FIT208A7/rdr.tsv
AACTGGTAGTCGATAA-1	R5	10X	11	R5_2	tumour	/mnt/iribhm/homes/aste0033/projects/MPNST/scDNA/CHISEL/10X/FIT208A7/rdr.tsv
AACTGGTCAGAGATCG-1	R5	10X	11	R5_2	tumour	/mnt/iribhm/homes/aste0033/projects/MPNST/scDNA/CHISEL/10X/FIT208A7/rdr.tsv
AACTGGTGTTCGAGCC-1	R5	10X	11	R5_2	tumour	/mnt/iribhm/homes/aste0033/projects/MPNST/scDNA/CHISEL/10X/FIT208A7/rdr.tsv
AAGACCTGTCAGCCGT-1	R5	10X	11	R5_2	tumour	/mnt/iribhm/homes/aste0033/projects/MPNST/scDNA/CHISEL/10X/FIT208A7/rdr.tsv
AAGACCTTCGAGTACT-1	R5	10X	11	R5_2	tumour	/mnt/iribhm/homes/aste0033/projects/MPNST/scDNA/CHISEL/10X/FIT208A7/rdr.tsv
AAGGAGCCACCACATA-1	R5	10X	11	R5_2	tumour	/mnt/iribhm/homes/aste0033/projects/MPNST/scDNA/CHISEL/10X/FIT208A7/rdr.tsv
AAGGCAGCACTCTGGG-1	R5	10X	11	R5_2	tumour	/mnt/iribhm/homes/aste0033/projects/MPNST/scDNA/CHISEL/10X/FIT208A7/rdr.tsv
AAGGCAGTCCAGGCAC-1	R5	10X	11	R5_2	tumour	/mnt/iribhm/homes/aste0033/projects/MPNST/scDNA/CHISEL/10X/FIT208A7/rdr.tsv
AAGGCAGTCTGGCCTT-1	R5	10X	11	R5_2	tumour	/mnt/iribhm/homes/aste0033/projects/MPNST/scDNA/CHISEL/10X/FIT208A7/rdr.tsv
AAGGTTCGTCGCTGTG-1	R5	10X	11	R5_2	tumour	/mnt/iribhm/homes/aste0033/projects/MPNST/scDNA/CHISEL/10X/FIT208A7/rdr.tsv
AAGTCTGGTCAAACTC-1	R5	10X	11	R5_2	tumour	/mnt/iribhm/homes/aste0033/projects/MPNST/scDNA/CHISEL/10X/FIT208A7/rdr.tsv
AAGTCTGGTCATGGCC-1	R5	10X	11	R5_2	tumour	/mnt/iribhm/homes/aste0033/projects/MPNST/scDNA/CHISEL/10X/FIT208A7/rdr.tsv
AAGTCTGTCGGATCCG-1	R5	10X	11	R5_2	tumour	/mnt/iribhm/homes/aste0033/projects/MPNST/scDNA/CHISEL/10X/FIT208A7/rdr.tsv
AATCCAGAGCTGCGAA-1	R5	10X	11	R5_2	tumour	/mnt/iribhm/homes/aste0033/projects/MPNST/scDNA/CHISEL/10X/FIT208A7/rdr.tsv
AATCCAGTCCACCGGA-1	R5	10X	11	R5_2	tumour	/mnt/iribhm/homes/aste0033/projects/MPNST/scDNA/CHISEL/10X/FIT208A7/rdr.tsv
AATCGGTTCTACACCC-1	R5	10X	11	R5_2	tumour	/mnt/iribhm/homes/aste0033/projects/MPNST/scDNA/CHISEL/10X/FIT208A7/rdr.tsv
ACACCAACAGAGACGT-1	R5	10X	11	R5_2	tumour	/mnt/iribhm/homes/aste0033/projects/MPNST/scDNA/CHISEL/10X/FIT208A7/rdr.tsv
ACACCAACATACTGCA-1	R5	10X	11	R5_2	tumour	/mnt/iribhm/homes/aste0033/projects/MPNST/scDNA/CHISEL/10X/FIT208A7/rdr.tsv
ACACCAAGTAGTTGGG-1	R5	10X	11	R5_2	tumour	/mnt/iribhm/homes/aste0033/projects/MPNST/scDNA/CHISEL/10X/FIT208A7/rdr.tsv
ACACCAAGTTGAACAA-1	R5	10X	11	R5_2	tumour	/mnt/iribhm/homes/aste0033/projects/MPNST/scDNA/CHISEL/10X/FIT208A7/rdr.tsv
ACACCGGGTCAACTGT-1	R5	10X	11	R5_2	tumour	/mnt/iribhm/homes/aste0033/projects/MPNST/scDNA/CHISEL/10X/FIT208A7/rdr.tsv
ACATACGCATAGGGCA-1	R1	10X	11	R5_2	tumour	/mnt/iribhm/homes/aste0033/projects/MPNST/scDNA/CHISEL/10X/FIT208A3/rdr.tsv
ACATACGTCGGTCACG-1	R5	10X	11	R5_2	tumour	/mnt/iribhm/homes/aste0033/projects/MPNST/scDNA/CHISEL/10X/FIT208A7/rdr.tsv
ACCGTAAAGTGGAGAA-1	R5	10X	11	R5_2	tumour	/mnt/iribhm/homes/aste0033/projects/MPNST/scDNA/CHISEL/10X/FIT208A7/rdr.tsv
ACCGTAACATCCACGG-1	R5	10X	11	R5_2	tumour	/mnt/iribhm/homes/aste0033/projects/MPNST/scDNA/CHISEL/10X/FIT208A7/rdr.tsv
ACGAGGAGTCGCTGTG-1	R5	10X	11	R5_2	tumour	/mnt/iribhm/homes/aste0033/projects/MPNST/scDNA/CHISEL/10X/FIT208A7/rdr.tsv
ACGATGTTCTCGTGGG-1	R5	10X	11	R5_2	tumour	/mnt/iribhm/homes/aste0033/projects/MPNST/scDNA/CHISEL/10X/FIT208A7/rdr.tsv
ACGCCAGCACATTGGT-1	R5	10X	11	R5_2	tumour	/mnt/iribhm/homes/aste0033/projects/MPNST/scDNA/CHISEL/10X/FIT208A7/rdr.tsv
ACGCCAGTCCGACGTG-1	R5	10X	11	R5_2	tumour	/mnt/iribhm/homes/aste0033/projects/MPNST/scDNA/CHISEL/10X/FIT208A7/rdr.tsv
ACGGAGATCTGTATTC-1	R5	10X	11	R5_2	tumour	/mnt/iribhm/homes/aste0033/projects/MPNST/scDNA/CHISEL/10X/FIT208A7/rdr.tsv
ACGGCCAAGAAACGCC-1	R5	10X	11	R5_2	tumour	/mnt/iribhm/homes/aste0033/projects/MPNST/scDNA/CHISEL/10X/FIT208A7/rdr.tsv
ACGGGTCAGGGTAGGG-1	R5	10X	11	R5_2	tumour	/mnt/iribhm/homes/aste0033/projects/MPNST/scDNA/CHISEL/10X/FIT208A7/rdr.tsv
ACGGGTCGTACCACTA-1	R5	10X	11	R5_2	tumour	/mnt/iribhm/homes/aste0033/projects/MPNST/scDNA/CHISEL/10X/FIT208A7/rdr.tsv
ACGTCAAAGCTAGTGG-1	R5	10X	11	R5_2	tumour	/mnt/iribhm/homes/aste0033/projects/MPNST/scDNA/CHISEL/10X/FIT208A7/rdr.tsv
ACTATCTTCACTGTTT-1	R5	10X	11	R5_2	tumour	/mnt/iribhm/homes/aste0033/projects/MPNST/scDNA/CHISEL/10X/FIT208A7/rdr.tsv
ACTGAGTGTGGTAAGC-1	R5	10X	11	R5_2	tumour	/mnt/iribhm/homes/aste0033/projects/MPNST/scDNA/CHISEL/10X/FIT208A7/rdr.tsv
ACTGCTCAGTCTAGCT-1	R5	10X	11	R5_2	tumour	/mnt/iribhm/homes/aste0033/projects/MPNST/scDNA/CHISEL/10X/FIT208A7/rdr.tsv
ACTGCTCCAAGGTGAC-1	R5	10X	11	R5_2	tumour	/mnt/iribhm/homes/aste0033/projects/MPNST/scDNA/CHISEL/10X/FIT208A7/rdr.tsv
ACTGTCCGTGTCTAAC-1	R5	10X	11	R5_2	tumour	/mnt/iribhm/homes/aste0033/projects/MPNST/scDNA/CHISEL/10X/FIT208A7/rdr.tsv
ACTTACTGTACCAGTT-1	R5	10X	11	R5_2	tumour	/mnt/iribhm/homes/aste0033/projects/MPNST/scDNA/CHISEL/10X/FIT208A7/rdr.tsv
ACTTACTGTGGATAAT-1	R5	10X	11	R5_2	tumour	/mnt/iribhm/homes/aste0033/projects/MPNST/scDNA/CHISEL/10X/FIT208A7/rdr.tsv
ACTTACTTCTGGTAGT-1	R5	10X	11	R5_2	tumour	/mnt/iribhm/homes/aste0033/projects/MPNST/scDNA/CHISEL/10X/FIT208A7/rdr.tsv
AGACGTTCAAATACGA-1	R5	10X	11	R5_2	tumour	/mnt/iribhm/homes/aste0033/projects/MPNST/scDNA/CHISEL/10X/FIT208A7/rdr.tsv
AGACGTTCAAATGATG-1	R5	10X	11	R5_2	tumour	/mnt/iribhm/homes/aste0033/projects/MPNST/scDNA/CHISEL/10X/FIT208A7/rdr.tsv
AGAGCGATCCAGGCAC-1	R5	10X	11	R5_2	tumour	/mnt/iribhm/homes/aste0033/projects/MPNST/scDNA/CHISEL/10X/FIT208A7/rdr.tsv
AGAGTGGAGACTTCCA-1	R5	10X	11	R5_2	tumour	/mnt/iribhm/homes/aste0033/projects/MPNST/scDNA/CHISEL/10X/FIT208A7/rdr.tsv
AGATCTGAGGGTTTCT-1	R5	10X	11	R5_2	tumour	/mnt/iribhm/homes/aste0033/projects/MPNST/scDNA/CHISEL/10X/FIT208A7/rdr.tsv
AGATTGCAGCCCAACC-1	R5	10X	11	R5_2	tumour	/mnt/iribhm/homes/aste0033/projects/MPNST/scDNA/CHISEL/10X/FIT208A7/rdr.tsv
AGCAGCCTCTCCAGCT-1	R1	10X	11	R5_2	tumour	/mnt/iribhm/homes/aste0033/projects/MPNST/scDNA/CHISEL/10X/FIT208A3/rdr.tsv
AGCATACCATAGCACT-1	R5	10X	11	R5_2	tumour	/mnt/iribhm/homes/aste0033/projects/MPNST/scDNA/CHISEL/10X/FIT208A7/rdr.tsv
AGCTTGAAGTGGGATC-1	R5	10X	11	R5_2	tumour	/mnt/iribhm/homes/aste0033/projects/MPNST/scDNA/CHISEL/10X/FIT208A7/rdr.tsv
AGGCCGTTCACACGTA-1	R5	10X	11	R5_2	tumour	/mnt/iribhm/homes/aste0033/projects/MPNST/scDNA/CHISEL/10X/FIT208A7/rdr.tsv
AGGGAGTAGTCGTGTT-1	R5	10X	11	R5_2	tumour	/mnt/iribhm/homes/aste0033/projects/MPNST/scDNA/CHISEL/10X/FIT208A7/rdr.tsv
AGGGATGAGCCTATGT-1	R5	10X	11	R5_2	tumour	/mnt/iribhm/homes/aste0033/projects/MPNST/scDNA/CHISEL/10X/FIT208A7/rdr.tsv
AGGGATGGTAGATGCG-1	R5	10X	11	R5_2	tumour	/mnt/iribhm/homes/aste0033/projects/MPNST/scDNA/CHISEL/10X/FIT208A7/rdr.tsv
AGGGTGAGTCCGAATT-1	R5	10X	11	R5_2	tumour	/mnt/iribhm/homes/aste0033/projects/MPNST/scDNA/CHISEL/10X/FIT208A7/rdr.tsv
AGTGAGGGTAGGCTGA-1	R5	10X	11	R5_2	tumour	/mnt/iribhm/homes/aste0033/projects/MPNST/scDNA/CHISEL/10X/FIT208A7/rdr.tsv
AGTGAGGTCGTATCCC-1	R5	10X	11	R5_2	tumour	/mnt/iribhm/homes/aste0033/projects/MPNST/scDNA/CHISEL/10X/FIT208A7/rdr.tsv
AGTGTCATCAACGATC-1	R5	10X	11	R5_2	tumour	/mnt/iribhm/homes/aste0033/projects/MPNST/scDNA/CHISEL/10X/FIT208A7/rdr.tsv
ATAACGCAGGGTTCGA-1	R5	10X	11	R5_2	tumour	/mnt/iribhm/homes/aste0033/projects/MPNST/scDNA/CHISEL/10X/FIT208A7/rdr.tsv
ATAAGAGGTGTCTAAC-1	R5	10X	11	R5_2	tumour	/mnt/iribhm/homes/aste0033/projects/MPNST/scDNA/CHISEL/10X/FIT208A7/rdr.tsv
ATCACGAGTGAAGCCA-1	R5	10X	11	R5_2	tumour	/mnt/iribhm/homes/aste0033/projects/MPNST/scDNA/CHISEL/10X/FIT208A7/rdr.tsv
ATCACGATCATTGCTT-1	R5	10X	11	R5_2	tumour	/mnt/iribhm/homes/aste0033/projects/MPNST/scDNA/CHISEL/10X/FIT208A7/rdr.tsv
ATGGGAGAGAAGGGTA-1	R5	10X	11	R5_2	tumour	/mnt/iribhm/homes/aste0033/projects/MPNST/scDNA/CHISEL/10X/FIT208A7/rdr.tsv
ATGGGAGGTTCGATTG-1	R5	10X	11	R5_2	tumour	/mnt/iribhm/homes/aste0033/projects/MPNST/scDNA/CHISEL/10X/FIT208A7/rdr.tsv
ATGTGTGCACCCGTGA-1	R5	10X	11	R5_2	tumour	/mnt/iribhm/homes/aste0033/projects/MPNST/scDNA/CHISEL/10X/FIT208A7/rdr.tsv
ATTATCCCAAGTCGGA-1	R5	10X	11	R5_2	tumour	/mnt/iribhm/homes/aste0033/projects/MPNST/scDNA/CHISEL/10X/FIT208A7/rdr.tsv
ATTCTACAGCGTCGAA-1	R5	10X	11	R5_2	tumour	/mnt/iribhm/homes/aste0033/projects/MPNST/scDNA/CHISEL/10X/FIT208A7/rdr.tsv
ATTCTACTCAGTACAC-1	R5	10X	11	R5_2	tumour	/mnt/iribhm/homes/aste0033/projects/MPNST/scDNA/CHISEL/10X/FIT208A7/rdr.tsv
ATTGGTGCACTAGGCC-1	R5	10X	11	R5_2	tumour	/mnt/iribhm/homes/aste0033/projects/MPNST/scDNA/CHISEL/10X/FIT208A7/rdr.tsv
ATTGGTGTCATCACTT-1	R5	10X	11	R5_2	tumour	/mnt/iribhm/homes/aste0033/projects/MPNST/scDNA/CHISEL/10X/FIT208A7/rdr.tsv
CAACCAAAGGCTGCTC-1	R5	10X	11	R5_2	tumour	/mnt/iribhm/homes/aste0033/projects/MPNST/scDNA/CHISEL/10X/FIT208A7/rdr.tsv
CAACCAAGTTCGTCAA-1	R5	10X	11	R5_2	tumour	/mnt/iribhm/homes/aste0033/projects/MPNST/scDNA/CHISEL/10X/FIT208A7/rdr.tsv
CAACCTCGTGCACTTA-1	R5	10X	11	R5_2	tumour	/mnt/iribhm/homes/aste0033/projects/MPNST/scDNA/CHISEL/10X/FIT208A7/rdr.tsv
CAACCTCTCGAGTATC-1	R5	10X	11	R5_2	tumour	/mnt/iribhm/homes/aste0033/projects/MPNST/scDNA/CHISEL/10X/FIT208A7/rdr.tsv
CAAGAAATCCGTAATG-1	R5	10X	11	R5_2	tumour	/mnt/iribhm/homes/aste0033/projects/MPNST/scDNA/CHISEL/10X/FIT208A7/rdr.tsv
CAAGATCAGGCATTTC-1	R5	10X	11	R5_2	tumour	/mnt/iribhm/homes/aste0033/projects/MPNST/scDNA/CHISEL/10X/FIT208A7/rdr.tsv
CAAGGCCCAGTCCGCA-1	R5	10X	11	R5_2	tumour	/mnt/iribhm/homes/aste0033/projects/MPNST/scDNA/CHISEL/10X/FIT208A7/rdr.tsv
CACAAACAGTGGGATC-1	R5	10X	11	R5_2	tumour	/mnt/iribhm/homes/aste0033/projects/MPNST/scDNA/CHISEL/10X/FIT208A7/rdr.tsv
CACACAAAGTGGAGAA-1	R5	10X	11	R5_2	tumour	/mnt/iribhm/homes/aste0033/projects/MPNST/scDNA/CHISEL/10X/FIT208A7/rdr.tsv
CACACAACAAACCCTA-1	R5	10X	11	R5_2	tumour	/mnt/iribhm/homes/aste0033/projects/MPNST/scDNA/CHISEL/10X/FIT208A7/rdr.tsv
CACACCTGTGGCGTCT-1	R5	10X	11	R5_2	tumour	/mnt/iribhm/homes/aste0033/projects/MPNST/scDNA/CHISEL/10X/FIT208A7/rdr.tsv
CACAGTAGTCAAGTTC-1	R5	10X	11	R5_2	tumour	/mnt/iribhm/homes/aste0033/projects/MPNST/scDNA/CHISEL/10X/FIT208A7/rdr.tsv
CACATAGTCACGTAGT-1	R5	10X	11	R5_2	tumour	/mnt/iribhm/homes/aste0033/projects/MPNST/scDNA/CHISEL/10X/FIT208A7/rdr.tsv
CACATTTCAAACTCAC-1	R5	10X	11	R5_2	tumour	/mnt/iribhm/homes/aste0033/projects/MPNST/scDNA/CHISEL/10X/FIT208A7/rdr.tsv
CACCACTCACTAACTG-1	R5	10X	11	R5_2	tumour	/mnt/iribhm/homes/aste0033/projects/MPNST/scDNA/CHISEL/10X/FIT208A7/rdr.tsv
CACCACTTCTATGGTG-1	R5	10X	11	R5_2	tumour	/mnt/iribhm/homes/aste0033/projects/MPNST/scDNA/CHISEL/10X/FIT208A7/rdr.tsv
CACCACTTCTTGTCCG-1	R5	10X	11	R5_2	tumour	/mnt/iribhm/homes/aste0033/projects/MPNST/scDNA/CHISEL/10X/FIT208A7/rdr.tsv
CAGAATCCAACGGCTC-1	R5	10X	11	R5_2	tumour	/mnt/iribhm/homes/aste0033/projects/MPNST/scDNA/CHISEL/10X/FIT208A7/rdr.tsv
CAGAATCTCCACTTCG-1	R5	10X	11	R5_2	tumour	/mnt/iribhm/homes/aste0033/projects/MPNST/scDNA/CHISEL/10X/FIT208A7/rdr.tsv
CAGAGAGAGAATTCCC-1	R1	10X	11	R5_2	tumour	/mnt/iribhm/homes/aste0033/projects/MPNST/scDNA/CHISEL/10X/FIT208A3/rdr.tsv
CAGCAGCAGGAGCGAG-1	R5	10X	11	R5_2	tumour	/mnt/iribhm/homes/aste0033/projects/MPNST/scDNA/CHISEL/10X/FIT208A7/rdr.tsv
CAGCCGAAGCTGGTCC-1	R5	10X	11	R5_2	tumour	/mnt/iribhm/homes/aste0033/projects/MPNST/scDNA/CHISEL/10X/FIT208A7/rdr.tsv
CAGCCGACACAACTTG-1	R5	10X	11	R5_2	tumour	/mnt/iribhm/homes/aste0033/projects/MPNST/scDNA/CHISEL/10X/FIT208A7/rdr.tsv
CAGCGACAGGCACATG-1	R5	10X	11	R5_2	tumour	/mnt/iribhm/homes/aste0033/projects/MPNST/scDNA/CHISEL/10X/FIT208A7/rdr.tsv
CAGCTAACAATGGTAA-1	R5	10X	11	R5_2	tumour	/mnt/iribhm/homes/aste0033/projects/MPNST/scDNA/CHISEL/10X/FIT208A7/rdr.tsv
CAGCTGGGTCAACCTA-1	R5	10X	11	R5_2	tumour	/mnt/iribhm/homes/aste0033/projects/MPNST/scDNA/CHISEL/10X/FIT208A7/rdr.tsv
CAGCTGGTCCGTCTAC-1	R5	10X	11	R5_2	tumour	/mnt/iribhm/homes/aste0033/projects/MPNST/scDNA/CHISEL/10X/FIT208A7/rdr.tsv
CAGTCCTTCCAAGGGA-1	R5	10X	11	R5_2	tumour	/mnt/iribhm/homes/aste0033/projects/MPNST/scDNA/CHISEL/10X/FIT208A7/rdr.tsv
CATATGGGTACTGCTA-1	R5	10X	11	R5_2	tumour	/mnt/iribhm/homes/aste0033/projects/MPNST/scDNA/CHISEL/10X/FIT208A7/rdr.tsv
CATCAAGTCCGTGCTT-1	R5	10X	11	R5_2	tumour	/mnt/iribhm/homes/aste0033/projects/MPNST/scDNA/CHISEL/10X/FIT208A7/rdr.tsv
CATCAAGTCGATAGGG-1	R5	10X	11	R5_2	tumour	/mnt/iribhm/homes/aste0033/projects/MPNST/scDNA/CHISEL/10X/FIT208A7/rdr.tsv
CATCGAAAGAGATGAG-1	R5	10X	11	R5_2	tumour	/mnt/iribhm/homes/aste0033/projects/MPNST/scDNA/CHISEL/10X/FIT208A7/rdr.tsv
CATCGAAAGTTCGATC-1	R5	10X	11	R5_2	tumour	/mnt/iribhm/homes/aste0033/projects/MPNST/scDNA/CHISEL/10X/FIT208A7/rdr.tsv
CATCGAAGTGGTCAGA-1	R5	10X	11	R5_2	tumour	/mnt/iribhm/homes/aste0033/projects/MPNST/scDNA/CHISEL/10X/FIT208A7/rdr.tsv
CATCGGGCAGGTCAAG-1	R5	10X	11	R5_2	tumour	/mnt/iribhm/homes/aste0033/projects/MPNST/scDNA/CHISEL/10X/FIT208A7/rdr.tsv
CATGACAAGCGTGAAC-1	R5	10X	11	R5_2	tumour	/mnt/iribhm/homes/aste0033/projects/MPNST/scDNA/CHISEL/10X/FIT208A7/rdr.tsv
CATGACAAGGGTTCGA-1	R5	10X	11	R5_2	tumour	/mnt/iribhm/homes/aste0033/projects/MPNST/scDNA/CHISEL/10X/FIT208A7/rdr.tsv
CATGACAGTTTGGCTA-1	R5	10X	11	R5_2	tumour	/mnt/iribhm/homes/aste0033/projects/MPNST/scDNA/CHISEL/10X/FIT208A7/rdr.tsv
CATGCCTTCCAGGTTA-1	R5	10X	11	R5_2	tumour	/mnt/iribhm/homes/aste0033/projects/MPNST/scDNA/CHISEL/10X/FIT208A7/rdr.tsv
CATGGCGGTGGTCAGA-1	R5	10X	11	R5_2	tumour	/mnt/iribhm/homes/aste0033/projects/MPNST/scDNA/CHISEL/10X/FIT208A7/rdr.tsv
CATTCGCCAACACTTG-1	R5	10X	11	R5_2	tumour	/mnt/iribhm/homes/aste0033/projects/MPNST/scDNA/CHISEL/10X/FIT208A7/rdr.tsv
CATTCGCCAGTAATCC-1	R5	10X	11	R5_2	tumour	/mnt/iribhm/homes/aste0033/projects/MPNST/scDNA/CHISEL/10X/FIT208A7/rdr.tsv
CATTCGCTCGCACAGC-1	R5	10X	11	R5_2	tumour	/mnt/iribhm/homes/aste0033/projects/MPNST/scDNA/CHISEL/10X/FIT208A7/rdr.tsv
CCACGGACAGTTTGCA-1	R5	10X	11	R5_2	tumour	/mnt/iribhm/homes/aste0033/projects/MPNST/scDNA/CHISEL/10X/FIT208A7/rdr.tsv
CCACTACCATCGGCGT-1	R5	10X	11	R5_2	tumour	/mnt/iribhm/homes/aste0033/projects/MPNST/scDNA/CHISEL/10X/FIT208A7/rdr.tsv
CCACTACTCTCCACAC-1	R5	10X	11	R5_2	tumour	/mnt/iribhm/homes/aste0033/projects/MPNST/scDNA/CHISEL/10X/FIT208A7/rdr.tsv
CCATGTCCACTAACTG-1	R5	10X	11	R5_2	tumour	/mnt/iribhm/homes/aste0033/projects/MPNST/scDNA/CHISEL/10X/FIT208A7/rdr.tsv
CCATGTCTCGGGAAAC-1	R5	10X	11	R5_2	tumour	/mnt/iribhm/homes/aste0033/projects/MPNST/scDNA/CHISEL/10X/FIT208A7/rdr.tsv
CCCAATCCATTTGCGA-1	R5	10X	11	R5_2	tumour	/mnt/iribhm/homes/aste0033/projects/MPNST/scDNA/CHISEL/10X/FIT208A7/rdr.tsv
CCCAGTTAGAACTCGG-1	R5	10X	11	R5_2	tumour	/mnt/iribhm/homes/aste0033/projects/MPNST/scDNA/CHISEL/10X/FIT208A7/rdr.tsv
CCCAGTTAGGCGATAC-1	R5	10X	11	R5_2	tumour	/mnt/iribhm/homes/aste0033/projects/MPNST/scDNA/CHISEL/10X/FIT208A7/rdr.tsv
CCCAGTTAGGGCTTGA-1	R5	10X	11	R5_2	tumour	/mnt/iribhm/homes/aste0033/projects/MPNST/scDNA/CHISEL/10X/FIT208A7/rdr.tsv
CCCAGTTGTAACGAGC-1	R5	10X	11	R5_2	tumour	/mnt/iribhm/homes/aste0033/projects/MPNST/scDNA/CHISEL/10X/FIT208A7/rdr.tsv
CCCAGTTGTATATGAG-1	R5	10X	11	R5_2	tumour	/mnt/iribhm/homes/aste0033/projects/MPNST/scDNA/CHISEL/10X/FIT208A7/rdr.tsv
CCCAGTTGTCCTAGTA-1	R5	10X	11	R5_2	tumour	/mnt/iribhm/homes/aste0033/projects/MPNST/scDNA/CHISEL/10X/FIT208A7/rdr.tsv
CCCATACAGTGTGATA-1	R5	10X	11	R5_2	tumour	/mnt/iribhm/homes/aste0033/projects/MPNST/scDNA/CHISEL/10X/FIT208A7/rdr.tsv
CCGGGATAGAAACCAT-1	R5	10X	11	R5_2	tumour	/mnt/iribhm/homes/aste0033/projects/MPNST/scDNA/CHISEL/10X/FIT208A7/rdr.tsv
CCGGGATCAAGTGCAG-1	R5	10X	11	R5_2	tumour	/mnt/iribhm/homes/aste0033/projects/MPNST/scDNA/CHISEL/10X/FIT208A7/rdr.tsv
CCGTGGATCTGCACAA-1	R5	10X	11	R5_2	tumour	/mnt/iribhm/homes/aste0033/projects/MPNST/scDNA/CHISEL/10X/FIT208A7/rdr.tsv
CCTAAAGAGCAGGTCA-1	R5	10X	11	R5_2	tumour	/mnt/iribhm/homes/aste0033/projects/MPNST/scDNA/CHISEL/10X/FIT208A7/rdr.tsv
CCTAAAGCAGATGAAT-1	R5	10X	11	R5_2	tumour	/mnt/iribhm/homes/aste0033/projects/MPNST/scDNA/CHISEL/10X/FIT208A7/rdr.tsv
CCTAAAGTCCCACAAA-1	R5	10X	11	R5_2	tumour	/mnt/iribhm/homes/aste0033/projects/MPNST/scDNA/CHISEL/10X/FIT208A7/rdr.tsv
CCTACACTCAACAGTC-1	R5	10X	11	R5_2	tumour	/mnt/iribhm/homes/aste0033/projects/MPNST/scDNA/CHISEL/10X/FIT208A7/rdr.tsv
CCTAGCTAGGTAGCCA-1	R5	10X	11	R5_2	tumour	/mnt/iribhm/homes/aste0033/projects/MPNST/scDNA/CHISEL/10X/FIT208A7/rdr.tsv
CCTAGCTCAGAACCAG-1	R5	10X	11	R5_2	tumour	/mnt/iribhm/homes/aste0033/projects/MPNST/scDNA/CHISEL/10X/FIT208A7/rdr.tsv
CCTATTAAGAATGTGT-1	R5	10X	11	R5_2	tumour	/mnt/iribhm/homes/aste0033/projects/MPNST/scDNA/CHISEL/10X/FIT208A7/rdr.tsv
CCTCAGTAGCACGCCT-1	R5	10X	11	R5_2	tumour	/mnt/iribhm/homes/aste0033/projects/MPNST/scDNA/CHISEL/10X/FIT208A7/rdr.tsv
CCTCAGTCAACCCACG-1	R5	10X	11	R5_2	tumour	/mnt/iribhm/homes/aste0033/projects/MPNST/scDNA/CHISEL/10X/FIT208A7/rdr.tsv
CCTCAGTGTGCCTACG-1	R5	10X	11	R5_2	tumour	/mnt/iribhm/homes/aste0033/projects/MPNST/scDNA/CHISEL/10X/FIT208A7/rdr.tsv
CCTCTGAAGGTAAACT-1	R5	10X	11	R5_2	tumour	/mnt/iribhm/homes/aste0033/projects/MPNST/scDNA/CHISEL/10X/FIT208A7/rdr.tsv
CCTCTGACATGGATTC-1	R5	10X	11	R5_2	tumour	/mnt/iribhm/homes/aste0033/projects/MPNST/scDNA/CHISEL/10X/FIT208A7/rdr.tsv
CCTCTGATCTACAGCA-1	R5	10X	11	R5_2	tumour	/mnt/iribhm/homes/aste0033/projects/MPNST/scDNA/CHISEL/10X/FIT208A7/rdr.tsv
CCTTACGCACGCCTGA-1	R5	10X	11	R5_2	tumour	/mnt/iribhm/homes/aste0033/projects/MPNST/scDNA/CHISEL/10X/FIT208A7/rdr.tsv
CCTTACGCACTCCGAG-1	R5	10X	11	R5_2	tumour	/mnt/iribhm/homes/aste0033/projects/MPNST/scDNA/CHISEL/10X/FIT208A7/rdr.tsv
CCTTACGCAGGGCTTC-1	R5	10X	11	R5_2	tumour	/mnt/iribhm/homes/aste0033/projects/MPNST/scDNA/CHISEL/10X/FIT208A7/rdr.tsv
CCTTCGAGTAACACTC-1	R5	10X	11	R5_2	tumour	/mnt/iribhm/homes/aste0033/projects/MPNST/scDNA/CHISEL/10X/FIT208A7/rdr.tsv
CGACCTTTCGAGGTGA-1	R5	10X	11	R5_2	tumour	/mnt/iribhm/homes/aste0033/projects/MPNST/scDNA/CHISEL/10X/FIT208A7/rdr.tsv
CGAGCACCAACGACGA-1	R5	10X	11	R5_2	tumour	/mnt/iribhm/homes/aste0033/projects/MPNST/scDNA/CHISEL/10X/FIT208A7/rdr.tsv
CGAGCCAGTTCAGTGT-1	R5	10X	11	R5_2	tumour	/mnt/iribhm/homes/aste0033/projects/MPNST/scDNA/CHISEL/10X/FIT208A7/rdr.tsv
CGATCGGAGGCGTTGA-1	R5	10X	11	R5_2	tumour	/mnt/iribhm/homes/aste0033/projects/MPNST/scDNA/CHISEL/10X/FIT208A7/rdr.tsv
CGATCGGCAGACAGTG-1	R5	10X	11	R5_2	tumour	/mnt/iribhm/homes/aste0033/projects/MPNST/scDNA/CHISEL/10X/FIT208A7/rdr.tsv
CGATGGCCAATGGCAG-1	R5	10X	11	R5_2	tumour	/mnt/iribhm/homes/aste0033/projects/MPNST/scDNA/CHISEL/10X/FIT208A7/rdr.tsv
CGATGTACATCGGGCT-1	R5	10X	11	R5_2	tumour	/mnt/iribhm/homes/aste0033/projects/MPNST/scDNA/CHISEL/10X/FIT208A7/rdr.tsv
CGATTGAGTCCTCGGA-1	R5	10X	11	R5_2	tumour	/mnt/iribhm/homes/aste0033/projects/MPNST/scDNA/CHISEL/10X/FIT208A7/rdr.tsv
CGCCAAGAGAGTACAT-1	R5	10X	11	R5_2	tumour	/mnt/iribhm/homes/aste0033/projects/MPNST/scDNA/CHISEL/10X/FIT208A7/rdr.tsv
CGCGTTTTCTTTCGCG-1	R5	10X	11	R5_2	tumour	/mnt/iribhm/homes/aste0033/projects/MPNST/scDNA/CHISEL/10X/FIT208A7/rdr.tsv
CGCTATCAGTAAGTAC-1	R5	10X	11	R5_2	tumour	/mnt/iribhm/homes/aste0033/projects/MPNST/scDNA/CHISEL/10X/FIT208A7/rdr.tsv
CGGACACGTGATTACC-1	R5	10X	11	R5_2	tumour	/mnt/iribhm/homes/aste0033/projects/MPNST/scDNA/CHISEL/10X/FIT208A7/rdr.tsv
CGGACGTAGTAGATGT-1	R5	10X	11	R5_2	tumour	/mnt/iribhm/homes/aste0033/projects/MPNST/scDNA/CHISEL/10X/FIT208A7/rdr.tsv
CGGACTGGTTCTTTGT-1	R5	10X	11	R5_2	tumour	/mnt/iribhm/homes/aste0033/projects/MPNST/scDNA/CHISEL/10X/FIT208A7/rdr.tsv
CGGAGCTGTCACCAGC-1	R5	10X	11	R5_2	tumour	/mnt/iribhm/homes/aste0033/projects/MPNST/scDNA/CHISEL/10X/FIT208A7/rdr.tsv
CGGTTAATCCCATGTC-1	R5	10X	11	R5_2	tumour	/mnt/iribhm/homes/aste0033/projects/MPNST/scDNA/CHISEL/10X/FIT208A7/rdr.tsv
CGTAGGCCAAATCAGA-1	R5	10X	11	R5_2	tumour	/mnt/iribhm/homes/aste0033/projects/MPNST/scDNA/CHISEL/10X/FIT208A7/rdr.tsv
CGTAGGCGTATACACC-1	R5	10X	11	R5_2	tumour	/mnt/iribhm/homes/aste0033/projects/MPNST/scDNA/CHISEL/10X/FIT208A7/rdr.tsv
CGTCAGGCACGCACGT-1	R5	10X	11	R5_2	tumour	/mnt/iribhm/homes/aste0033/projects/MPNST/scDNA/CHISEL/10X/FIT208A7/rdr.tsv
CGTCCATAGGCCCTCA-1	R5	10X	11	R5_2	tumour	/mnt/iribhm/homes/aste0033/projects/MPNST/scDNA/CHISEL/10X/FIT208A7/rdr.tsv
CGTCCATGTCGTAATC-1	R5	10X	11	R5_2	tumour	/mnt/iribhm/homes/aste0033/projects/MPNST/scDNA/CHISEL/10X/FIT208A7/rdr.tsv
CGTCCATTCTGAAGCT-1	R5	10X	11	R5_2	tumour	/mnt/iribhm/homes/aste0033/projects/MPNST/scDNA/CHISEL/10X/FIT208A7/rdr.tsv
CGTCTACTCCACAGCG-1	R5	10X	11	R5_2	tumour	/mnt/iribhm/homes/aste0033/projects/MPNST/scDNA/CHISEL/10X/FIT208A7/rdr.tsv
CGTGTAAAGGCCCACT-1	R5	10X	11	R5_2	tumour	/mnt/iribhm/homes/aste0033/projects/MPNST/scDNA/CHISEL/10X/FIT208A7/rdr.tsv
CGTTGGGAGGACAGCT-1	R5	10X	11	R5_2	tumour	/mnt/iribhm/homes/aste0033/projects/MPNST/scDNA/CHISEL/10X/FIT208A7/rdr.tsv
CTAACTTAGTGGTTAA-1	R5	10X	11	R5_2	tumour	/mnt/iribhm/homes/aste0033/projects/MPNST/scDNA/CHISEL/10X/FIT208A7/rdr.tsv
CTAATGGTCTAGAGCT-1	R5	10X	11	R5_2	tumour	/mnt/iribhm/homes/aste0033/projects/MPNST/scDNA/CHISEL/10X/FIT208A7/rdr.tsv
CTACACCGTAGGGACT-1	R5	10X	11	R5_2	tumour	/mnt/iribhm/homes/aste0033/projects/MPNST/scDNA/CHISEL/10X/FIT208A7/rdr.tsv
CTACACCGTCCGCAGT-1	R5	10X	11	R5_2	tumour	/mnt/iribhm/homes/aste0033/projects/MPNST/scDNA/CHISEL/10X/FIT208A7/rdr.tsv
CTACATTAGCCTAACT-1	R5	10X	11	R5_2	tumour	/mnt/iribhm/homes/aste0033/projects/MPNST/scDNA/CHISEL/10X/FIT208A7/rdr.tsv
CTACCCAAGCTAGTTC-1	R5	10X	11	R5_2	tumour	/mnt/iribhm/homes/aste0033/projects/MPNST/scDNA/CHISEL/10X/FIT208A7/rdr.tsv
CTACGTCAGATTACCC-1	R5	10X	11	R5_2	tumour	/mnt/iribhm/homes/aste0033/projects/MPNST/scDNA/CHISEL/10X/FIT208A7/rdr.tsv
CTAGAGTAGATCTGAA-1	R5	10X	11	R5_2	tumour	/mnt/iribhm/homes/aste0033/projects/MPNST/scDNA/CHISEL/10X/FIT208A7/rdr.tsv
CTAGAGTCACAGACCC-1	R5	10X	11	R5_2	tumour	/mnt/iribhm/homes/aste0033/projects/MPNST/scDNA/CHISEL/10X/FIT208A7/rdr.tsv
CTAGAGTTCTTGTCCG-1	R5	10X	11	R5_2	tumour	/mnt/iribhm/homes/aste0033/projects/MPNST/scDNA/CHISEL/10X/FIT208A7/rdr.tsv
CTAGTGATCCTCTGTG-1	R5	10X	11	R5_2	tumour	/mnt/iribhm/homes/aste0033/projects/MPNST/scDNA/CHISEL/10X/FIT208A7/rdr.tsv
CTCACACAGCGAACTG-1	R5	10X	11	R5_2	tumour	/mnt/iribhm/homes/aste0033/projects/MPNST/scDNA/CHISEL/10X/FIT208A7/rdr.tsv
CTCATTACAGCCCATG-1	R1	10X	11	R5_2	tumour	/mnt/iribhm/homes/aste0033/projects/MPNST/scDNA/CHISEL/10X/FIT208A3/rdr.tsv
CTCGAGGAGTGGACGT-1	R5	10X	11	R5_2	tumour	/mnt/iribhm/homes/aste0033/projects/MPNST/scDNA/CHISEL/10X/FIT208A7/rdr.tsv
CTCGAGGGTCATCCAA-1	R5	10X	11	R5_2	tumour	/mnt/iribhm/homes/aste0033/projects/MPNST/scDNA/CHISEL/10X/FIT208A7/rdr.tsv
CTCGGGAAGACAGTTA-1	R5	10X	11	R5_2	tumour	/mnt/iribhm/homes/aste0033/projects/MPNST/scDNA/CHISEL/10X/FIT208A7/rdr.tsv
CTCGTACGTGGAAACC-1	R5	10X	11	R5_2	tumour	/mnt/iribhm/homes/aste0033/projects/MPNST/scDNA/CHISEL/10X/FIT208A7/rdr.tsv
CTCGTCAAGCCAACAG-1	R5	10X	11	R5_2	tumour	/mnt/iribhm/homes/aste0033/projects/MPNST/scDNA/CHISEL/10X/FIT208A7/rdr.tsv
CTCGTCATCAGCCACG-1	R5	10X	11	R5_2	tumour	/mnt/iribhm/homes/aste0033/projects/MPNST/scDNA/CHISEL/10X/FIT208A7/rdr.tsv
CTCTAATCAAGAATCA-1	R5	10X	11	R5_2	tumour	/mnt/iribhm/homes/aste0033/projects/MPNST/scDNA/CHISEL/10X/FIT208A7/rdr.tsv
CTGAAACAGCACCGCT-1	R5	10X	11	R5_2	tumour	/mnt/iribhm/homes/aste0033/projects/MPNST/scDNA/CHISEL/10X/FIT208A7/rdr.tsv
CTGAAGTGTTGATCTG-1	R5	10X	11	R5_2	tumour	/mnt/iribhm/homes/aste0033/projects/MPNST/scDNA/CHISEL/10X/FIT208A7/rdr.tsv
CTGATAGAGAGGGATA-1	R5	10X	11	R5_2	tumour	/mnt/iribhm/homes/aste0033/projects/MPNST/scDNA/CHISEL/10X/FIT208A7/rdr.tsv
CTGATAGAGATGTAAC-1	R5	10X	11	R5_2	tumour	/mnt/iribhm/homes/aste0033/projects/MPNST/scDNA/CHISEL/10X/FIT208A7/rdr.tsv
CTGATCCAGTGTGATA-1	R5	10X	11	R5_2	tumour	/mnt/iribhm/homes/aste0033/projects/MPNST/scDNA/CHISEL/10X/FIT208A7/rdr.tsv
CTGCCTACACCCGTTT-1	R5	10X	11	R5_2	tumour	/mnt/iribhm/homes/aste0033/projects/MPNST/scDNA/CHISEL/10X/FIT208A7/rdr.tsv
CTGCCTACATAGGTCT-1	R5	10X	11	R5_2	tumour	/mnt/iribhm/homes/aste0033/projects/MPNST/scDNA/CHISEL/10X/FIT208A7/rdr.tsv
CTGCTGTGTGATTACC-1	R5	10X	11	R5_2	tumour	/mnt/iribhm/homes/aste0033/projects/MPNST/scDNA/CHISEL/10X/FIT208A7/rdr.tsv
CTGCTGTTCTCCCTAG-1	R5	10X	11	R5_2	tumour	/mnt/iribhm/homes/aste0033/projects/MPNST/scDNA/CHISEL/10X/FIT208A7/rdr.tsv
CTGTGCTGTTTCCATT-1	R5	10X	11	R5_2	tumour	/mnt/iribhm/homes/aste0033/projects/MPNST/scDNA/CHISEL/10X/FIT208A7/rdr.tsv
CTTACCGCAGTGCTTA-1	R5	10X	11	R5_2	tumour	/mnt/iribhm/homes/aste0033/projects/MPNST/scDNA/CHISEL/10X/FIT208A7/rdr.tsv
CTTACCGCATATCGCA-1	R5	10X	11	R5_2	tumour	/mnt/iribhm/homes/aste0033/projects/MPNST/scDNA/CHISEL/10X/FIT208A7/rdr.tsv
CTTACCGGTTTGGCGC-1	R5	10X	11	R5_2	tumour	/mnt/iribhm/homes/aste0033/projects/MPNST/scDNA/CHISEL/10X/FIT208A7/rdr.tsv
CTTACCGTCTGGGCAC-1	R5	10X	11	R5_2	tumour	/mnt/iribhm/homes/aste0033/projects/MPNST/scDNA/CHISEL/10X/FIT208A7/rdr.tsv
CTTCTCTCATGCAGTT-1	R5	10X	11	R5_2	tumour	/mnt/iribhm/homes/aste0033/projects/MPNST/scDNA/CHISEL/10X/FIT208A7/rdr.tsv
CTTTGCGCACATTGGT-1	R5	10X	11	R5_2	tumour	/mnt/iribhm/homes/aste0033/projects/MPNST/scDNA/CHISEL/10X/FIT208A7/rdr.tsv
CTTTGCGCATAACAAG-1	R5	10X	11	R5_2	tumour	/mnt/iribhm/homes/aste0033/projects/MPNST/scDNA/CHISEL/10X/FIT208A7/rdr.tsv
GAAATGAAGTAGGCCA-1	R5	10X	11	R5_2	tumour	/mnt/iribhm/homes/aste0033/projects/MPNST/scDNA/CHISEL/10X/FIT208A7/rdr.tsv
GAACATCAGGATGTCG-1	R5	10X	11	R5_2	tumour	/mnt/iribhm/homes/aste0033/projects/MPNST/scDNA/CHISEL/10X/FIT208A7/rdr.tsv
GAACATCAGGCATTCT-1	R5	10X	11	R5_2	tumour	/mnt/iribhm/homes/aste0033/projects/MPNST/scDNA/CHISEL/10X/FIT208A7/rdr.tsv
GAACCTACAGTACTCA-1	R5	10X	11	R5_2	tumour	/mnt/iribhm/homes/aste0033/projects/MPNST/scDNA/CHISEL/10X/FIT208A7/rdr.tsv
GAAGCAGTCGACAATC-1	R5	10X	11	R5_2	tumour	/mnt/iribhm/homes/aste0033/projects/MPNST/scDNA/CHISEL/10X/FIT208A7/rdr.tsv
GACACGCAGTAATCCC-1	R5	10X	11	R5_2	tumour	/mnt/iribhm/homes/aste0033/projects/MPNST/scDNA/CHISEL/10X/FIT208A7/rdr.tsv
GACGGCTGTTGCAGCC-1	R5	10X	11	R5_2	tumour	/mnt/iribhm/homes/aste0033/projects/MPNST/scDNA/CHISEL/10X/FIT208A7/rdr.tsv
GACTAACTCTTTCGCG-1	R5	10X	11	R5_2	tumour	/mnt/iribhm/homes/aste0033/projects/MPNST/scDNA/CHISEL/10X/FIT208A7/rdr.tsv
GACTGCGGTCAACCGC-1	R5	10X	11	R5_2	tumour	/mnt/iribhm/homes/aste0033/projects/MPNST/scDNA/CHISEL/10X/FIT208A7/rdr.tsv
GATCGCGAGAGGTACC-1	R5	10X	11	R5_2	tumour	/mnt/iribhm/homes/aste0033/projects/MPNST/scDNA/CHISEL/10X/FIT208A7/rdr.tsv
GATCGCGGTAGATAGT-1	R5	10X	11	R5_2	tumour	/mnt/iribhm/homes/aste0033/projects/MPNST/scDNA/CHISEL/10X/FIT208A7/rdr.tsv
GATCGCGGTTGCGGCT-1	R5	10X	11	R5_2	tumour	/mnt/iribhm/homes/aste0033/projects/MPNST/scDNA/CHISEL/10X/FIT208A7/rdr.tsv
GATGAAAGTCAGGTAG-1	R5	10X	11	R5_2	tumour	/mnt/iribhm/homes/aste0033/projects/MPNST/scDNA/CHISEL/10X/FIT208A7/rdr.tsv
GATGAGGAGGGATACC-1	R5	10X	11	R5_2	tumour	/mnt/iribhm/homes/aste0033/projects/MPNST/scDNA/CHISEL/10X/FIT208A7/rdr.tsv
GATGAGGGTGTTTCAG-1	R1	10X	11	R5_2	tumour	/mnt/iribhm/homes/aste0033/projects/MPNST/scDNA/CHISEL/10X/FIT208A3/rdr.tsv
GATGCTACAGAGCTCC-1	R5	10X	11	R5_2	tumour	/mnt/iribhm/homes/aste0033/projects/MPNST/scDNA/CHISEL/10X/FIT208A7/rdr.tsv
GATTCAGAGCGTGTGA-1	R5	10X	11	R5_2	tumour	/mnt/iribhm/homes/aste0033/projects/MPNST/scDNA/CHISEL/10X/FIT208A7/rdr.tsv
GCAAACTGTGACTGAG-1	R5	10X	11	R5_2	tumour	/mnt/iribhm/homes/aste0033/projects/MPNST/scDNA/CHISEL/10X/FIT208A7/rdr.tsv
GCACTCTCAACCTCAA-1	R5	10X	11	R5_2	tumour	/mnt/iribhm/homes/aste0033/projects/MPNST/scDNA/CHISEL/10X/FIT208A7/rdr.tsv
GCACTCTGTTACTGAC-1	R5	10X	11	R5_2	tumour	/mnt/iribhm/homes/aste0033/projects/MPNST/scDNA/CHISEL/10X/FIT208A7/rdr.tsv
GCATGTAGTTCCCTAC-1	R5	10X	11	R5_2	tumour	/mnt/iribhm/homes/aste0033/projects/MPNST/scDNA/CHISEL/10X/FIT208A7/rdr.tsv
GCATGTAGTTTCCTGC-1	R5	10X	11	R5_2	tumour	/mnt/iribhm/homes/aste0033/projects/MPNST/scDNA/CHISEL/10X/FIT208A7/rdr.tsv
GCCAAATCATACTGCA-1	R5	10X	11	R5_2	tumour	/mnt/iribhm/homes/aste0033/projects/MPNST/scDNA/CHISEL/10X/FIT208A7/rdr.tsv
GCGCAACGTCTTCGCT-1	R5	10X	11	R5_2	tumour	/mnt/iribhm/homes/aste0033/projects/MPNST/scDNA/CHISEL/10X/FIT208A7/rdr.tsv
GCGCAACTCGGAGAGT-1	R5	10X	11	R5_2	tumour	/mnt/iribhm/homes/aste0033/projects/MPNST/scDNA/CHISEL/10X/FIT208A7/rdr.tsv
GCGCAGTTCTGGGACC-1	R5	10X	11	R5_2	tumour	/mnt/iribhm/homes/aste0033/projects/MPNST/scDNA/CHISEL/10X/FIT208A7/rdr.tsv
GCGCAGTTCTTCCGAC-1	R1	10X	11	R5_2	tumour	/mnt/iribhm/homes/aste0033/projects/MPNST/scDNA/CHISEL/10X/FIT208A3/rdr.tsv
GCGCCAAGTGGTCAGA-1	R5	10X	11	R5_2	tumour	/mnt/iribhm/homes/aste0033/projects/MPNST/scDNA/CHISEL/10X/FIT208A7/rdr.tsv
GCGCGATCAAAGGTTA-1	R5	10X	11	R5_2	tumour	/mnt/iribhm/homes/aste0033/projects/MPNST/scDNA/CHISEL/10X/FIT208A7/rdr.tsv
GCGCGATCACAAGCGA-1	R5	10X	11	R5_2	tumour	/mnt/iribhm/homes/aste0033/projects/MPNST/scDNA/CHISEL/10X/FIT208A7/rdr.tsv
GCGGGTTCACATAAAG-1	R5	10X	11	R5_2	tumour	/mnt/iribhm/homes/aste0033/projects/MPNST/scDNA/CHISEL/10X/FIT208A7/rdr.tsv
GCTGCAGCACGTACAT-1	R5	10X	11	R5_2	tumour	/mnt/iribhm/homes/aste0033/projects/MPNST/scDNA/CHISEL/10X/FIT208A7/rdr.tsv
GCTGCAGGTGTCTCAA-1	R5	10X	11	R5_2	tumour	/mnt/iribhm/homes/aste0033/projects/MPNST/scDNA/CHISEL/10X/FIT208A7/rdr.tsv
GCTGCGAGTGACCAAG-1	R5	10X	11	R5_2	tumour	/mnt/iribhm/homes/aste0033/projects/MPNST/scDNA/CHISEL/10X/FIT208A7/rdr.tsv
GCTGCTTCAACTTTCT-1	R5	10X	11	R5_2	tumour	/mnt/iribhm/homes/aste0033/projects/MPNST/scDNA/CHISEL/10X/FIT208A7/rdr.tsv
GCTGCTTGTGAGTCAG-1	R5	10X	11	R5_2	tumour	/mnt/iribhm/homes/aste0033/projects/MPNST/scDNA/CHISEL/10X/FIT208A7/rdr.tsv
GCTGGGTAGACAGAGA-1	R5	10X	11	R5_2	tumour	/mnt/iribhm/homes/aste0033/projects/MPNST/scDNA/CHISEL/10X/FIT208A7/rdr.tsv
GCTTCCAGTCCCTTGT-1	R5	10X	11	R5_2	tumour	/mnt/iribhm/homes/aste0033/projects/MPNST/scDNA/CHISEL/10X/FIT208A7/rdr.tsv
GCTTGAATCAGATGTC-1	R5	10X	11	R5_2	tumour	/mnt/iribhm/homes/aste0033/projects/MPNST/scDNA/CHISEL/10X/FIT208A7/rdr.tsv
GGAACTTTCCTCCTGA-1	R5	10X	11	R5_2	tumour	/mnt/iribhm/homes/aste0033/projects/MPNST/scDNA/CHISEL/10X/FIT208A7/rdr.tsv
GGAATAAAGAGTCTGG-1	R5	10X	11	R5_2	tumour	/mnt/iribhm/homes/aste0033/projects/MPNST/scDNA/CHISEL/10X/FIT208A7/rdr.tsv
GGAATAAAGTGTACGG-1	R5	10X	11	R5_2	tumour	/mnt/iribhm/homes/aste0033/projects/MPNST/scDNA/CHISEL/10X/FIT208A7/rdr.tsv
GGAATAACAACTACTG-1	R5	10X	11	R5_2	tumour	/mnt/iribhm/homes/aste0033/projects/MPNST/scDNA/CHISEL/10X/FIT208A7/rdr.tsv
GGACATTTCCTCAGCT-1	R5	10X	11	R5_2	tumour	/mnt/iribhm/homes/aste0033/projects/MPNST/scDNA/CHISEL/10X/FIT208A7/rdr.tsv
GGACATTTCTCCATGC-1	R5	10X	11	R5_2	tumour	/mnt/iribhm/homes/aste0033/projects/MPNST/scDNA/CHISEL/10X/FIT208A7/rdr.tsv
GGATGTTAGGACCACA-1	R1	10X	11	R5_2	tumour	/mnt/iribhm/homes/aste0033/projects/MPNST/scDNA/CHISEL/10X/FIT208A3/rdr.tsv
GGATTACAGAAACCCG-1	R5	10X	11	R5_2	tumour	/mnt/iribhm/homes/aste0033/projects/MPNST/scDNA/CHISEL/10X/FIT208A7/rdr.tsv
GGCCGATTCAACTGAC-1	R5	10X	11	R5_2	tumour	/mnt/iribhm/homes/aste0033/projects/MPNST/scDNA/CHISEL/10X/FIT208A7/rdr.tsv
GGCGACTGTTCGAGCC-1	R5	10X	11	R5_2	tumour	/mnt/iribhm/homes/aste0033/projects/MPNST/scDNA/CHISEL/10X/FIT208A7/rdr.tsv
GGCGTGTGTGGCCTGT-1	R5	10X	11	R5_2	tumour	/mnt/iribhm/homes/aste0033/projects/MPNST/scDNA/CHISEL/10X/FIT208A7/rdr.tsv
GGCGTGTTCAATCTTC-1	R5	10X	11	R5_2	tumour	/mnt/iribhm/homes/aste0033/projects/MPNST/scDNA/CHISEL/10X/FIT208A7/rdr.tsv
GGCTCGAGTCACCAGC-1	R5	10X	11	R5_2	tumour	/mnt/iribhm/homes/aste0033/projects/MPNST/scDNA/CHISEL/10X/FIT208A7/rdr.tsv
GGCTGGTAGATCGGGT-1	R5	10X	11	R5_2	tumour	/mnt/iribhm/homes/aste0033/projects/MPNST/scDNA/CHISEL/10X/FIT208A7/rdr.tsv
GGCTGGTCACCAGTGC-1	R5	10X	11	R5_2	tumour	/mnt/iribhm/homes/aste0033/projects/MPNST/scDNA/CHISEL/10X/FIT208A7/rdr.tsv
GGCTGGTGTACAAGAT-1	R5	10X	11	R5_2	tumour	/mnt/iribhm/homes/aste0033/projects/MPNST/scDNA/CHISEL/10X/FIT208A7/rdr.tsv
GGGAATGGTTACGCGC-1	R5	10X	11	R5_2	tumour	/mnt/iribhm/homes/aste0033/projects/MPNST/scDNA/CHISEL/10X/FIT208A7/rdr.tsv
GGGACCTTCTGCACAA-1	R5	10X	11	R5_2	tumour	/mnt/iribhm/homes/aste0033/projects/MPNST/scDNA/CHISEL/10X/FIT208A7/rdr.tsv
GGGCACTAGTTACCCA-1	R5	10X	11	R5_2	tumour	/mnt/iribhm/homes/aste0033/projects/MPNST/scDNA/CHISEL/10X/FIT208A7/rdr.tsv
GGGTCTGTCTCTAGTT-1	R5	10X	11	R5_2	tumour	/mnt/iribhm/homes/aste0033/projects/MPNST/scDNA/CHISEL/10X/FIT208A7/rdr.tsv
GGTGAAGCAGCGGTCT-1	R5	10X	11	R5_2	tumour	/mnt/iribhm/homes/aste0033/projects/MPNST/scDNA/CHISEL/10X/FIT208A7/rdr.tsv
GGTGAAGGTTCGTCAA-1	R5	10X	11	R5_2	tumour	/mnt/iribhm/homes/aste0033/projects/MPNST/scDNA/CHISEL/10X/FIT208A7/rdr.tsv
GGTGCGTAGTAATCCC-1	R5	10X	11	R5_2	tumour	/mnt/iribhm/homes/aste0033/projects/MPNST/scDNA/CHISEL/10X/FIT208A7/rdr.tsv
GGTGTTACACCTGGCA-1	R5	10X	11	R5_2	tumour	/mnt/iribhm/homes/aste0033/projects/MPNST/scDNA/CHISEL/10X/FIT208A7/rdr.tsv
GTAACGTAGAACTTCC-1	R5	10X	11	R5_2	tumour	/mnt/iribhm/homes/aste0033/projects/MPNST/scDNA/CHISEL/10X/FIT208A7/rdr.tsv
GTACTTTCATCGCATA-1	R5	10X	11	R5_2	tumour	/mnt/iribhm/homes/aste0033/projects/MPNST/scDNA/CHISEL/10X/FIT208A7/rdr.tsv
GTAGGCCCAGGTGCAA-1	R5	10X	11	R5_2	tumour	/mnt/iribhm/homes/aste0033/projects/MPNST/scDNA/CHISEL/10X/FIT208A7/rdr.tsv
GTAGGCCGTACGTCAT-1	R5	10X	11	R5_2	tumour	/mnt/iribhm/homes/aste0033/projects/MPNST/scDNA/CHISEL/10X/FIT208A7/rdr.tsv
GTAGTCACATCGGGCT-1	R5	10X	11	R5_2	tumour	/mnt/iribhm/homes/aste0033/projects/MPNST/scDNA/CHISEL/10X/FIT208A7/rdr.tsv
GTAGTCAGTGCACTTA-1	R5	10X	11	R5_2	tumour	/mnt/iribhm/homes/aste0033/projects/MPNST/scDNA/CHISEL/10X/FIT208A7/rdr.tsv
GTAGTCAGTTCCACAA-1	R5	10X	11	R5_2	tumour	/mnt/iribhm/homes/aste0033/projects/MPNST/scDNA/CHISEL/10X/FIT208A7/rdr.tsv
GTATCTTAGCTAGCCC-1	R5	10X	11	R5_2	tumour	/mnt/iribhm/homes/aste0033/projects/MPNST/scDNA/CHISEL/10X/FIT208A7/rdr.tsv
GTATCTTAGTAGCGGT-1	R5	10X	11	R5_2	tumour	/mnt/iribhm/homes/aste0033/projects/MPNST/scDNA/CHISEL/10X/FIT208A7/rdr.tsv
GTCACAAAGACTGTAA-1	R5	10X	11	R5_2	tumour	/mnt/iribhm/homes/aste0033/projects/MPNST/scDNA/CHISEL/10X/FIT208A7/rdr.tsv
GTCACGGCATCATGCA-1	R5	10X	11	R5_2	tumour	/mnt/iribhm/homes/aste0033/projects/MPNST/scDNA/CHISEL/10X/FIT208A7/rdr.tsv
GTCATTTAGATGCGAC-1	R5	10X	11	R5_2	tumour	/mnt/iribhm/homes/aste0033/projects/MPNST/scDNA/CHISEL/10X/FIT208A7/rdr.tsv
GTCGTAAAGTTCGATC-1	R5	10X	11	R5_2	tumour	/mnt/iribhm/homes/aste0033/projects/MPNST/scDNA/CHISEL/10X/FIT208A7/rdr.tsv
GTGAAGGGTAGAATAC-1	R5	10X	11	R5_2	tumour	/mnt/iribhm/homes/aste0033/projects/MPNST/scDNA/CHISEL/10X/FIT208A7/rdr.tsv
GTGCAGCCATGAGAAT-1	R5	10X	11	R5_2	tumour	/mnt/iribhm/homes/aste0033/projects/MPNST/scDNA/CHISEL/10X/FIT208A7/rdr.tsv
GTGCAGCGTTTACTCT-1	R5	10X	11	R5_2	tumour	/mnt/iribhm/homes/aste0033/projects/MPNST/scDNA/CHISEL/10X/FIT208A7/rdr.tsv
GTGCATAAGTACGCGA-1	R5	10X	11	R5_2	tumour	/mnt/iribhm/homes/aste0033/projects/MPNST/scDNA/CHISEL/10X/FIT208A7/rdr.tsv
GTGCATAGTGATTGGG-1	R5	10X	11	R5_2	tumour	/mnt/iribhm/homes/aste0033/projects/MPNST/scDNA/CHISEL/10X/FIT208A7/rdr.tsv
GTGCATAGTTCGCGTG-1	R5	10X	11	R5_2	tumour	/mnt/iribhm/homes/aste0033/projects/MPNST/scDNA/CHISEL/10X/FIT208A7/rdr.tsv
GTGCGGTTCGTTGGAT-1	R5	10X	11	R5_2	tumour	/mnt/iribhm/homes/aste0033/projects/MPNST/scDNA/CHISEL/10X/FIT208A7/rdr.tsv
GTGCTTCAGTGAACAT-1	R5	10X	11	R5_2	tumour	/mnt/iribhm/homes/aste0033/projects/MPNST/scDNA/CHISEL/10X/FIT208A7/rdr.tsv
GTGTTAGCAGAGCTCC-1	R5	10X	11	R5_2	tumour	/mnt/iribhm/homes/aste0033/projects/MPNST/scDNA/CHISEL/10X/FIT208A7/rdr.tsv
GTTAAGCCATAGAGGC-1	R5	10X	11	R5_2	tumour	/mnt/iribhm/homes/aste0033/projects/MPNST/scDNA/CHISEL/10X/FIT208A7/rdr.tsv
GTTCATTCATAGTGGG-1	R5	10X	11	R5_2	tumour	/mnt/iribhm/homes/aste0033/projects/MPNST/scDNA/CHISEL/10X/FIT208A7/rdr.tsv
GTTCGGGAGTGGTAGC-1	R5	10X	11	R5_2	tumour	/mnt/iribhm/homes/aste0033/projects/MPNST/scDNA/CHISEL/10X/FIT208A7/rdr.tsv
GTTCTCGAGTGGTAAT-1	R5	10X	11	R5_2	tumour	/mnt/iribhm/homes/aste0033/projects/MPNST/scDNA/CHISEL/10X/FIT208A7/rdr.tsv
GTTTCTAAGCCGGTAA-1	R5	10X	11	R5_2	tumour	/mnt/iribhm/homes/aste0033/projects/MPNST/scDNA/CHISEL/10X/FIT208A7/rdr.tsv
TAAACCGAGTCAAGCG-1	R5	10X	11	R5_2	tumour	/mnt/iribhm/homes/aste0033/projects/MPNST/scDNA/CHISEL/10X/FIT208A7/rdr.tsv
TAAGAGAAGAGTGACC-1	R5	10X	11	R5_2	tumour	/mnt/iribhm/homes/aste0033/projects/MPNST/scDNA/CHISEL/10X/FIT208A7/rdr.tsv
TAAGAGAAGCCACGTC-1	R5	10X	11	R5_2	tumour	/mnt/iribhm/homes/aste0033/projects/MPNST/scDNA/CHISEL/10X/FIT208A7/rdr.tsv
TAAGAGAAGCCCAACC-1	R5	10X	11	R5_2	tumour	/mnt/iribhm/homes/aste0033/projects/MPNST/scDNA/CHISEL/10X/FIT208A7/rdr.tsv
TAAGAGACATCGCATA-1	R5	10X	11	R5_2	tumour	/mnt/iribhm/homes/aste0033/projects/MPNST/scDNA/CHISEL/10X/FIT208A7/rdr.tsv
TACACGAGTCGTGAAG-1	R5	10X	11	R5_2	tumour	/mnt/iribhm/homes/aste0033/projects/MPNST/scDNA/CHISEL/10X/FIT208A7/rdr.tsv
TACACGAGTGGACGTA-1	R5	10X	11	R5_2	tumour	/mnt/iribhm/homes/aste0033/projects/MPNST/scDNA/CHISEL/10X/FIT208A7/rdr.tsv
TACACGATCGACCATA-1	R5	10X	11	R5_2	tumour	/mnt/iribhm/homes/aste0033/projects/MPNST/scDNA/CHISEL/10X/FIT208A7/rdr.tsv
TACAGTGTCCTACGAA-1	R5	10X	11	R5_2	tumour	/mnt/iribhm/homes/aste0033/projects/MPNST/scDNA/CHISEL/10X/FIT208A7/rdr.tsv
TACCTATCAGTAGAAT-1	R5	10X	11	R5_2	tumour	/mnt/iribhm/homes/aste0033/projects/MPNST/scDNA/CHISEL/10X/FIT208A7/rdr.tsv
TACTCATAGGGATGGG-1	R5	10X	11	R5_2	tumour	/mnt/iribhm/homes/aste0033/projects/MPNST/scDNA/CHISEL/10X/FIT208A7/rdr.tsv
TACTCATGTAACGGCA-1	R5	10X	11	R5_2	tumour	/mnt/iribhm/homes/aste0033/projects/MPNST/scDNA/CHISEL/10X/FIT208A7/rdr.tsv
TACTCATGTCAGAAGC-1	R5	10X	11	R5_2	tumour	/mnt/iribhm/homes/aste0033/projects/MPNST/scDNA/CHISEL/10X/FIT208A7/rdr.tsv
TACTCGCTCGACCCTT-1	R5	10X	11	R5_2	tumour	/mnt/iribhm/homes/aste0033/projects/MPNST/scDNA/CHISEL/10X/FIT208A7/rdr.tsv
TACTTACAGTCGCGTC-1	R5	10X	11	R5_2	tumour	/mnt/iribhm/homes/aste0033/projects/MPNST/scDNA/CHISEL/10X/FIT208A7/rdr.tsv
TAGACCACACGACTAT-1	R5	10X	11	R5_2	tumour	/mnt/iribhm/homes/aste0033/projects/MPNST/scDNA/CHISEL/10X/FIT208A7/rdr.tsv
TAGACCATCGTTACCC-1	R5	10X	11	R5_2	tumour	/mnt/iribhm/homes/aste0033/projects/MPNST/scDNA/CHISEL/10X/FIT208A7/rdr.tsv
TAGAGCTAGGCGCTCT-1	R5	10X	11	R5_2	tumour	/mnt/iribhm/homes/aste0033/projects/MPNST/scDNA/CHISEL/10X/FIT208A7/rdr.tsv
TAGAGCTCATAGACAA-1	R5	10X	11	R5_2	tumour	/mnt/iribhm/homes/aste0033/projects/MPNST/scDNA/CHISEL/10X/FIT208A7/rdr.tsv
TAGAGCTGTCACCGCA-1	R5	10X	11	R5_2	tumour	/mnt/iribhm/homes/aste0033/projects/MPNST/scDNA/CHISEL/10X/FIT208A7/rdr.tsv
TAGTGGTAGGCTGCTC-1	R5	10X	11	R5_2	tumour	/mnt/iribhm/homes/aste0033/projects/MPNST/scDNA/CHISEL/10X/FIT208A7/rdr.tsv
TAGTGGTGTCGATACT-1	R5	10X	11	R5_2	tumour	/mnt/iribhm/homes/aste0033/projects/MPNST/scDNA/CHISEL/10X/FIT208A7/rdr.tsv
TAGTTGGGTGACTGAG-1	R5	10X	11	R5_2	tumour	/mnt/iribhm/homes/aste0033/projects/MPNST/scDNA/CHISEL/10X/FIT208A7/rdr.tsv
TATCAGGTCATCGGTA-1	R5	10X	11	R5_2	tumour	/mnt/iribhm/homes/aste0033/projects/MPNST/scDNA/CHISEL/10X/FIT208A7/rdr.tsv
TATCTCATCGTTACTT-1	R5	10X	11	R5_2	tumour	/mnt/iribhm/homes/aste0033/projects/MPNST/scDNA/CHISEL/10X/FIT208A7/rdr.tsv
TATTACCTCGAGAGGT-1	R5	10X	11	R5_2	tumour	/mnt/iribhm/homes/aste0033/projects/MPNST/scDNA/CHISEL/10X/FIT208A7/rdr.tsv
TCAACGATCGTTCGAA-1	R5	10X	11	R5_2	tumour	/mnt/iribhm/homes/aste0033/projects/MPNST/scDNA/CHISEL/10X/FIT208A7/rdr.tsv
TCACGAAAGCTTAGAA-1	R5	10X	11	R5_2	tumour	/mnt/iribhm/homes/aste0033/projects/MPNST/scDNA/CHISEL/10X/FIT208A7/rdr.tsv
TCAGCAAAGGCCGAAT-1	R5	10X	11	R5_2	tumour	/mnt/iribhm/homes/aste0033/projects/MPNST/scDNA/CHISEL/10X/FIT208A7/rdr.tsv
TCAGCAATCGAGCACC-1	R5	10X	11	R5_2	tumour	/mnt/iribhm/homes/aste0033/projects/MPNST/scDNA/CHISEL/10X/FIT208A7/rdr.tsv
TCAGCTCAGAGACGAA-1	R5	10X	11	R5_2	tumour	/mnt/iribhm/homes/aste0033/projects/MPNST/scDNA/CHISEL/10X/FIT208A7/rdr.tsv
TCATTTGCAATACTGC-1	R5	10X	11	R5_2	tumour	/mnt/iribhm/homes/aste0033/projects/MPNST/scDNA/CHISEL/10X/FIT208A7/rdr.tsv
TCATTTGCATGAGGCA-1	R5	10X	11	R5_2	tumour	/mnt/iribhm/homes/aste0033/projects/MPNST/scDNA/CHISEL/10X/FIT208A7/rdr.tsv
TCCCGATAGTGGTTAA-1	R5	10X	11	R5_2	tumour	/mnt/iribhm/homes/aste0033/projects/MPNST/scDNA/CHISEL/10X/FIT208A7/rdr.tsv
TCCCGATGTGGCCACT-1	R5	10X	11	R5_2	tumour	/mnt/iribhm/homes/aste0033/projects/MPNST/scDNA/CHISEL/10X/FIT208A7/rdr.tsv
TCGAGGCTCGAATGTC-1	R5	10X	11	R5_2	tumour	/mnt/iribhm/homes/aste0033/projects/MPNST/scDNA/CHISEL/10X/FIT208A7/rdr.tsv
TCGGGACAGCTAGGCA-1	R5	10X	11	R5_2	tumour	/mnt/iribhm/homes/aste0033/projects/MPNST/scDNA/CHISEL/10X/FIT208A7/rdr.tsv
TCTATTGCATTCAGCA-1	R5	10X	11	R5_2	tumour	/mnt/iribhm/homes/aste0033/projects/MPNST/scDNA/CHISEL/10X/FIT208A7/rdr.tsv
TCTCATAAGGGCTTGA-1	R5	10X	11	R5_2	tumour	/mnt/iribhm/homes/aste0033/projects/MPNST/scDNA/CHISEL/10X/FIT208A7/rdr.tsv
TCTCTAAAGCAGATCG-1	R5	10X	11	R5_2	tumour	/mnt/iribhm/homes/aste0033/projects/MPNST/scDNA/CHISEL/10X/FIT208A7/rdr.tsv
TCTGAGAAGTCTAGCT-1	R5	10X	11	R5_2	tumour	/mnt/iribhm/homes/aste0033/projects/MPNST/scDNA/CHISEL/10X/FIT208A7/rdr.tsv
TCTTCGGAGAGGGCTT-1	R5	10X	11	R5_2	tumour	/mnt/iribhm/homes/aste0033/projects/MPNST/scDNA/CHISEL/10X/FIT208A7/rdr.tsv
TCTTTCCAGACGCACA-1	R5	10X	11	R5_2	tumour	/mnt/iribhm/homes/aste0033/projects/MPNST/scDNA/CHISEL/10X/FIT208A7/rdr.tsv
TGAAAGATCGAGTTGT-1	R5	10X	11	R5_2	tumour	/mnt/iribhm/homes/aste0033/projects/MPNST/scDNA/CHISEL/10X/FIT208A7/rdr.tsv
TGACAACAGGAATGGA-1	R5	10X	11	R5_2	tumour	/mnt/iribhm/homes/aste0033/projects/MPNST/scDNA/CHISEL/10X/FIT208A7/rdr.tsv
TGACAACGTTCGCGTG-1	R5	10X	11	R5_2	tumour	/mnt/iribhm/homes/aste0033/projects/MPNST/scDNA/CHISEL/10X/FIT208A7/rdr.tsv
TGACTAGAGTGATGGC-1	R5	10X	11	R5_2	tumour	/mnt/iribhm/homes/aste0033/projects/MPNST/scDNA/CHISEL/10X/FIT208A7/rdr.tsv
TGACTTTAGGCCCGTT-1	R5	10X	11	R5_2	tumour	/mnt/iribhm/homes/aste0033/projects/MPNST/scDNA/CHISEL/10X/FIT208A7/rdr.tsv
TGAGAGGGTCCGCAGT-1	R5	10X	11	R5_2	tumour	/mnt/iribhm/homes/aste0033/projects/MPNST/scDNA/CHISEL/10X/FIT208A7/rdr.tsv
TGAGCCGCACGGAGTA-1	R5	10X	11	R5_2	tumour	/mnt/iribhm/homes/aste0033/projects/MPNST/scDNA/CHISEL/10X/FIT208A7/rdr.tsv
TGAGGGAAGCACACAG-1	R5	10X	11	R5_2	tumour	/mnt/iribhm/homes/aste0033/projects/MPNST/scDNA/CHISEL/10X/FIT208A7/rdr.tsv
TGAGGGAGTCAGTGGA-1	R5	10X	11	R5_2	tumour	/mnt/iribhm/homes/aste0033/projects/MPNST/scDNA/CHISEL/10X/FIT208A7/rdr.tsv
TGAGGGAGTTGGTATC-1	R5	10X	11	R5_2	tumour	/mnt/iribhm/homes/aste0033/projects/MPNST/scDNA/CHISEL/10X/FIT208A7/rdr.tsv
TGAGGGATCACTATGG-1	R5	10X	11	R5_2	tumour	/mnt/iribhm/homes/aste0033/projects/MPNST/scDNA/CHISEL/10X/FIT208A7/rdr.tsv
TGATTTCCAAGAACTA-1	R5	10X	11	R5_2	tumour	/mnt/iribhm/homes/aste0033/projects/MPNST/scDNA/CHISEL/10X/FIT208A7/rdr.tsv
TGATTTCCATTTGCGA-1	R5	10X	11	R5_2	tumour	/mnt/iribhm/homes/aste0033/projects/MPNST/scDNA/CHISEL/10X/FIT208A7/rdr.tsv
TGCACCTCACGGGATA-1	R5	10X	11	R5_2	tumour	/mnt/iribhm/homes/aste0033/projects/MPNST/scDNA/CHISEL/10X/FIT208A7/rdr.tsv
TGCCCATCAAACGGGT-1	R5	10X	11	R5_2	tumour	/mnt/iribhm/homes/aste0033/projects/MPNST/scDNA/CHISEL/10X/FIT208A7/rdr.tsv
TGCGCAGCAGAGCTCC-1	R5	10X	11	R5_2	tumour	/mnt/iribhm/homes/aste0033/projects/MPNST/scDNA/CHISEL/10X/FIT208A7/rdr.tsv
TGCGGGTCACCCACAG-1	R5	10X	11	R5_2	tumour	/mnt/iribhm/homes/aste0033/projects/MPNST/scDNA/CHISEL/10X/FIT208A7/rdr.tsv
TGCGTGGAGAGCCACA-1	R5	10X	11	R5_2	tumour	/mnt/iribhm/homes/aste0033/projects/MPNST/scDNA/CHISEL/10X/FIT208A7/rdr.tsv
TGCGTGGAGTTACGGG-1	R5	10X	11	R5_2	tumour	/mnt/iribhm/homes/aste0033/projects/MPNST/scDNA/CHISEL/10X/FIT208A7/rdr.tsv
TGCTACCAGGACCAGT-1	R5	10X	11	R5_2	tumour	/mnt/iribhm/homes/aste0033/projects/MPNST/scDNA/CHISEL/10X/FIT208A7/rdr.tsv
TGCTACCAGGATCCTT-1	R5	10X	11	R5_2	tumour	/mnt/iribhm/homes/aste0033/projects/MPNST/scDNA/CHISEL/10X/FIT208A7/rdr.tsv
TGCTACCGTTCTTTGT-1	R5	10X	11	R5_2	tumour	/mnt/iribhm/homes/aste0033/projects/MPNST/scDNA/CHISEL/10X/FIT208A7/rdr.tsv
TGCTGCTCAGTACCTA-1	R5	10X	11	R5_2	tumour	/mnt/iribhm/homes/aste0033/projects/MPNST/scDNA/CHISEL/10X/FIT208A7/rdr.tsv
TGGACGCTCTGGGCTG-1	R5	10X	11	R5_2	tumour	/mnt/iribhm/homes/aste0033/projects/MPNST/scDNA/CHISEL/10X/FIT208A7/rdr.tsv
TGGCCAGAGATCTGCT-1	R5	10X	11	R5_2	tumour	/mnt/iribhm/homes/aste0033/projects/MPNST/scDNA/CHISEL/10X/FIT208A7/rdr.tsv
TGGCTGGAGGCAGTCA-1	R5	10X	11	R5_2	tumour	/mnt/iribhm/homes/aste0033/projects/MPNST/scDNA/CHISEL/10X/FIT208A7/rdr.tsv
TGGTTAGCACGCGATC-1	R5	10X	11	R5_2	tumour	/mnt/iribhm/homes/aste0033/projects/MPNST/scDNA/CHISEL/10X/FIT208A7/rdr.tsv
TGGTTAGGTTCGTCAA-1	R5	10X	11	R5_2	tumour	/mnt/iribhm/homes/aste0033/projects/MPNST/scDNA/CHISEL/10X/FIT208A7/rdr.tsv
TGGTTCCTCGACAATC-1	R5	10X	11	R5_2	tumour	/mnt/iribhm/homes/aste0033/projects/MPNST/scDNA/CHISEL/10X/FIT208A7/rdr.tsv
TGTCCCAAGGCTATCT-1	R5	10X	11	R5_2	tumour	/mnt/iribhm/homes/aste0033/projects/MPNST/scDNA/CHISEL/10X/FIT208A7/rdr.tsv
TGTGTTTAGGACTGGT-1	R5	10X	11	R5_2	tumour	/mnt/iribhm/homes/aste0033/projects/MPNST/scDNA/CHISEL/10X/FIT208A7/rdr.tsv
TGTTCCGGTAACAGCG-1	R5	10X	11	R5_2	tumour	/mnt/iribhm/homes/aste0033/projects/MPNST/scDNA/CHISEL/10X/FIT208A7/rdr.tsv
TGTTCCGGTGCGTCAC-1	R5	10X	11	R5_2	tumour	/mnt/iribhm/homes/aste0033/projects/MPNST/scDNA/CHISEL/10X/FIT208A7/rdr.tsv
TTATGCTCAACGTCTA-1	R5	10X	11	R5_2	tumour	/mnt/iribhm/homes/aste0033/projects/MPNST/scDNA/CHISEL/10X/FIT208A7/rdr.tsv
TTATGCTTCACTTTAC-1	R5	10X	11	R5_2	tumour	/mnt/iribhm/homes/aste0033/projects/MPNST/scDNA/CHISEL/10X/FIT208A7/rdr.tsv
TTCCCAGGTTGATCGT-1	R5	10X	11	R5_2	tumour	/mnt/iribhm/homes/aste0033/projects/MPNST/scDNA/CHISEL/10X/FIT208A7/rdr.tsv
TTCCCAGTCACGCGAC-1	R5	10X	11	R5_2	tumour	/mnt/iribhm/homes/aste0033/projects/MPNST/scDNA/CHISEL/10X/FIT208A7/rdr.tsv
TTCGAAGAGGACAGTC-1	R5	10X	11	R5_2	tumour	/mnt/iribhm/homes/aste0033/projects/MPNST/scDNA/CHISEL/10X/FIT208A7/rdr.tsv
TTCGAAGGTCAGTTTG-1	R5	10X	11	R5_2	tumour	/mnt/iribhm/homes/aste0033/projects/MPNST/scDNA/CHISEL/10X/FIT208A7/rdr.tsv
TTCGGTCCACTCTCTG-1	R5	10X	11	R5_2	tumour	/mnt/iribhm/homes/aste0033/projects/MPNST/scDNA/CHISEL/10X/FIT208A7/rdr.tsv
TTCGGTCCATGAGGCA-1	R5	10X	11	R5_2	tumour	/mnt/iribhm/homes/aste0033/projects/MPNST/scDNA/CHISEL/10X/FIT208A7/rdr.tsv
TTCTACACAGGCCTTG-1	R5	10X	11	R5_2	tumour	/mnt/iribhm/homes/aste0033/projects/MPNST/scDNA/CHISEL/10X/FIT208A7/rdr.tsv
TTCTACACATTCAGCA-1	R5	10X	11	R5_2	tumour	/mnt/iribhm/homes/aste0033/projects/MPNST/scDNA/CHISEL/10X/FIT208A7/rdr.tsv
TTCTACATCGCAACGC-1	R5	10X	11	R5_2	tumour	/mnt/iribhm/homes/aste0033/projects/MPNST/scDNA/CHISEL/10X/FIT208A7/rdr.tsv
TTCTCCTTCTGCTACC-1	R5	10X	11	R5_2	tumour	/mnt/iribhm/homes/aste0033/projects/MPNST/scDNA/CHISEL/10X/FIT208A7/rdr.tsv
TTCTTAGGTACGTTCA-1	R5	10X	11	R5_2	tumour	/mnt/iribhm/homes/aste0033/projects/MPNST/scDNA/CHISEL/10X/FIT208A7/rdr.tsv
TTCTTAGGTTGTAGCT-1	R5	10X	11	R5_2	tumour	/mnt/iribhm/homes/aste0033/projects/MPNST/scDNA/CHISEL/10X/FIT208A7/rdr.tsv
TTGAACGAGTCAAGCG-1	R5	10X	11	R5_2	tumour	/mnt/iribhm/homes/aste0033/projects/MPNST/scDNA/CHISEL/10X/FIT208A7/rdr.tsv
TTGAACGGTTACTGAC-1	R5	10X	11	R5_2	tumour	/mnt/iribhm/homes/aste0033/projects/MPNST/scDNA/CHISEL/10X/FIT208A7/rdr.tsv
TTGCCGTCAACTAGTC-1	R5	10X	11	R5_2	tumour	/mnt/iribhm/homes/aste0033/projects/MPNST/scDNA/CHISEL/10X/FIT208A7/rdr.tsv
TTGCCGTCATTCTTGT-1	R5	10X	11	R5_2	tumour	/mnt/iribhm/homes/aste0033/projects/MPNST/scDNA/CHISEL/10X/FIT208A7/rdr.tsv
TTGCGTCCAACGCGCT-1	R5	10X	11	R5_2	tumour	/mnt/iribhm/homes/aste0033/projects/MPNST/scDNA/CHISEL/10X/FIT208A7/rdr.tsv
TTGCGTCGTCATGGCC-1	R5	10X	11	R5_2	tumour	/mnt/iribhm/homes/aste0033/projects/MPNST/scDNA/CHISEL/10X/FIT208A7/rdr.tsv
TTGTAGGAGCCCAGCT-1	R5	10X	11	R5_2	tumour	/mnt/iribhm/homes/aste0033/projects/MPNST/scDNA/CHISEL/10X/FIT208A7/rdr.tsv
TTGTAGGGTCACCAGC-1	R5	10X	11	R5_2	tumour	/mnt/iribhm/homes/aste0033/projects/MPNST/scDNA/CHISEL/10X/FIT208A7/rdr.tsv
TTTACTGCATCGGCGT-1	R5	10X	11	R5_2	tumour	/mnt/iribhm/homes/aste0033/projects/MPNST/scDNA/CHISEL/10X/FIT208A7/rdr.tsv
LES4677A1_124574_18x_15y	R1	DLP	11	R5_2	tumour	/srv/home/aste0033/projects/MPNST/scDNA/CHISEL/DLPp/R1/rdr.tsv
LES4677A1_124574_31x_47y	R2	DLP	11	R5_2	tumour	/srv/home/aste0033/projects/MPNST/scDNA/CHISEL/DLPp/R2/rdr.tsv
LES4677A4_124668_14x_44y	R5	DLP	11	R5_2	tumour	/srv/home/aste0033/projects/MPNST/scDNA/CHISEL/DLPp/R5/rdr.tsv
LES4677A4_124668_14x_47y	R5	DLP	11	R5_2	tumour	/srv/home/aste0033/projects/MPNST/scDNA/CHISEL/DLPp/R5/rdr.tsv
LES4677A4_124668_14x_59y	R5	DLP	11	R5_2	tumour	/srv/home/aste0033/projects/MPNST/scDNA/CHISEL/DLPp/R5/rdr.tsv
LES4677A4_124668_15x_43y	R5	DLP	11	R5_2	tumour	/srv/home/aste0033/projects/MPNST/scDNA/CHISEL/DLPp/R5/rdr.tsv
LES4677A4_124668_15x_46y	R5	DLP	11	R5_2	tumour	/srv/home/aste0033/projects/MPNST/scDNA/CHISEL/DLPp/R5/rdr.tsv
LES4677A4_124668_15x_47y	R5	DLP	11	R5_2	tumour	/srv/home/aste0033/projects/MPNST/scDNA/CHISEL/DLPp/R5/rdr.tsv
LES4677A4_124668_15x_50y	R5	DLP	11	R5_2	tumour	/srv/home/aste0033/projects/MPNST/scDNA/CHISEL/DLPp/R5/rdr.tsv
LES4677A4_124668_15x_55y	R5	DLP	11	R5_2	tumour	/srv/home/aste0033/projects/MPNST/scDNA/CHISEL/DLPp/R5/rdr.tsv
LES4677A4_124668_15x_60y	R5	DLP	11	R5_2	tumour	/srv/home/aste0033/projects/MPNST/scDNA/CHISEL/DLPp/R5/rdr.tsv
LES4677A4_124668_16x_45y	R5	DLP	11	R5_2	tumour	/srv/home/aste0033/projects/MPNST/scDNA/CHISEL/DLPp/R5/rdr.tsv
LES4677A4_124668_16x_49y	R5	DLP	11	R5_2	tumour	/srv/home/aste0033/projects/MPNST/scDNA/CHISEL/DLPp/R5/rdr.tsv
LES4677A4_124668_16x_59y	R5	DLP	11	R5_2	tumour	/srv/home/aste0033/projects/MPNST/scDNA/CHISEL/DLPp/R5/rdr.tsv
LES4677A4_124668_17x_39y	R5	DLP	11	R5_2	tumour	/srv/home/aste0033/projects/MPNST/scDNA/CHISEL/DLPp/R5/rdr.tsv
LES4677A4_124668_17x_49y	R5	DLP	11	R5_2	tumour	/srv/home/aste0033/projects/MPNST/scDNA/CHISEL/DLPp/R5/rdr.tsv
LES4677A4_124668_17x_50y	R5	DLP	11	R5_2	tumour	/srv/home/aste0033/projects/MPNST/scDNA/CHISEL/DLPp/R5/rdr.tsv
LES4677A4_124668_17x_52y	R5	DLP	11	R5_2	tumour	/srv/home/aste0033/projects/MPNST/scDNA/CHISEL/DLPp/R5/rdr.tsv
LES4677A4_124668_17x_56y	R5	DLP	11	R5_2	tumour	/srv/home/aste0033/projects/MPNST/scDNA/CHISEL/DLPp/R5/rdr.tsv
LES4677A4_124668_18x_46y	R5	DLP	11	R5_2	tumour	/srv/home/aste0033/projects/MPNST/scDNA/CHISEL/DLPp/R5/rdr.tsv
LES4677A4_124668_18x_52y	R5	DLP	11	R5_2	tumour	/srv/home/aste0033/projects/MPNST/scDNA/CHISEL/DLPp/R5/rdr.tsv
LES4677A4_124668_18x_59y	R5	DLP	11	R5_2	tumour	/srv/home/aste0033/projects/MPNST/scDNA/CHISEL/DLPp/R5/rdr.tsv
LES4677A4_124668_19x_47y	R5	DLP	11	R5_2	tumour	/srv/home/aste0033/projects/MPNST/scDNA/CHISEL/DLPp/R5/rdr.tsv
LES4677A4_124668_19x_51y	R5	DLP	11	R5_2	tumour	/srv/home/aste0033/projects/MPNST/scDNA/CHISEL/DLPp/R5/rdr.tsv
LES4677A4_124668_19x_55y	R5	DLP	11	R5_2	tumour	/srv/home/aste0033/projects/MPNST/scDNA/CHISEL/DLPp/R5/rdr.tsv
LES4677A4_124668_20x_45y	R5	DLP	11	R5_2	tumour	/srv/home/aste0033/projects/MPNST/scDNA/CHISEL/DLPp/R5/rdr.tsv
LES4677A4_124668_20x_46y	R5	DLP	11	R5_2	tumour	/srv/home/aste0033/projects/MPNST/scDNA/CHISEL/DLPp/R5/rdr.tsv
LES4677A4_124668_20x_47y	R5	DLP	11	R5_2	tumour	/srv/home/aste0033/projects/MPNST/scDNA/CHISEL/DLPp/R5/rdr.tsv
LES4677A4_124668_21x_40y	R5	DLP	11	R5_2	tumour	/srv/home/aste0033/projects/MPNST/scDNA/CHISEL/DLPp/R5/rdr.tsv
LES4677A4_124668_21x_42y	R5	DLP	11	R5_2	tumour	/srv/home/aste0033/projects/MPNST/scDNA/CHISEL/DLPp/R5/rdr.tsv
LES4677A4_124668_21x_45y	R5	DLP	11	R5_2	tumour	/srv/home/aste0033/projects/MPNST/scDNA/CHISEL/DLPp/R5/rdr.tsv
LES4677A4_124668_22x_49y	R5	DLP	11	R5_2	tumour	/srv/home/aste0033/projects/MPNST/scDNA/CHISEL/DLPp/R5/rdr.tsv
LES4677A4_124668_22x_56y	R5	DLP	11	R5_2	tumour	/srv/home/aste0033/projects/MPNST/scDNA/CHISEL/DLPp/R5/rdr.tsv
LES4677A4_124668_23x_39y	R5	DLP	11	R5_2	tumour	/srv/home/aste0033/projects/MPNST/scDNA/CHISEL/DLPp/R5/rdr.tsv
LES4677A4_124668_23x_41y	R5	DLP	11	R5_2	tumour	/srv/home/aste0033/projects/MPNST/scDNA/CHISEL/DLPp/R5/rdr.tsv
LES4677A4_124668_23x_44y	R5	DLP	11	R5_2	tumour	/srv/home/aste0033/projects/MPNST/scDNA/CHISEL/DLPp/R5/rdr.tsv
LES4677A4_124668_23x_46y	R5	DLP	11	R5_2	tumour	/srv/home/aste0033/projects/MPNST/scDNA/CHISEL/DLPp/R5/rdr.tsv
LES4677A4_124668_23x_53y	R5	DLP	11	R5_2	tumour	/srv/home/aste0033/projects/MPNST/scDNA/CHISEL/DLPp/R5/rdr.tsv
LES4677A4_124668_23x_56y	R5	DLP	11	R5_2	tumour	/srv/home/aste0033/projects/MPNST/scDNA/CHISEL/DLPp/R5/rdr.tsv
LES4677A4_124668_24x_44y	R5	DLP	11	R5_2	tumour	/srv/home/aste0033/projects/MPNST/scDNA/CHISEL/DLPp/R5/rdr.tsv
LES4677A4_124668_24x_46y	R5	DLP	11	R5_2	tumour	/srv/home/aste0033/projects/MPNST/scDNA/CHISEL/DLPp/R5/rdr.tsv
LES4677A4_124668_24x_49y	R5	DLP	11	R5_2	tumour	/srv/home/aste0033/projects/MPNST/scDNA/CHISEL/DLPp/R5/rdr.tsv
LES4677A4_124668_24x_50y	R5	DLP	11	R5_2	tumour	/srv/home/aste0033/projects/MPNST/scDNA/CHISEL/DLPp/R5/rdr.tsv
LES4677A4_124668_25x_42y	R5	DLP	11	R5_2	tumour	/srv/home/aste0033/projects/MPNST/scDNA/CHISEL/DLPp/R5/rdr.tsv
LES4677A4_124668_25x_43y	R5	DLP	11	R5_2	tumour	/srv/home/aste0033/projects/MPNST/scDNA/CHISEL/DLPp/R5/rdr.tsv
LES4677A4_124668_25x_50y	R5	DLP	11	R5_2	tumour	/srv/home/aste0033/projects/MPNST/scDNA/CHISEL/DLPp/R5/rdr.tsv
LES4677A4_124668_25x_51y	R5	DLP	11	R5_2	tumour	/srv/home/aste0033/projects/MPNST/scDNA/CHISEL/DLPp/R5/rdr.tsv
LES4677A4_124668_25x_53y	R5	DLP	11	R5_2	tumour	/srv/home/aste0033/projects/MPNST/scDNA/CHISEL/DLPp/R5/rdr.tsv
LES4677A4_124668_26x_44y	R5	DLP	11	R5_2	tumour	/srv/home/aste0033/projects/MPNST/scDNA/CHISEL/DLPp/R5/rdr.tsv
LES4677A4_124668_27x_45y	R5	DLP	11	R5_2	tumour	/srv/home/aste0033/projects/MPNST/scDNA/CHISEL/DLPp/R5/rdr.tsv
LES4677A4_124668_27x_46y	R5	DLP	11	R5_2	tumour	/srv/home/aste0033/projects/MPNST/scDNA/CHISEL/DLPp/R5/rdr.tsv
LES4677A4_124668_27x_53y	R5	DLP	11	R5_2	tumour	/srv/home/aste0033/projects/MPNST/scDNA/CHISEL/DLPp/R5/rdr.tsv
LES4677A4_124668_27x_61y	R5	DLP	11	R5_2	tumour	/srv/home/aste0033/projects/MPNST/scDNA/CHISEL/DLPp/R5/rdr.tsv
LES4677A4_124668_28x_38y	R5	DLP	11	R5_2	tumour	/srv/home/aste0033/projects/MPNST/scDNA/CHISEL/DLPp/R5/rdr.tsv
LES4677A4_124668_28x_42y	R5	DLP	11	R5_2	tumour	/srv/home/aste0033/projects/MPNST/scDNA/CHISEL/DLPp/R5/rdr.tsv
LES4677A4_124668_28x_48y	R5	DLP	11	R5_2	tumour	/srv/home/aste0033/projects/MPNST/scDNA/CHISEL/DLPp/R5/rdr.tsv
LES4677A4_124668_28x_50y	R5	DLP	11	R5_2	tumour	/srv/home/aste0033/projects/MPNST/scDNA/CHISEL/DLPp/R5/rdr.tsv
LES4677A4_124668_28x_59y	R5	DLP	11	R5_2	tumour	/srv/home/aste0033/projects/MPNST/scDNA/CHISEL/DLPp/R5/rdr.tsv
LES4677A4_124668_28x_61y	R5	DLP	11	R5_2	tumour	/srv/home/aste0033/projects/MPNST/scDNA/CHISEL/DLPp/R5/rdr.tsv
LES4677A4_124668_29x_39y	R5	DLP	11	R5_2	tumour	/srv/home/aste0033/projects/MPNST/scDNA/CHISEL/DLPp/R5/rdr.tsv
LES4677A4_124668_29x_49y	R5	DLP	11	R5_2	tumour	/srv/home/aste0033/projects/MPNST/scDNA/CHISEL/DLPp/R5/rdr.tsv
LES4677A4_124668_30x_39y	R5	DLP	11	R5_2	tumour	/srv/home/aste0033/projects/MPNST/scDNA/CHISEL/DLPp/R5/rdr.tsv
LES4677A4_124668_30x_43y	R5	DLP	11	R5_2	tumour	/srv/home/aste0033/projects/MPNST/scDNA/CHISEL/DLPp/R5/rdr.tsv
LES4677A4_124668_30x_46y	R5	DLP	11	R5_2	tumour	/srv/home/aste0033/projects/MPNST/scDNA/CHISEL/DLPp/R5/rdr.tsv
LES4677A4_124668_30x_47y	R5	DLP	11	R5_2	tumour	/srv/home/aste0033/projects/MPNST/scDNA/CHISEL/DLPp/R5/rdr.tsv
LES4677A4_124668_30x_52y	R5	DLP	11	R5_2	tumour	/srv/home/aste0033/projects/MPNST/scDNA/CHISEL/DLPp/R5/rdr.tsv
LES4677A4_124668_30x_56y	R5	DLP	11	R5_2	tumour	/srv/home/aste0033/projects/MPNST/scDNA/CHISEL/DLPp/R5/rdr.tsv
LES4677A4_124668_30x_60y	R5	DLP	11	R5_2	tumour	/srv/home/aste0033/projects/MPNST/scDNA/CHISEL/DLPp/R5/rdr.tsv
LES4677A4_124668_30x_62y	R5	DLP	11	R5_2	tumour	/srv/home/aste0033/projects/MPNST/scDNA/CHISEL/DLPp/R5/rdr.tsv
LES4677A4_124668_31x_38y	R5	DLP	11	R5_2	tumour	/srv/home/aste0033/projects/MPNST/scDNA/CHISEL/DLPp/R5/rdr.tsv
LES4677A4_124668_31x_39y	R5	DLP	11	R5_2	tumour	/srv/home/aste0033/projects/MPNST/scDNA/CHISEL/DLPp/R5/rdr.tsv
LES4677A4_124668_31x_40y	R5	DLP	11	R5_2	tumour	/srv/home/aste0033/projects/MPNST/scDNA/CHISEL/DLPp/R5/rdr.tsv
LES4677A4_124668_31x_45y	R5	DLP	11	R5_2	tumour	/srv/home/aste0033/projects/MPNST/scDNA/CHISEL/DLPp/R5/rdr.tsv
LES4677A4_124668_31x_46y	R5	DLP	11	R5_2	tumour	/srv/home/aste0033/projects/MPNST/scDNA/CHISEL/DLPp/R5/rdr.tsv
LES4677A4_124668_31x_60y	R5	DLP	11	R5_2	tumour	/srv/home/aste0033/projects/MPNST/scDNA/CHISEL/DLPp/R5/rdr.tsv
LES4677A4_124668_32x_42y	R5	DLP	11	R5_2	tumour	/srv/home/aste0033/projects/MPNST/scDNA/CHISEL/DLPp/R5/rdr.tsv
LES4677A4_124668_32x_48y	R5	DLP	11	R5_2	tumour	/srv/home/aste0033/projects/MPNST/scDNA/CHISEL/DLPp/R5/rdr.tsv
LES4677A4_124668_32x_53y	R5	DLP	11	R5_2	tumour	/srv/home/aste0033/projects/MPNST/scDNA/CHISEL/DLPp/R5/rdr.tsv
LES4677A4_124668_33x_52y	R5	DLP	11	R5_2	tumour	/srv/home/aste0033/projects/MPNST/scDNA/CHISEL/DLPp/R5/rdr.tsv
LES4677A4_124668_33x_55y	R5	DLP	11	R5_2	tumour	/srv/home/aste0033/projects/MPNST/scDNA/CHISEL/DLPp/R5/rdr.tsv
LES4677A4_124668_33x_62y	R5	DLP	11	R5_2	tumour	/srv/home/aste0033/projects/MPNST/scDNA/CHISEL/DLPp/R5/rdr.tsv
LES4677A4_124668_34x_45y	R5	DLP	11	R5_2	tumour	/srv/home/aste0033/projects/MPNST/scDNA/CHISEL/DLPp/R5/rdr.tsv
LES4677A4_124668_34x_46y	R5	DLP	11	R5_2	tumour	/srv/home/aste0033/projects/MPNST/scDNA/CHISEL/DLPp/R5/rdr.tsv
LES4677A4_124668_34x_48y	R5	DLP	11	R5_2	tumour	/srv/home/aste0033/projects/MPNST/scDNA/CHISEL/DLPp/R5/rdr.tsv
LES4677A4_124668_34x_53y	R5	DLP	11	R5_2	tumour	/srv/home/aste0033/projects/MPNST/scDNA/CHISEL/DLPp/R5/rdr.tsv
LES4677A4_124668_34x_55y	R5	DLP	11	R5_2	tumour	/srv/home/aste0033/projects/MPNST/scDNA/CHISEL/DLPp/R5/rdr.tsv
LES4677A4_124668_34x_59y	R5	DLP	11	R5_2	tumour	/srv/home/aste0033/projects/MPNST/scDNA/CHISEL/DLPp/R5/rdr.tsv
LES4677A4_124668_36x_38y	R5	DLP	11	R5_2	tumour	/srv/home/aste0033/projects/MPNST/scDNA/CHISEL/DLPp/R5/rdr.tsv
LES4677A4_124668_36x_44y	R5	DLP	11	R5_2	tumour	/srv/home/aste0033/projects/MPNST/scDNA/CHISEL/DLPp/R5/rdr.tsv
LES4677A4_124668_36x_45y	R5	DLP	11	R5_2	tumour	/srv/home/aste0033/projects/MPNST/scDNA/CHISEL/DLPp/R5/rdr.tsv
LES4677A4_124668_36x_47y	R5	DLP	11	R5_2	tumour	/srv/home/aste0033/projects/MPNST/scDNA/CHISEL/DLPp/R5/rdr.tsv
LES4677A4_124668_37x_39y	R5	DLP	11	R5_2	tumour	/srv/home/aste0033/projects/MPNST/scDNA/CHISEL/DLPp/R5/rdr.tsv
LES4677A4_124668_37x_51y	R5	DLP	11	R5_2	tumour	/srv/home/aste0033/projects/MPNST/scDNA/CHISEL/DLPp/R5/rdr.tsv
LES4677A4_124668_37x_62y	R5	DLP	11	R5_2	tumour	/srv/home/aste0033/projects/MPNST/scDNA/CHISEL/DLPp/R5/rdr.tsv
LES4677A4_124668_38x_38y	R5	DLP	11	R5_2	tumour	/srv/home/aste0033/projects/MPNST/scDNA/CHISEL/DLPp/R5/rdr.tsv
LES4677A4_124668_38x_42y	R5	DLP	11	R5_2	tumour	/srv/home/aste0033/projects/MPNST/scDNA/CHISEL/DLPp/R5/rdr.tsv
LES4677A4_124668_38x_43y	R5	DLP	11	R5_2	tumour	/srv/home/aste0033/projects/MPNST/scDNA/CHISEL/DLPp/R5/rdr.tsv
LES4677A4_124668_38x_47y	R5	DLP	11	R5_2	tumour	/srv/home/aste0033/projects/MPNST/scDNA/CHISEL/DLPp/R5/rdr.tsv
LES4677A4_124668_38x_62y	R5	DLP	11	R5_2	tumour	/srv/home/aste0033/projects/MPNST/scDNA/CHISEL/DLPp/R5/rdr.tsv
LES4677A4_124668_39x_39y	R5	DLP	11	R5_2	tumour	/srv/home/aste0033/projects/MPNST/scDNA/CHISEL/DLPp/R5/rdr.tsv
LES4677A4_124668_39x_49y	R5	DLP	11	R5_2	tumour	/srv/home/aste0033/projects/MPNST/scDNA/CHISEL/DLPp/R5/rdr.tsv
LES4677A4_124668_39x_59y	R5	DLP	11	R5_2	tumour	/srv/home/aste0033/projects/MPNST/scDNA/CHISEL/DLPp/R5/rdr.tsv
LES4677A4_124668_40x_58y	R5	DLP	11	R5_2	tumour	/srv/home/aste0033/projects/MPNST/scDNA/CHISEL/DLPp/R5/rdr.tsv
LES4677A4_124668_40x_62y	R5	DLP	11	R5_2	tumour	/srv/home/aste0033/projects/MPNST/scDNA/CHISEL/DLPp/R5/rdr.tsv
LES4677A4_124668_41x_41y	R5	DLP	11	R5_2	tumour	/srv/home/aste0033/projects/MPNST/scDNA/CHISEL/DLPp/R5/rdr.tsv
LES4677A4_124668_41x_42y	R5	DLP	11	R5_2	tumour	/srv/home/aste0033/projects/MPNST/scDNA/CHISEL/DLPp/R5/rdr.tsv
LES4677A4_124668_41x_56y	R5	DLP	11	R5_2	tumour	/srv/home/aste0033/projects/MPNST/scDNA/CHISEL/DLPp/R5/rdr.tsv
LES4677A4_124668_41x_57y	R5	DLP	11	R5_2	tumour	/srv/home/aste0033/projects/MPNST/scDNA/CHISEL/DLPp/R5/rdr.tsv
LES4677A4_124668_41x_59y	R5	DLP	11	R5_2	tumour	/srv/home/aste0033/projects/MPNST/scDNA/CHISEL/DLPp/R5/rdr.tsv
LES4677A4_124668_41x_60y	R5	DLP	11	R5_2	tumour	/srv/home/aste0033/projects/MPNST/scDNA/CHISEL/DLPp/R5/rdr.tsv
LES4677A4_124668_41x_61y	R5	DLP	11	R5_2	tumour	/srv/home/aste0033/projects/MPNST/scDNA/CHISEL/DLPp/R5/rdr.tsv
LES4677A4_124668_42x_38y	R5	DLP	11	R5_2	tumour	/srv/home/aste0033/projects/MPNST/scDNA/CHISEL/DLPp/R5/rdr.tsv
LES4677A4_124668_42x_41y	R5	DLP	11	R5_2	tumour	/srv/home/aste0033/projects/MPNST/scDNA/CHISEL/DLPp/R5/rdr.tsv
LES4677A4_124668_42x_43y	R5	DLP	11	R5_2	tumour	/srv/home/aste0033/projects/MPNST/scDNA/CHISEL/DLPp/R5/rdr.tsv
LES4677A4_124668_42x_44y	R5	DLP	11	R5_2	tumour	/srv/home/aste0033/projects/MPNST/scDNA/CHISEL/DLPp/R5/rdr.tsv
LES4677A4_124668_42x_45y	R5	DLP	11	R5_2	tumour	/srv/home/aste0033/projects/MPNST/scDNA/CHISEL/DLPp/R5/rdr.tsv
LES4677A4_124668_42x_50y	R5	DLP	11	R5_2	tumour	/srv/home/aste0033/projects/MPNST/scDNA/CHISEL/DLPp/R5/rdr.tsv
LES4677A4_124668_42x_51y	R5	DLP	11	R5_2	tumour	/srv/home/aste0033/projects/MPNST/scDNA/CHISEL/DLPp/R5/rdr.tsv
LES4677A4_124668_42x_62y	R5	DLP	11	R5_2	tumour	/srv/home/aste0033/projects/MPNST/scDNA/CHISEL/DLPp/R5/rdr.tsv
LES4677A4_124668_43x_40y	R5	DLP	11	R5_2	tumour	/srv/home/aste0033/projects/MPNST/scDNA/CHISEL/DLPp/R5/rdr.tsv
LES4677A4_124668_43x_47y	R5	DLP	11	R5_2	tumour	/srv/home/aste0033/projects/MPNST/scDNA/CHISEL/DLPp/R5/rdr.tsv
LES4677A4_124668_44x_38y	R5	DLP	11	R5_2	tumour	/srv/home/aste0033/projects/MPNST/scDNA/CHISEL/DLPp/R5/rdr.tsv
LES4677A4_124668_44x_44y	R5	DLP	11	R5_2	tumour	/srv/home/aste0033/projects/MPNST/scDNA/CHISEL/DLPp/R5/rdr.tsv
LES4677A4_124668_44x_60y	R5	DLP	11	R5_2	tumour	/srv/home/aste0033/projects/MPNST/scDNA/CHISEL/DLPp/R5/rdr.tsv
LES4677A4_124668_45x_38y	R5	DLP	11	R5_2	tumour	/srv/home/aste0033/projects/MPNST/scDNA/CHISEL/DLPp/R5/rdr.tsv
LES4677A4_124668_45x_42y	R5	DLP	11	R5_2	tumour	/srv/home/aste0033/projects/MPNST/scDNA/CHISEL/DLPp/R5/rdr.tsv
LES4677A4_124668_45x_46y	R5	DLP	11	R5_2	tumour	/srv/home/aste0033/projects/MPNST/scDNA/CHISEL/DLPp/R5/rdr.tsv
LES4677A4_124668_45x_50y	R5	DLP	11	R5_2	tumour	/srv/home/aste0033/projects/MPNST/scDNA/CHISEL/DLPp/R5/rdr.tsv
LES4677A4_124668_45x_59y	R5	DLP	11	R5_2	tumour	/srv/home/aste0033/projects/MPNST/scDNA/CHISEL/DLPp/R5/rdr.tsv
LES4677A4_124668_46x_40y	R5	DLP	11	R5_2	tumour	/srv/home/aste0033/projects/MPNST/scDNA/CHISEL/DLPp/R5/rdr.tsv
LES4677A4_124668_46x_41y	R5	DLP	11	R5_2	tumour	/srv/home/aste0033/projects/MPNST/scDNA/CHISEL/DLPp/R5/rdr.tsv
LES4677A4_124668_46x_55y	R5	DLP	11	R5_2	tumour	/srv/home/aste0033/projects/MPNST/scDNA/CHISEL/DLPp/R5/rdr.tsv
LES4677A4_124668_47x_42y	R5	DLP	11	R5_2	tumour	/srv/home/aste0033/projects/MPNST/scDNA/CHISEL/DLPp/R5/rdr.tsv
LES4677A4_124668_47x_50y	R5	DLP	11	R5_2	tumour	/srv/home/aste0033/projects/MPNST/scDNA/CHISEL/DLPp/R5/rdr.tsv
LES4677A4_124668_47x_52y	R5	DLP	11	R5_2	tumour	/srv/home/aste0033/projects/MPNST/scDNA/CHISEL/DLPp/R5/rdr.tsv
LES4677A4_124668_47x_53y	R5	DLP	11	R5_2	tumour	/srv/home/aste0033/projects/MPNST/scDNA/CHISEL/DLPp/R5/rdr.tsv
LES4677A4_124668_48x_38y	R5	DLP	11	R5_2	tumour	/srv/home/aste0033/projects/MPNST/scDNA/CHISEL/DLPp/R5/rdr.tsv
LES4677A4_124668_48x_40y	R5	DLP	11	R5_2	tumour	/srv/home/aste0033/projects/MPNST/scDNA/CHISEL/DLPp/R5/rdr.tsv
LES4677A4_124668_48x_43y	R5	DLP	11	R5_2	tumour	/srv/home/aste0033/projects/MPNST/scDNA/CHISEL/DLPp/R5/rdr.tsv
LES4677A4_124668_48x_45y	R5	DLP	11	R5_2	tumour	/srv/home/aste0033/projects/MPNST/scDNA/CHISEL/DLPp/R5/rdr.tsv
LES4677A4_124668_48x_48y	R5	DLP	11	R5_2	tumour	/srv/home/aste0033/projects/MPNST/scDNA/CHISEL/DLPp/R5/rdr.tsv
LES4677A4_124668_48x_58y	R5	DLP	11	R5_2	tumour	/srv/home/aste0033/projects/MPNST/scDNA/CHISEL/DLPp/R5/rdr.tsv
LES4677A4_124668_49x_40y	R5	DLP	11	R5_2	tumour	/srv/home/aste0033/projects/MPNST/scDNA/CHISEL/DLPp/R5/rdr.tsv
LES4677A4_124668_49x_45y	R5	DLP	11	R5_2	tumour	/srv/home/aste0033/projects/MPNST/scDNA/CHISEL/DLPp/R5/rdr.tsv
LES4677A4_124668_49x_55y	R5	DLP	11	R5_2	tumour	/srv/home/aste0033/projects/MPNST/scDNA/CHISEL/DLPp/R5/rdr.tsv
LES4677A4_124668_50x_40y	R5	DLP	11	R5_2	tumour	/srv/home/aste0033/projects/MPNST/scDNA/CHISEL/DLPp/R5/rdr.tsv
LES4677A4_124668_50x_41y	R5	DLP	11	R5_2	tumour	/srv/home/aste0033/projects/MPNST/scDNA/CHISEL/DLPp/R5/rdr.tsv
LES4677A4_124668_50x_50y	R5	DLP	11	R5_2	tumour	/srv/home/aste0033/projects/MPNST/scDNA/CHISEL/DLPp/R5/rdr.tsv
LES4677A4_124668_50x_54y	R5	DLP	11	R5_2	tumour	/srv/home/aste0033/projects/MPNST/scDNA/CHISEL/DLPp/R5/rdr.tsv
LES4677A4_124668_51x_41y	R5	DLP	11	R5_2	tumour	/srv/home/aste0033/projects/MPNST/scDNA/CHISEL/DLPp/R5/rdr.tsv
LES4677A4_124668_51x_46y	R5	DLP	11	R5_2	tumour	/srv/home/aste0033/projects/MPNST/scDNA/CHISEL/DLPp/R5/rdr.tsv
LES4677A4_124668_51x_48y	R5	DLP	11	R5_2	tumour	/srv/home/aste0033/projects/MPNST/scDNA/CHISEL/DLPp/R5/rdr.tsv
LES4677A4_124668_52x_39y	R5	DLP	11	R5_2	tumour	/srv/home/aste0033/projects/MPNST/scDNA/CHISEL/DLPp/R5/rdr.tsv
LES4677A4_124668_52x_41y	R5	DLP	11	R5_2	tumour	/srv/home/aste0033/projects/MPNST/scDNA/CHISEL/DLPp/R5/rdr.tsv
LES4677A4_124668_52x_42y	R5	DLP	11	R5_2	tumour	/srv/home/aste0033/projects/MPNST/scDNA/CHISEL/DLPp/R5/rdr.tsv
LES4677A4_124668_52x_44y	R5	DLP	11	R5_2	tumour	/srv/home/aste0033/projects/MPNST/scDNA/CHISEL/DLPp/R5/rdr.tsv
LES4677A4_124668_52x_45y	R5	DLP	11	R5_2	tumour	/srv/home/aste0033/projects/MPNST/scDNA/CHISEL/DLPp/R5/rdr.tsv
LES4677A4_124668_52x_52y	R5	DLP	11	R5_2	tumour	/srv/home/aste0033/projects/MPNST/scDNA/CHISEL/DLPp/R5/rdr.tsv
LES4677A4_124668_52x_55y	R5	DLP	11	R5_2	tumour	/srv/home/aste0033/projects/MPNST/scDNA/CHISEL/DLPp/R5/rdr.tsv
LES4677A4_124668_52x_57y	R5	DLP	11	R5_2	tumour	/srv/home/aste0033/projects/MPNST/scDNA/CHISEL/DLPp/R5/rdr.tsv
LES4677A4_124668_52x_59y	R5	DLP	11	R5_2	tumour	/srv/home/aste0033/projects/MPNST/scDNA/CHISEL/DLPp/R5/rdr.tsv
LES4677A4_124668_53x_44y	R5	DLP	11	R5_2	tumour	/srv/home/aste0033/projects/MPNST/scDNA/CHISEL/DLPp/R5/rdr.tsv
LES4677A4_124668_53x_45y	R5	DLP	11	R5_2	tumour	/srv/home/aste0033/projects/MPNST/scDNA/CHISEL/DLPp/R5/rdr.tsv
LES4677A4_124668_53x_48y	R5	DLP	11	R5_2	tumour	/srv/home/aste0033/projects/MPNST/scDNA/CHISEL/DLPp/R5/rdr.tsv
LES4677A4_124668_53x_49y	R5	DLP	11	R5_2	tumour	/srv/home/aste0033/projects/MPNST/scDNA/CHISEL/DLPp/R5/rdr.tsv
LES4677A4_124668_53x_57y	R5	DLP	11	R5_2	tumour	/srv/home/aste0033/projects/MPNST/scDNA/CHISEL/DLPp/R5/rdr.tsv
LES4677A4_124668_54x_40y	R5	DLP	11	R5_2	tumour	/srv/home/aste0033/projects/MPNST/scDNA/CHISEL/DLPp/R5/rdr.tsv
LES4677A4_124668_54x_42y	R5	DLP	11	R5_2	tumour	/srv/home/aste0033/projects/MPNST/scDNA/CHISEL/DLPp/R5/rdr.tsv
LES4677A4_124668_54x_44y	R5	DLP	11	R5_2	tumour	/srv/home/aste0033/projects/MPNST/scDNA/CHISEL/DLPp/R5/rdr.tsv
LES4677A4_124668_54x_47y	R5	DLP	11	R5_2	tumour	/srv/home/aste0033/projects/MPNST/scDNA/CHISEL/DLPp/R5/rdr.tsv
LES4677A4_124668_54x_48y	R5	DLP	11	R5_2	tumour	/srv/home/aste0033/projects/MPNST/scDNA/CHISEL/DLPp/R5/rdr.tsv
LES4677A4_124668_54x_49y	R5	DLP	11	R5_2	tumour	/srv/home/aste0033/projects/MPNST/scDNA/CHISEL/DLPp/R5/rdr.tsv
LES4677A4_124668_54x_56y	R5	DLP	11	R5_2	tumour	/srv/home/aste0033/projects/MPNST/scDNA/CHISEL/DLPp/R5/rdr.tsv
LES4677A4_124668_54x_59y	R5	DLP	11	R5_2	tumour	/srv/home/aste0033/projects/MPNST/scDNA/CHISEL/DLPp/R5/rdr.tsv
LES4677A4_124668_55x_39y	R5	DLP	11	R5_2	tumour	/srv/home/aste0033/projects/MPNST/scDNA/CHISEL/DLPp/R5/rdr.tsv
LES4677A4_124668_55x_40y	R5	DLP	11	R5_2	tumour	/srv/home/aste0033/projects/MPNST/scDNA/CHISEL/DLPp/R5/rdr.tsv
LES4677A4_124668_55x_43y	R5	DLP	11	R5_2	tumour	/srv/home/aste0033/projects/MPNST/scDNA/CHISEL/DLPp/R5/rdr.tsv
LES4677A4_124668_55x_44y	R5	DLP	11	R5_2	tumour	/srv/home/aste0033/projects/MPNST/scDNA/CHISEL/DLPp/R5/rdr.tsv
LES4677A4_124668_55x_48y	R5	DLP	11	R5_2	tumour	/srv/home/aste0033/projects/MPNST/scDNA/CHISEL/DLPp/R5/rdr.tsv
LES4677A4_124668_55x_52y	R5	DLP	11	R5_2	tumour	/srv/home/aste0033/projects/MPNST/scDNA/CHISEL/DLPp/R5/rdr.tsv
LES4677A4_124668_56x_41y	R5	DLP	11	R5_2	tumour	/srv/home/aste0033/projects/MPNST/scDNA/CHISEL/DLPp/R5/rdr.tsv
LES4677A4_124668_56x_43y	R5	DLP	11	R5_2	tumour	/srv/home/aste0033/projects/MPNST/scDNA/CHISEL/DLPp/R5/rdr.tsv
LES4677A4_124668_56x_44y	R5	DLP	11	R5_2	tumour	/srv/home/aste0033/projects/MPNST/scDNA/CHISEL/DLPp/R5/rdr.tsv
LES4677A4_124668_56x_47y	R5	DLP	11	R5_2	tumour	/srv/home/aste0033/projects/MPNST/scDNA/CHISEL/DLPp/R5/rdr.tsv
LES4677A4_124668_56x_48y	R5	DLP	11	R5_2	tumour	/srv/home/aste0033/projects/MPNST/scDNA/CHISEL/DLPp/R5/rdr.tsv
LES4677A4_124668_56x_51y	R5	DLP	11	R5_2	tumour	/srv/home/aste0033/projects/MPNST/scDNA/CHISEL/DLPp/R5/rdr.tsv
LES4677A4_124668_56x_52y	R5	DLP	11	R5_2	tumour	/srv/home/aste0033/projects/MPNST/scDNA/CHISEL/DLPp/R5/rdr.tsv
LES4677A4_124668_57x_39y	R5	DLP	11	R5_2	tumour	/srv/home/aste0033/projects/MPNST/scDNA/CHISEL/DLPp/R5/rdr.tsv
LES4677A4_124668_57x_43y	R5	DLP	11	R5_2	tumour	/srv/home/aste0033/projects/MPNST/scDNA/CHISEL/DLPp/R5/rdr.tsv
LES4677A4_124668_57x_44y	R5	DLP	11	R5_2	tumour	/srv/home/aste0033/projects/MPNST/scDNA/CHISEL/DLPp/R5/rdr.tsv
LES4677A4_124668_57x_46y	R5	DLP	11	R5_2	tumour	/srv/home/aste0033/projects/MPNST/scDNA/CHISEL/DLPp/R5/rdr.tsv
LES4677A4_124668_57x_48y	R5	DLP	11	R5_2	tumour	/srv/home/aste0033/projects/MPNST/scDNA/CHISEL/DLPp/R5/rdr.tsv
LES4677A4_124668_57x_50y	R5	DLP	11	R5_2	tumour	/srv/home/aste0033/projects/MPNST/scDNA/CHISEL/DLPp/R5/rdr.tsv
LES4677A4_124668_57x_52y	R5	DLP	11	R5_2	tumour	/srv/home/aste0033/projects/MPNST/scDNA/CHISEL/DLPp/R5/rdr.tsv
LES4677A4_124668_57x_53y	R5	DLP	11	R5_2	tumour	/srv/home/aste0033/projects/MPNST/scDNA/CHISEL/DLPp/R5/rdr.tsv
LES4677A4_124668_58x_41y	R5	DLP	11	R5_2	tumour	/srv/home/aste0033/projects/MPNST/scDNA/CHISEL/DLPp/R5/rdr.tsv
LES4677A4_124668_58x_56y	R5	DLP	11	R5_2	tumour	/srv/home/aste0033/projects/MPNST/scDNA/CHISEL/DLPp/R5/rdr.tsv
LES4677A4_124668_58x_57y	R5	DLP	11	R5_2	tumour	/srv/home/aste0033/projects/MPNST/scDNA/CHISEL/DLPp/R5/rdr.tsv
LES4677A4_124668_58x_58y	R5	DLP	11	R5_2	tumour	/srv/home/aste0033/projects/MPNST/scDNA/CHISEL/DLPp/R5/rdr.tsv
LES4677A4_124668_59x_41y	R5	DLP	11	R5_2	tumour	/srv/home/aste0033/projects/MPNST/scDNA/CHISEL/DLPp/R5/rdr.tsv
LES4677A4_124668_59x_43y	R5	DLP	11	R5_2	tumour	/srv/home/aste0033/projects/MPNST/scDNA/CHISEL/DLPp/R5/rdr.tsv
LES4677A4_124668_59x_46y	R5	DLP	11	R5_2	tumour	/srv/home/aste0033/projects/MPNST/scDNA/CHISEL/DLPp/R5/rdr.tsv
LES4677A4_124668_59x_47y	R5	DLP	11	R5_2	tumour	/srv/home/aste0033/projects/MPNST/scDNA/CHISEL/DLPp/R5/rdr.tsv
LES4677A4_124668_59x_48y	R5	DLP	11	R5_2	tumour	/srv/home/aste0033/projects/MPNST/scDNA/CHISEL/DLPp/R5/rdr.tsv
LES4677A4_124668_59x_51y	R5	DLP	11	R5_2	tumour	/srv/home/aste0033/projects/MPNST/scDNA/CHISEL/DLPp/R5/rdr.tsv
LES4677A4_124668_59x_53y	R5	DLP	11	R5_2	tumour	/srv/home/aste0033/projects/MPNST/scDNA/CHISEL/DLPp/R5/rdr.tsv
LES4677A4_124668_59x_56y	R5	DLP	11	R5_2	tumour	/srv/home/aste0033/projects/MPNST/scDNA/CHISEL/DLPp/R5/rdr.tsv
LES4677A4_124668_60x_48y	R5	DLP	11	R5_2	tumour	/srv/home/aste0033/projects/MPNST/scDNA/CHISEL/DLPp/R5/rdr.tsv
LES4677A4_124668_61x_38y	R5	DLP	11	R5_2	tumour	/srv/home/aste0033/projects/MPNST/scDNA/CHISEL/DLPp/R5/rdr.tsv
LES4677A4_124668_61x_39y	R5	DLP	11	R5_2	tumour	/srv/home/aste0033/projects/MPNST/scDNA/CHISEL/DLPp/R5/rdr.tsv
LES4677A4_124668_61x_43y	R5	DLP	11	R5_2	tumour	/srv/home/aste0033/projects/MPNST/scDNA/CHISEL/DLPp/R5/rdr.tsv
LES4677A4_124668_61x_46y	R5	DLP	11	R5_2	tumour	/srv/home/aste0033/projects/MPNST/scDNA/CHISEL/DLPp/R5/rdr.tsv
LES4677A4_124668_61x_47y	R5	DLP	11	R5_2	tumour	/srv/home/aste0033/projects/MPNST/scDNA/CHISEL/DLPp/R5/rdr.tsv
LES4677A4_124668_61x_52y	R5	DLP	11	R5_2	tumour	/srv/home/aste0033/projects/MPNST/scDNA/CHISEL/DLPp/R5/rdr.tsv
LES4677A4_124668_62x_40y	R5	DLP	11	R5_2	tumour	/srv/home/aste0033/projects/MPNST/scDNA/CHISEL/DLPp/R5/rdr.tsv
LES4677A4_124668_62x_42y	R5	DLP	11	R5_2	tumour	/srv/home/aste0033/projects/MPNST/scDNA/CHISEL/DLPp/R5/rdr.tsv
LES4677A4_124668_62x_43y	R5	DLP	11	R5_2	tumour	/srv/home/aste0033/projects/MPNST/scDNA/CHISEL/DLPp/R5/rdr.tsv
LES4677A4_124668_62x_50y	R5	DLP	11	R5_2	tumour	/srv/home/aste0033/projects/MPNST/scDNA/CHISEL/DLPp/R5/rdr.tsv
AAACCTGGTACCGCTG-1	R5	10X	16	R5_3	tumour	/mnt/iribhm/homes/aste0033/projects/MPNST/scDNA/CHISEL/10X/FIT208A7/rdr.tsv
AAAGATGAGATGTCTC-1	R5	10X	16	R5_3	tumour	/mnt/iribhm/homes/aste0033/projects/MPNST/scDNA/CHISEL/10X/FIT208A7/rdr.tsv
AAAGATGTCCGTAATG-1	R5	10X	16	R5_3	tumour	/mnt/iribhm/homes/aste0033/projects/MPNST/scDNA/CHISEL/10X/FIT208A7/rdr.tsv
AACTTTCGTTGGGACA-1	R5	10X	16	R5_3	tumour	/mnt/iribhm/homes/aste0033/projects/MPNST/scDNA/CHISEL/10X/FIT208A7/rdr.tsv
AAGGCAGAGGAAACTT-1	R5	10X	16	R5_3	tumour	/mnt/iribhm/homes/aste0033/projects/MPNST/scDNA/CHISEL/10X/FIT208A7/rdr.tsv
AATCGGTTCCTGCGTT-1	R5	10X	16	R5_3	tumour	/mnt/iribhm/homes/aste0033/projects/MPNST/scDNA/CHISEL/10X/FIT208A7/rdr.tsv
ACACCCTAGCCAACAG-1	R5	10X	16	R5_3	tumour	/mnt/iribhm/homes/aste0033/projects/MPNST/scDNA/CHISEL/10X/FIT208A7/rdr.tsv
ACACCCTTCAACAGTC-1	R5	10X	16	R5_3	tumour	/mnt/iribhm/homes/aste0033/projects/MPNST/scDNA/CHISEL/10X/FIT208A7/rdr.tsv
ACAGCCGAGTGATCGG-1	R5	10X	16	R5_3	tumour	/mnt/iribhm/homes/aste0033/projects/MPNST/scDNA/CHISEL/10X/FIT208A7/rdr.tsv
ACATGGTTCCAGGTTA-1	R5	10X	16	R5_3	tumour	/mnt/iribhm/homes/aste0033/projects/MPNST/scDNA/CHISEL/10X/FIT208A7/rdr.tsv
ACGATACGTTGAAGGC-1	R5	10X	16	R5_3	tumour	/mnt/iribhm/homes/aste0033/projects/MPNST/scDNA/CHISEL/10X/FIT208A7/rdr.tsv
ACGATGTTCTCACCTG-1	R5	10X	16	R5_3	tumour	/mnt/iribhm/homes/aste0033/projects/MPNST/scDNA/CHISEL/10X/FIT208A7/rdr.tsv
ACGCAGCTCCTACTCG-1	R1	10X	16	R5_3	tumour	/mnt/iribhm/homes/aste0033/projects/MPNST/scDNA/CHISEL/10X/FIT208A3/rdr.tsv
ACGGAGAAGCAGGCTA-1	R5	10X	16	R5_3	tumour	/mnt/iribhm/homes/aste0033/projects/MPNST/scDNA/CHISEL/10X/FIT208A7/rdr.tsv
ACGGAGACACAGCCAC-1	R5	10X	16	R5_3	tumour	/mnt/iribhm/homes/aste0033/projects/MPNST/scDNA/CHISEL/10X/FIT208A7/rdr.tsv
ACGGGTCCAATCGTCA-1	R5	10X	16	R5_3	tumour	/mnt/iribhm/homes/aste0033/projects/MPNST/scDNA/CHISEL/10X/FIT208A7/rdr.tsv
ACTGAACGTATGACTC-1	R5	10X	16	R5_3	tumour	/mnt/iribhm/homes/aste0033/projects/MPNST/scDNA/CHISEL/10X/FIT208A7/rdr.tsv
ACTGTCCAGTTACCCA-1	R5	10X	16	R5_3	tumour	/mnt/iribhm/homes/aste0033/projects/MPNST/scDNA/CHISEL/10X/FIT208A7/rdr.tsv
AGATTGCCAATGGCTT-1	R5	10X	16	R5_3	tumour	/mnt/iribhm/homes/aste0033/projects/MPNST/scDNA/CHISEL/10X/FIT208A7/rdr.tsv
AGCATACAGAAACGCC-1	R5	10X	16	R5_3	tumour	/mnt/iribhm/homes/aste0033/projects/MPNST/scDNA/CHISEL/10X/FIT208A7/rdr.tsv
AGCATACAGCGAACTG-1	R5	10X	16	R5_3	tumour	/mnt/iribhm/homes/aste0033/projects/MPNST/scDNA/CHISEL/10X/FIT208A7/rdr.tsv
AGCGGTCCAGTAGGGT-1	R5	10X	16	R5_3	tumour	/mnt/iribhm/homes/aste0033/projects/MPNST/scDNA/CHISEL/10X/FIT208A7/rdr.tsv
AGCTTGACACGTACAT-1	R5	10X	16	R5_3	tumour	/mnt/iribhm/homes/aste0033/projects/MPNST/scDNA/CHISEL/10X/FIT208A7/rdr.tsv
AGGCCGTCAACCCTGG-1	R1	10X	16	R5_3	tumour	/mnt/iribhm/homes/aste0033/projects/MPNST/scDNA/CHISEL/10X/FIT208A3/rdr.tsv
AGGTCCGAGGCGCTCT-1	R5	10X	16	R5_3	tumour	/mnt/iribhm/homes/aste0033/projects/MPNST/scDNA/CHISEL/10X/FIT208A7/rdr.tsv
AGTCTTTGTGAGTCAG-1	R5	10X	16	R5_3	tumour	/mnt/iribhm/homes/aste0033/projects/MPNST/scDNA/CHISEL/10X/FIT208A7/rdr.tsv
ATCATCTTCCTCTCAG-1	R5	10X	16	R5_3	tumour	/mnt/iribhm/homes/aste0033/projects/MPNST/scDNA/CHISEL/10X/FIT208A7/rdr.tsv
ATCATGGAGGTGTGCA-1	R5	10X	16	R5_3	tumour	/mnt/iribhm/homes/aste0033/projects/MPNST/scDNA/CHISEL/10X/FIT208A7/rdr.tsv
ATCGAGTTCCGCTGGA-1	R5	10X	16	R5_3	tumour	/mnt/iribhm/homes/aste0033/projects/MPNST/scDNA/CHISEL/10X/FIT208A7/rdr.tsv
ATCTACTCAACGTCTA-1	R5	10X	16	R5_3	tumour	/mnt/iribhm/homes/aste0033/projects/MPNST/scDNA/CHISEL/10X/FIT208A7/rdr.tsv
ATTGGACCAAGCACGA-1	R5	10X	16	R5_3	tumour	/mnt/iribhm/homes/aste0033/projects/MPNST/scDNA/CHISEL/10X/FIT208A7/rdr.tsv
ATTGGACTCGTTAAGC-1	R5	10X	16	R5_3	tumour	/mnt/iribhm/homes/aste0033/projects/MPNST/scDNA/CHISEL/10X/FIT208A7/rdr.tsv
CAAGATCAGTCCATAC-1	R5	10X	16	R5_3	tumour	/mnt/iribhm/homes/aste0033/projects/MPNST/scDNA/CHISEL/10X/FIT208A7/rdr.tsv
CACAAACTCCTCTGCA-1	R5	10X	16	R5_3	tumour	/mnt/iribhm/homes/aste0033/projects/MPNST/scDNA/CHISEL/10X/FIT208A7/rdr.tsv
CACATAGAGTGTCCAT-1	R5	10X	16	R5_3	tumour	/mnt/iribhm/homes/aste0033/projects/MPNST/scDNA/CHISEL/10X/FIT208A7/rdr.tsv
CACATTTGTTCTCTCG-1	R5	10X	16	R5_3	tumour	/mnt/iribhm/homes/aste0033/projects/MPNST/scDNA/CHISEL/10X/FIT208A7/rdr.tsv
CAGAGAGAGAGCTGGT-1	R5	10X	16	R5_3	tumour	/mnt/iribhm/homes/aste0033/projects/MPNST/scDNA/CHISEL/10X/FIT208A7/rdr.tsv
CAGAGAGGTGTTCCGG-1	R5	10X	16	R5_3	tumour	/mnt/iribhm/homes/aste0033/projects/MPNST/scDNA/CHISEL/10X/FIT208A7/rdr.tsv
CAGATCAGTGAGTCAG-1	R5	10X	16	R5_3	tumour	/mnt/iribhm/homes/aste0033/projects/MPNST/scDNA/CHISEL/10X/FIT208A7/rdr.tsv
CAGCATATCGAGGAGT-1	R5	10X	16	R5_3	tumour	/mnt/iribhm/homes/aste0033/projects/MPNST/scDNA/CHISEL/10X/FIT208A7/rdr.tsv
CAGCCGAAGACAGAGA-1	R5	10X	16	R5_3	tumour	/mnt/iribhm/homes/aste0033/projects/MPNST/scDNA/CHISEL/10X/FIT208A7/rdr.tsv
CAGCCGAAGGTGCTAG-1	R5	10X	16	R5_3	tumour	/mnt/iribhm/homes/aste0033/projects/MPNST/scDNA/CHISEL/10X/FIT208A7/rdr.tsv
CAGCTGGTCGTTAAGC-1	R5	10X	16	R5_3	tumour	/mnt/iribhm/homes/aste0033/projects/MPNST/scDNA/CHISEL/10X/FIT208A7/rdr.tsv
CATATTCCAGATTGTC-1	R5	10X	16	R5_3	tumour	/mnt/iribhm/homes/aste0033/projects/MPNST/scDNA/CHISEL/10X/FIT208A7/rdr.tsv
CATCAAGCAACAACTC-1	R5	10X	16	R5_3	tumour	/mnt/iribhm/homes/aste0033/projects/MPNST/scDNA/CHISEL/10X/FIT208A7/rdr.tsv
CCACTACCATAGGACG-1	R5	10X	16	R5_3	tumour	/mnt/iribhm/homes/aste0033/projects/MPNST/scDNA/CHISEL/10X/FIT208A7/rdr.tsv
CCCAATCTCCGAGTCG-1	R5	10X	16	R5_3	tumour	/mnt/iribhm/homes/aste0033/projects/MPNST/scDNA/CHISEL/10X/FIT208A7/rdr.tsv
CCCAGTTAGTTCCACA-1	R5	10X	16	R5_3	tumour	/mnt/iribhm/homes/aste0033/projects/MPNST/scDNA/CHISEL/10X/FIT208A7/rdr.tsv
CCCAGTTTCGGATGCC-1	R5	10X	16	R5_3	tumour	/mnt/iribhm/homes/aste0033/projects/MPNST/scDNA/CHISEL/10X/FIT208A7/rdr.tsv
CCCATACCACACACGC-1	R5	10X	16	R5_3	tumour	/mnt/iribhm/homes/aste0033/projects/MPNST/scDNA/CHISEL/10X/FIT208A7/rdr.tsv
CCCTCCTAGAGTCCTT-1	R5	10X	16	R5_3	tumour	/mnt/iribhm/homes/aste0033/projects/MPNST/scDNA/CHISEL/10X/FIT208A7/rdr.tsv
CCGGTAGGTACCTTGA-1	R5	10X	16	R5_3	tumour	/mnt/iribhm/homes/aste0033/projects/MPNST/scDNA/CHISEL/10X/FIT208A7/rdr.tsv
CCGGTAGGTTCTCTCG-1	R5	10X	16	R5_3	tumour	/mnt/iribhm/homes/aste0033/projects/MPNST/scDNA/CHISEL/10X/FIT208A7/rdr.tsv
CCGTACTTCCCTGAGG-1	R5	10X	16	R5_3	tumour	/mnt/iribhm/homes/aste0033/projects/MPNST/scDNA/CHISEL/10X/FIT208A7/rdr.tsv
CCGTGGAGTTTGGGCC-1	R5	10X	16	R5_3	tumour	/mnt/iribhm/homes/aste0033/projects/MPNST/scDNA/CHISEL/10X/FIT208A7/rdr.tsv
CCGTTCATCTGAGATC-1	R5	10X	16	R5_3	tumour	/mnt/iribhm/homes/aste0033/projects/MPNST/scDNA/CHISEL/10X/FIT208A7/rdr.tsv
CCTCAGTGTTGTCACA-1	R5	10X	16	R5_3	tumour	/mnt/iribhm/homes/aste0033/projects/MPNST/scDNA/CHISEL/10X/FIT208A7/rdr.tsv
CCTTCCCAGCCAGTTT-1	R5	10X	16	R5_3	tumour	/mnt/iribhm/homes/aste0033/projects/MPNST/scDNA/CHISEL/10X/FIT208A7/rdr.tsv
CCTTCCCTCGCACAGC-1	R5	10X	16	R5_3	tumour	/mnt/iribhm/homes/aste0033/projects/MPNST/scDNA/CHISEL/10X/FIT208A7/rdr.tsv
CCTTCGACAGGTGCAA-1	R5	10X	16	R5_3	tumour	/mnt/iribhm/homes/aste0033/projects/MPNST/scDNA/CHISEL/10X/FIT208A7/rdr.tsv
CCTTCGAGTGAAGCCA-1	R5	10X	16	R5_3	tumour	/mnt/iribhm/homes/aste0033/projects/MPNST/scDNA/CHISEL/10X/FIT208A7/rdr.tsv
CCTTCGAGTTGATCTG-1	R5	10X	16	R5_3	tumour	/mnt/iribhm/homes/aste0033/projects/MPNST/scDNA/CHISEL/10X/FIT208A7/rdr.tsv
CGGACGTTCTGTTGTT-1	R5	10X	16	R5_3	tumour	/mnt/iribhm/homes/aste0033/projects/MPNST/scDNA/CHISEL/10X/FIT208A7/rdr.tsv
CGGAGTCGTAACGACG-1	R5	10X	16	R5_3	tumour	/mnt/iribhm/homes/aste0033/projects/MPNST/scDNA/CHISEL/10X/FIT208A7/rdr.tsv
CGGCTAGTCGAGCACC-1	R5	10X	16	R5_3	tumour	/mnt/iribhm/homes/aste0033/projects/MPNST/scDNA/CHISEL/10X/FIT208A7/rdr.tsv
CGGGTCACACTTCAGA-1	R5	10X	16	R5_3	tumour	/mnt/iribhm/homes/aste0033/projects/MPNST/scDNA/CHISEL/10X/FIT208A7/rdr.tsv
CGGTTAATCATCGGTA-1	R5	10X	16	R5_3	tumour	/mnt/iribhm/homes/aste0033/projects/MPNST/scDNA/CHISEL/10X/FIT208A7/rdr.tsv
CGTTCTGGTGACCAAG-1	R5	10X	16	R5_3	tumour	/mnt/iribhm/homes/aste0033/projects/MPNST/scDNA/CHISEL/10X/FIT208A7/rdr.tsv
CGTTCTGGTGTCCTTC-1	R5	10X	16	R5_3	tumour	/mnt/iribhm/homes/aste0033/projects/MPNST/scDNA/CHISEL/10X/FIT208A7/rdr.tsv
CGTTCTGTCGAGTATC-1	R5	10X	16	R5_3	tumour	/mnt/iribhm/homes/aste0033/projects/MPNST/scDNA/CHISEL/10X/FIT208A7/rdr.tsv
CGTTGGGCACTTGCAA-1	R5	10X	16	R5_3	tumour	/mnt/iribhm/homes/aste0033/projects/MPNST/scDNA/CHISEL/10X/FIT208A7/rdr.tsv
CTACCCACAATCGCGC-1	R5	10X	16	R5_3	tumour	/mnt/iribhm/homes/aste0033/projects/MPNST/scDNA/CHISEL/10X/FIT208A7/rdr.tsv
CTCACACTCACACGGC-1	R5	10X	16	R5_3	tumour	/mnt/iribhm/homes/aste0033/projects/MPNST/scDNA/CHISEL/10X/FIT208A7/rdr.tsv
CTCATTAGTGGTGAGT-1	R5	10X	16	R5_3	tumour	/mnt/iribhm/homes/aste0033/projects/MPNST/scDNA/CHISEL/10X/FIT208A7/rdr.tsv
CTCGAGGTCGATAGGG-1	R5	10X	16	R5_3	tumour	/mnt/iribhm/homes/aste0033/projects/MPNST/scDNA/CHISEL/10X/FIT208A7/rdr.tsv
CTCGTACCACTCCCTA-1	R5	10X	16	R5_3	tumour	/mnt/iribhm/homes/aste0033/projects/MPNST/scDNA/CHISEL/10X/FIT208A7/rdr.tsv
CTGAAACGTACCTCGG-1	R5	10X	16	R5_3	tumour	/mnt/iribhm/homes/aste0033/projects/MPNST/scDNA/CHISEL/10X/FIT208A7/rdr.tsv
CTGCCTACAGTAATCC-1	R5	10X	16	R5_3	tumour	/mnt/iribhm/homes/aste0033/projects/MPNST/scDNA/CHISEL/10X/FIT208A7/rdr.tsv
CTTGGCTGTAGGGTGT-1	R5	10X	16	R5_3	tumour	/mnt/iribhm/homes/aste0033/projects/MPNST/scDNA/CHISEL/10X/FIT208A7/rdr.tsv
GAAATGATCTCATCTA-1	R5	10X	16	R5_3	tumour	/mnt/iribhm/homes/aste0033/projects/MPNST/scDNA/CHISEL/10X/FIT208A7/rdr.tsv
GACACGCAGGAAACTT-1	R5	10X	16	R5_3	tumour	/mnt/iribhm/homes/aste0033/projects/MPNST/scDNA/CHISEL/10X/FIT208A7/rdr.tsv
GACCTGGCATACGGAG-1	R5	10X	16	R5_3	tumour	/mnt/iribhm/homes/aste0033/projects/MPNST/scDNA/CHISEL/10X/FIT208A7/rdr.tsv
GATTCAGGTACAATAG-1	R5	10X	16	R5_3	tumour	/mnt/iribhm/homes/aste0033/projects/MPNST/scDNA/CHISEL/10X/FIT208A7/rdr.tsv
GCAAACTGTCTCTCGT-1	R5	10X	16	R5_3	tumour	/mnt/iribhm/homes/aste0033/projects/MPNST/scDNA/CHISEL/10X/FIT208A7/rdr.tsv
GCAATCATCCCTTATA-1	R5	10X	16	R5_3	tumour	/mnt/iribhm/homes/aste0033/projects/MPNST/scDNA/CHISEL/10X/FIT208A7/rdr.tsv
GCAGTTAGTGCGGTAA-1	R5	10X	16	R5_3	tumour	/mnt/iribhm/homes/aste0033/projects/MPNST/scDNA/CHISEL/10X/FIT208A7/rdr.tsv
GCCAAATAGACTAGAT-1	R5	10X	16	R5_3	tumour	/mnt/iribhm/homes/aste0033/projects/MPNST/scDNA/CHISEL/10X/FIT208A7/rdr.tsv
GCGCCAAGTGCAAACG-1	R5	10X	16	R5_3	tumour	/mnt/iribhm/homes/aste0033/projects/MPNST/scDNA/CHISEL/10X/FIT208A7/rdr.tsv
GCGCGATAGGTGCTAG-1	R5	10X	16	R5_3	tumour	/mnt/iribhm/homes/aste0033/projects/MPNST/scDNA/CHISEL/10X/FIT208A7/rdr.tsv
GCTCTGTAGAACTCGG-1	R5	10X	16	R5_3	tumour	/mnt/iribhm/homes/aste0033/projects/MPNST/scDNA/CHISEL/10X/FIT208A7/rdr.tsv
GGACAGAGTGATGTGG-1	R5	10X	16	R5_3	tumour	/mnt/iribhm/homes/aste0033/projects/MPNST/scDNA/CHISEL/10X/FIT208A7/rdr.tsv
GGAGCAATCCGCCTTA-1	R5	10X	16	R5_3	tumour	/mnt/iribhm/homes/aste0033/projects/MPNST/scDNA/CHISEL/10X/FIT208A7/rdr.tsv
GGCCGATGTACCAACT-1	R5	10X	16	R5_3	tumour	/mnt/iribhm/homes/aste0033/projects/MPNST/scDNA/CHISEL/10X/FIT208A7/rdr.tsv
GGCCGATGTAGAATAC-1	R5	10X	16	R5_3	tumour	/mnt/iribhm/homes/aste0033/projects/MPNST/scDNA/CHISEL/10X/FIT208A7/rdr.tsv
GGCTCGACAACACCGC-1	R5	10X	16	R5_3	tumour	/mnt/iribhm/homes/aste0033/projects/MPNST/scDNA/CHISEL/10X/FIT208A7/rdr.tsv
GGGCATCCACGCACGT-1	R5	10X	16	R5_3	tumour	/mnt/iribhm/homes/aste0033/projects/MPNST/scDNA/CHISEL/10X/FIT208A7/rdr.tsv
GGTGCGTAGATCCTGT-1	R5	10X	16	R5_3	tumour	/mnt/iribhm/homes/aste0033/projects/MPNST/scDNA/CHISEL/10X/FIT208A7/rdr.tsv
GGTGTTAAGGTGACCA-1	R5	10X	16	R5_3	tumour	/mnt/iribhm/homes/aste0033/projects/MPNST/scDNA/CHISEL/10X/FIT208A7/rdr.tsv
GGTGTTATCACTTTAC-1	R5	10X	16	R5_3	tumour	/mnt/iribhm/homes/aste0033/projects/MPNST/scDNA/CHISEL/10X/FIT208A7/rdr.tsv
GTACGTACACAGTGTT-1	R5	10X	16	R5_3	tumour	/mnt/iribhm/homes/aste0033/projects/MPNST/scDNA/CHISEL/10X/FIT208A7/rdr.tsv
GTATCTTAGTGAAGAG-1	R5	10X	16	R5_3	tumour	/mnt/iribhm/homes/aste0033/projects/MPNST/scDNA/CHISEL/10X/FIT208A7/rdr.tsv
GTCAAGTAGGAGTTTA-1	R5	10X	16	R5_3	tumour	/mnt/iribhm/homes/aste0033/projects/MPNST/scDNA/CHISEL/10X/FIT208A7/rdr.tsv
GTCAAGTTCTGAAGTC-1	R5	10X	16	R5_3	tumour	/mnt/iribhm/homes/aste0033/projects/MPNST/scDNA/CHISEL/10X/FIT208A7/rdr.tsv
GTCATTTGTTAAGTAG-1	R5	10X	16	R5_3	tumour	/mnt/iribhm/homes/aste0033/projects/MPNST/scDNA/CHISEL/10X/FIT208A7/rdr.tsv
GTCGTAATCGTATCCC-1	R5	10X	16	R5_3	tumour	/mnt/iribhm/homes/aste0033/projects/MPNST/scDNA/CHISEL/10X/FIT208A7/rdr.tsv
GTGCGGTCAATGGCTT-1	R5	10X	16	R5_3	tumour	/mnt/iribhm/homes/aste0033/projects/MPNST/scDNA/CHISEL/10X/FIT208A7/rdr.tsv
GTTACAGTCGCTCTAC-1	R5	10X	16	R5_3	tumour	/mnt/iribhm/homes/aste0033/projects/MPNST/scDNA/CHISEL/10X/FIT208A7/rdr.tsv
TACTCATTCATTTCGT-1	R5	10X	16	R5_3	tumour	/mnt/iribhm/homes/aste0033/projects/MPNST/scDNA/CHISEL/10X/FIT208A7/rdr.tsv
TACTCATTCCTCAGTC-1	R5	10X	16	R5_3	tumour	/mnt/iribhm/homes/aste0033/projects/MPNST/scDNA/CHISEL/10X/FIT208A7/rdr.tsv
TACTTACAGGTGTGGT-1	R5	10X	16	R5_3	tumour	/mnt/iribhm/homes/aste0033/projects/MPNST/scDNA/CHISEL/10X/FIT208A7/rdr.tsv
TACTTGTAGAAGCCCA-1	R5	10X	16	R5_3	tumour	/mnt/iribhm/homes/aste0033/projects/MPNST/scDNA/CHISEL/10X/FIT208A7/rdr.tsv
TAGGCATCAATGGTAA-1	R5	10X	16	R5_3	tumour	/mnt/iribhm/homes/aste0033/projects/MPNST/scDNA/CHISEL/10X/FIT208A7/rdr.tsv
TAGGCATCAGTAATCC-1	R5	10X	16	R5_3	tumour	/mnt/iribhm/homes/aste0033/projects/MPNST/scDNA/CHISEL/10X/FIT208A7/rdr.tsv
TATTACCGTCACCTGG-1	R5	10X	16	R5_3	tumour	/mnt/iribhm/homes/aste0033/projects/MPNST/scDNA/CHISEL/10X/FIT208A7/rdr.tsv
TCACAAGCAGTACTCA-1	R5	10X	16	R5_3	tumour	/mnt/iribhm/homes/aste0033/projects/MPNST/scDNA/CHISEL/10X/FIT208A7/rdr.tsv
TCAGATGAGGCGCTCT-1	R5	10X	16	R5_3	tumour	/mnt/iribhm/homes/aste0033/projects/MPNST/scDNA/CHISEL/10X/FIT208A7/rdr.tsv
TCAGATGAGTACGTAA-1	R5	10X	16	R5_3	tumour	/mnt/iribhm/homes/aste0033/projects/MPNST/scDNA/CHISEL/10X/FIT208A7/rdr.tsv
TCAGCAAAGGAGTACC-1	R5	10X	16	R5_3	tumour	/mnt/iribhm/homes/aste0033/projects/MPNST/scDNA/CHISEL/10X/FIT208A7/rdr.tsv
TCCCGATGTTCTCAAG-1	R5	10X	16	R5_3	tumour	/mnt/iribhm/homes/aste0033/projects/MPNST/scDNA/CHISEL/10X/FIT208A7/rdr.tsv
TCGCGAGGTCTAACGT-1	R5	10X	16	R5_3	tumour	/mnt/iribhm/homes/aste0033/projects/MPNST/scDNA/CHISEL/10X/FIT208A7/rdr.tsv
TCGCGTTTCCGTAATG-1	R5	10X	16	R5_3	tumour	/mnt/iribhm/homes/aste0033/projects/MPNST/scDNA/CHISEL/10X/FIT208A7/rdr.tsv
TGACGGCCAGAGGTCA-1	R5	10X	16	R5_3	tumour	/mnt/iribhm/homes/aste0033/projects/MPNST/scDNA/CHISEL/10X/FIT208A7/rdr.tsv
TGACTAGTCCTTATTG-1	R5	10X	16	R5_3	tumour	/mnt/iribhm/homes/aste0033/projects/MPNST/scDNA/CHISEL/10X/FIT208A7/rdr.tsv
TGACTTTAGCCTATGT-1	R5	10X	16	R5_3	tumour	/mnt/iribhm/homes/aste0033/projects/MPNST/scDNA/CHISEL/10X/FIT208A7/rdr.tsv
TGAGCATGTCGGGAAT-1	R1	10X	16	R5_3	tumour	/mnt/iribhm/homes/aste0033/projects/MPNST/scDNA/CHISEL/10X/FIT208A3/rdr.tsv
TGCACCTGTTAAGTAG-1	R5	10X	16	R5_3	tumour	/mnt/iribhm/homes/aste0033/projects/MPNST/scDNA/CHISEL/10X/FIT208A7/rdr.tsv
TGCCAAATCATTGCTT-1	R5	10X	16	R5_3	tumour	/mnt/iribhm/homes/aste0033/projects/MPNST/scDNA/CHISEL/10X/FIT208A7/rdr.tsv
TGCCAAATCTTAGCTT-1	R5	10X	16	R5_3	tumour	/mnt/iribhm/homes/aste0033/projects/MPNST/scDNA/CHISEL/10X/FIT208A7/rdr.tsv
TGCCCATGTCTAACGT-1	R5	10X	16	R5_3	tumour	/mnt/iribhm/homes/aste0033/projects/MPNST/scDNA/CHISEL/10X/FIT208A7/rdr.tsv
TGCGTGGAGTGGTTAA-1	R5	10X	16	R5_3	tumour	/mnt/iribhm/homes/aste0033/projects/MPNST/scDNA/CHISEL/10X/FIT208A7/rdr.tsv
TGGACGCAGACACGAC-1	R5	10X	16	R5_3	tumour	/mnt/iribhm/homes/aste0033/projects/MPNST/scDNA/CHISEL/10X/FIT208A7/rdr.tsv
TGGCTGGGTGATTGGG-1	R5	10X	16	R5_3	tumour	/mnt/iribhm/homes/aste0033/projects/MPNST/scDNA/CHISEL/10X/FIT208A7/rdr.tsv
TGGGAAGGTAAACAGT-1	R5	10X	16	R5_3	tumour	/mnt/iribhm/homes/aste0033/projects/MPNST/scDNA/CHISEL/10X/FIT208A7/rdr.tsv
TGGGCGTCACGGAATG-1	R5	10X	16	R5_3	tumour	/mnt/iribhm/homes/aste0033/projects/MPNST/scDNA/CHISEL/10X/FIT208A7/rdr.tsv
TGTATTCTCCTTGAAG-1	R5	10X	16	R5_3	tumour	/mnt/iribhm/homes/aste0033/projects/MPNST/scDNA/CHISEL/10X/FIT208A7/rdr.tsv
TTAGGCAGTCATCCAA-1	R5	10X	16	R5_3	tumour	/mnt/iribhm/homes/aste0033/projects/MPNST/scDNA/CHISEL/10X/FIT208A7/rdr.tsv
TTAGGCATCTCGAATG-1	R5	10X	16	R5_3	tumour	/mnt/iribhm/homes/aste0033/projects/MPNST/scDNA/CHISEL/10X/FIT208A7/rdr.tsv
TTAGTTCAGCCAGAAC-1	R5	10X	16	R5_3	tumour	/mnt/iribhm/homes/aste0033/projects/MPNST/scDNA/CHISEL/10X/FIT208A7/rdr.tsv
TTAGTTCCAAACCCTA-1	R5	10X	16	R5_3	tumour	/mnt/iribhm/homes/aste0033/projects/MPNST/scDNA/CHISEL/10X/FIT208A7/rdr.tsv
TTAGTTCTCTACCGAA-1	R5	10X	16	R5_3	tumour	/mnt/iribhm/homes/aste0033/projects/MPNST/scDNA/CHISEL/10X/FIT208A7/rdr.tsv
TTCGGTCAGCGATTCT-1	R5	10X	16	R5_3	tumour	/mnt/iribhm/homes/aste0033/projects/MPNST/scDNA/CHISEL/10X/FIT208A7/rdr.tsv
TTCTCCTGTTGATCTG-1	R5	10X	16	R5_3	tumour	/mnt/iribhm/homes/aste0033/projects/MPNST/scDNA/CHISEL/10X/FIT208A7/rdr.tsv
TTGGCAAAGGAGTACC-1	R5	10X	16	R5_3	tumour	/mnt/iribhm/homes/aste0033/projects/MPNST/scDNA/CHISEL/10X/FIT208A7/rdr.tsv
TTGTAGGAGTAACCCT-1	R5	10X	16	R5_3	tumour	/mnt/iribhm/homes/aste0033/projects/MPNST/scDNA/CHISEL/10X/FIT208A7/rdr.tsv
TTTACTGTCACGTAGT-1	R5	10X	16	R5_3	tumour	/mnt/iribhm/homes/aste0033/projects/MPNST/scDNA/CHISEL/10X/FIT208A7/rdr.tsv
TTTCCTCTCTTGGATG-1	R5	10X	16	R5_3	tumour	/mnt/iribhm/homes/aste0033/projects/MPNST/scDNA/CHISEL/10X/FIT208A7/rdr.tsv
LES4677A1_124574_57x_33y	R1	DLP	16	R5_3	tumour	/srv/home/aste0033/projects/MPNST/scDNA/CHISEL/DLPp/R1/rdr.tsv
LES4677A4_124668_14x_40y	R5	DLP	16	R5_3	tumour	/srv/home/aste0033/projects/MPNST/scDNA/CHISEL/DLPp/R5/rdr.tsv
LES4677A4_124668_15x_53y	R5	DLP	16	R5_3	tumour	/srv/home/aste0033/projects/MPNST/scDNA/CHISEL/DLPp/R5/rdr.tsv
LES4677A4_124668_16x_57y	R5	DLP	16	R5_3	tumour	/srv/home/aste0033/projects/MPNST/scDNA/CHISEL/DLPp/R5/rdr.tsv
LES4677A4_124668_22x_38y	R5	DLP	16	R5_3	tumour	/srv/home/aste0033/projects/MPNST/scDNA/CHISEL/DLPp/R5/rdr.tsv
LES4677A4_124668_23x_61y	R5	DLP	16	R5_3	tumour	/srv/home/aste0033/projects/MPNST/scDNA/CHISEL/DLPp/R5/rdr.tsv
LES4677A4_124668_25x_41y	R5	DLP	16	R5_3	tumour	/srv/home/aste0033/projects/MPNST/scDNA/CHISEL/DLPp/R5/rdr.tsv
LES4677A4_124668_27x_40y	R5	DLP	16	R5_3	tumour	/srv/home/aste0033/projects/MPNST/scDNA/CHISEL/DLPp/R5/rdr.tsv
LES4677A4_124668_27x_49y	R5	DLP	16	R5_3	tumour	/srv/home/aste0033/projects/MPNST/scDNA/CHISEL/DLPp/R5/rdr.tsv
LES4677A4_124668_27x_59y	R5	DLP	16	R5_3	tumour	/srv/home/aste0033/projects/MPNST/scDNA/CHISEL/DLPp/R5/rdr.tsv
LES4677A4_124668_28x_53y	R5	DLP	16	R5_3	tumour	/srv/home/aste0033/projects/MPNST/scDNA/CHISEL/DLPp/R5/rdr.tsv
LES4677A4_124668_31x_50y	R5	DLP	16	R5_3	tumour	/srv/home/aste0033/projects/MPNST/scDNA/CHISEL/DLPp/R5/rdr.tsv
LES4677A4_124668_33x_41y	R5	DLP	16	R5_3	tumour	/srv/home/aste0033/projects/MPNST/scDNA/CHISEL/DLPp/R5/rdr.tsv
LES4677A4_124668_38x_54y	R5	DLP	16	R5_3	tumour	/srv/home/aste0033/projects/MPNST/scDNA/CHISEL/DLPp/R5/rdr.tsv
LES4677A4_124668_39x_61y	R5	DLP	16	R5_3	tumour	/srv/home/aste0033/projects/MPNST/scDNA/CHISEL/DLPp/R5/rdr.tsv
LES4677A4_124668_39x_62y	R5	DLP	16	R5_3	tumour	/srv/home/aste0033/projects/MPNST/scDNA/CHISEL/DLPp/R5/rdr.tsv
LES4677A4_124668_40x_44y	R5	DLP	16	R5_3	tumour	/srv/home/aste0033/projects/MPNST/scDNA/CHISEL/DLPp/R5/rdr.tsv
LES4677A4_124668_40x_51y	R5	DLP	16	R5_3	tumour	/srv/home/aste0033/projects/MPNST/scDNA/CHISEL/DLPp/R5/rdr.tsv
LES4677A4_124668_40x_56y	R5	DLP	16	R5_3	tumour	/srv/home/aste0033/projects/MPNST/scDNA/CHISEL/DLPp/R5/rdr.tsv
LES4677A4_124668_45x_52y	R5	DLP	16	R5_3	tumour	/srv/home/aste0033/projects/MPNST/scDNA/CHISEL/DLPp/R5/rdr.tsv
LES4677A4_124668_47x_60y	R5	DLP	16	R5_3	tumour	/srv/home/aste0033/projects/MPNST/scDNA/CHISEL/DLPp/R5/rdr.tsv
LES4677A4_124668_48x_41y	R5	DLP	16	R5_3	tumour	/srv/home/aste0033/projects/MPNST/scDNA/CHISEL/DLPp/R5/rdr.tsv
LES4677A4_124668_49x_48y	R5	DLP	16	R5_3	tumour	/srv/home/aste0033/projects/MPNST/scDNA/CHISEL/DLPp/R5/rdr.tsv
LES4677A4_124668_51x_43y	R5	DLP	16	R5_3	tumour	/srv/home/aste0033/projects/MPNST/scDNA/CHISEL/DLPp/R5/rdr.tsv
LES4677A4_124668_52x_56y	R5	DLP	16	R5_3	tumour	/srv/home/aste0033/projects/MPNST/scDNA/CHISEL/DLPp/R5/rdr.tsv
LES4677A4_124668_60x_46y	R5	DLP	16	R5_3	tumour	/srv/home/aste0033/projects/MPNST/scDNA/CHISEL/DLPp/R5/rdr.tsv
LES4677A4_124668_61x_45y	R5	DLP	16	R5_3	tumour	/srv/home/aste0033/projects/MPNST/scDNA/CHISEL/DLPp/R5/rdr.tsv
LES4677A4_124668_61x_50y	R5	DLP	16	R5_3	tumour	/srv/home/aste0033/projects/MPNST/scDNA/CHISEL/DLPp/R5/rdr.tsv
AAATGCCCATCGCACG-1	R5	10X	21	R5_4	tumour	/mnt/iribhm/homes/aste0033/projects/MPNST/scDNA/CHISEL/10X/FIT208A7/rdr.tsv
AACCGCGGTCAAACTC-1	R5	10X	21	R5_4	tumour	/mnt/iribhm/homes/aste0033/projects/MPNST/scDNA/CHISEL/10X/FIT208A7/rdr.tsv
AACGTTGCAACAACTC-1	R1	10X	21	R5_4	tumour	/mnt/iribhm/homes/aste0033/projects/MPNST/scDNA/CHISEL/10X/FIT208A3/rdr.tsv
AACTCAGAGTCGATAA-1	R5	10X	21	R5_4	tumour	/mnt/iribhm/homes/aste0033/projects/MPNST/scDNA/CHISEL/10X/FIT208A7/rdr.tsv
AAGGAGCTCCCACAAA-1	R5	10X	21	R5_4	tumour	/mnt/iribhm/homes/aste0033/projects/MPNST/scDNA/CHISEL/10X/FIT208A7/rdr.tsv
AAGGCAGCACACTCGG-1	R5	10X	21	R5_4	tumour	/mnt/iribhm/homes/aste0033/projects/MPNST/scDNA/CHISEL/10X/FIT208A7/rdr.tsv
AATCCAGAGGCAAAGA-1	R5	10X	21	R5_4	tumour	/mnt/iribhm/homes/aste0033/projects/MPNST/scDNA/CHISEL/10X/FIT208A7/rdr.tsv
ACACCCTGTCTGCCAG-1	R1	10X	21	R5_4	tumour	/mnt/iribhm/homes/aste0033/projects/MPNST/scDNA/CHISEL/10X/FIT208A3/rdr.tsv
ACACCGGAGCCAGTAG-1	R5	10X	21	R5_4	tumour	/mnt/iribhm/homes/aste0033/projects/MPNST/scDNA/CHISEL/10X/FIT208A7/rdr.tsv
ACACCGGCATAGACAA-1	R5	10X	21	R5_4	tumour	/mnt/iribhm/homes/aste0033/projects/MPNST/scDNA/CHISEL/10X/FIT208A7/rdr.tsv
ACAGCTAAGCACGCCT-1	R5	10X	21	R5_4	tumour	/mnt/iribhm/homes/aste0033/projects/MPNST/scDNA/CHISEL/10X/FIT208A7/rdr.tsv
ACAGCTAAGGAGTCTG-1	R5	10X	21	R5_4	tumour	/mnt/iribhm/homes/aste0033/projects/MPNST/scDNA/CHISEL/10X/FIT208A7/rdr.tsv
ACAGCTACATGTAGCT-1	R1	10X	21	R5_4	tumour	/mnt/iribhm/homes/aste0033/projects/MPNST/scDNA/CHISEL/10X/FIT208A3/rdr.tsv
ACATCAGGTTGGCGTC-1	R5	10X	21	R5_4	tumour	/mnt/iribhm/homes/aste0033/projects/MPNST/scDNA/CHISEL/10X/FIT208A7/rdr.tsv
ACATGGTTCAAGTGCT-1	R5	10X	21	R5_4	tumour	/mnt/iribhm/homes/aste0033/projects/MPNST/scDNA/CHISEL/10X/FIT208A7/rdr.tsv
ACCAGTACATGCCATA-1	R5	10X	21	R5_4	tumour	/mnt/iribhm/homes/aste0033/projects/MPNST/scDNA/CHISEL/10X/FIT208A7/rdr.tsv
ACCCACTAGATATACG-1	R5	10X	21	R5_4	tumour	/mnt/iribhm/homes/aste0033/projects/MPNST/scDNA/CHISEL/10X/FIT208A7/rdr.tsv
ACCGTAAAGTGGTAGC-1	R5	10X	21	R5_4	tumour	/mnt/iribhm/homes/aste0033/projects/MPNST/scDNA/CHISEL/10X/FIT208A7/rdr.tsv
ACCGTAATCTAACGTG-1	R5	10X	21	R5_4	tumour	/mnt/iribhm/homes/aste0033/projects/MPNST/scDNA/CHISEL/10X/FIT208A7/rdr.tsv
ACCTTTAAGAACTTCC-1	R5	10X	21	R5_4	tumour	/mnt/iribhm/homes/aste0033/projects/MPNST/scDNA/CHISEL/10X/FIT208A7/rdr.tsv
ACCTTTAAGCTGAAAT-1	R5	10X	21	R5_4	tumour	/mnt/iribhm/homes/aste0033/projects/MPNST/scDNA/CHISEL/10X/FIT208A7/rdr.tsv
ACCTTTAAGTGGAGTC-1	R5	10X	21	R5_4	tumour	/mnt/iribhm/homes/aste0033/projects/MPNST/scDNA/CHISEL/10X/FIT208A7/rdr.tsv
ACCTTTAGTAACAGCG-1	R5	10X	21	R5_4	tumour	/mnt/iribhm/homes/aste0033/projects/MPNST/scDNA/CHISEL/10X/FIT208A7/rdr.tsv
ACGAGCCAGGAGCGAG-1	R5	10X	21	R5_4	tumour	/mnt/iribhm/homes/aste0033/projects/MPNST/scDNA/CHISEL/10X/FIT208A7/rdr.tsv
ACGATACAGCAGCCTC-1	R4	10X	21	R5_4	tumour	/mnt/iribhm/homes/aste0033/projects/MPNST/scDNA/CHISEL/10X/FIT208A6/rdr.tsv
ACGATACTCTAATGGC-1	R5	10X	21	R5_4	tumour	/mnt/iribhm/homes/aste0033/projects/MPNST/scDNA/CHISEL/10X/FIT208A7/rdr.tsv
ACGCAGCCACCAATAC-1	R5	10X	21	R5_4	tumour	/mnt/iribhm/homes/aste0033/projects/MPNST/scDNA/CHISEL/10X/FIT208A7/rdr.tsv
ACGGAGAAGGTGTTAA-1	R5	10X	21	R5_4	tumour	/mnt/iribhm/homes/aste0033/projects/MPNST/scDNA/CHISEL/10X/FIT208A7/rdr.tsv
ACGGCCAGTCCGGTTG-1	R5	10X	21	R5_4	tumour	/mnt/iribhm/homes/aste0033/projects/MPNST/scDNA/CHISEL/10X/FIT208A7/rdr.tsv
ACGTCAAGTAACGAGC-1	R5	10X	21	R5_4	tumour	/mnt/iribhm/homes/aste0033/projects/MPNST/scDNA/CHISEL/10X/FIT208A7/rdr.tsv
ACTTACTAGGGATTTA-1	R5	10X	21	R5_4	tumour	/mnt/iribhm/homes/aste0033/projects/MPNST/scDNA/CHISEL/10X/FIT208A7/rdr.tsv
ACTTACTTCTACCGTC-1	R5	10X	21	R5_4	tumour	/mnt/iribhm/homes/aste0033/projects/MPNST/scDNA/CHISEL/10X/FIT208A7/rdr.tsv
ACTTGTTAGTACACCT-1	R5	10X	21	R5_4	tumour	/mnt/iribhm/homes/aste0033/projects/MPNST/scDNA/CHISEL/10X/FIT208A7/rdr.tsv
ACTTGTTTCCAGGCGT-1	R5	10X	21	R5_4	tumour	/mnt/iribhm/homes/aste0033/projects/MPNST/scDNA/CHISEL/10X/FIT208A7/rdr.tsv
AGAATAGTCGCTATGA-1	R5	10X	21	R5_4	tumour	/mnt/iribhm/homes/aste0033/projects/MPNST/scDNA/CHISEL/10X/FIT208A7/rdr.tsv
AGACGTTAGACTGGGT-1	R5	10X	21	R5_4	tumour	/mnt/iribhm/homes/aste0033/projects/MPNST/scDNA/CHISEL/10X/FIT208A7/rdr.tsv
AGAGCTTGTCGTCTTC-1	R5	10X	21	R5_4	tumour	/mnt/iribhm/homes/aste0033/projects/MPNST/scDNA/CHISEL/10X/FIT208A7/rdr.tsv
AGATCTGCAGAAGAAG-1	R5	10X	21	R5_4	tumour	/mnt/iribhm/homes/aste0033/projects/MPNST/scDNA/CHISEL/10X/FIT208A7/rdr.tsv
AGCATACTCTTTCGCG-1	R5	10X	21	R5_4	tumour	/mnt/iribhm/homes/aste0033/projects/MPNST/scDNA/CHISEL/10X/FIT208A7/rdr.tsv
AGCCTAACATCGCACG-1	R5	10X	21	R5_4	tumour	/mnt/iribhm/homes/aste0033/projects/MPNST/scDNA/CHISEL/10X/FIT208A7/rdr.tsv
AGCGGTCCAAAGTAAC-1	R5	10X	21	R5_4	tumour	/mnt/iribhm/homes/aste0033/projects/MPNST/scDNA/CHISEL/10X/FIT208A7/rdr.tsv
AGCGGTCGTTCAAGGG-1	R5	10X	21	R5_4	tumour	/mnt/iribhm/homes/aste0033/projects/MPNST/scDNA/CHISEL/10X/FIT208A7/rdr.tsv
AGCTCCTCAAGCACGA-1	R5	10X	21	R5_4	tumour	/mnt/iribhm/homes/aste0033/projects/MPNST/scDNA/CHISEL/10X/FIT208A7/rdr.tsv
AGCTCTCAGAATGGGA-1	R5	10X	21	R5_4	tumour	/mnt/iribhm/homes/aste0033/projects/MPNST/scDNA/CHISEL/10X/FIT208A7/rdr.tsv
AGCTTGAAGAAACCAT-1	R5	10X	21	R5_4	tumour	/mnt/iribhm/homes/aste0033/projects/MPNST/scDNA/CHISEL/10X/FIT208A7/rdr.tsv
AGGCCACGTAGTCAAA-1	R5	10X	21	R5_4	tumour	/mnt/iribhm/homes/aste0033/projects/MPNST/scDNA/CHISEL/10X/FIT208A7/rdr.tsv
AGGCCACTCCTTATTG-1	R5	10X	21	R5_4	tumour	/mnt/iribhm/homes/aste0033/projects/MPNST/scDNA/CHISEL/10X/FIT208A7/rdr.tsv
AGGTCCGAGTTGTCGT-1	R5	10X	21	R5_4	tumour	/mnt/iribhm/homes/aste0033/projects/MPNST/scDNA/CHISEL/10X/FIT208A7/rdr.tsv
AGTCTTTAGATTACCC-1	R5	10X	21	R5_4	tumour	/mnt/iribhm/homes/aste0033/projects/MPNST/scDNA/CHISEL/10X/FIT208A7/rdr.tsv
AGTGGGAAGATTACCC-1	R5	10X	21	R5_4	tumour	/mnt/iribhm/homes/aste0033/projects/MPNST/scDNA/CHISEL/10X/FIT208A7/rdr.tsv
AGTGTCAGTAGTTGGG-1	R5	10X	21	R5_4	tumour	/mnt/iribhm/homes/aste0033/projects/MPNST/scDNA/CHISEL/10X/FIT208A7/rdr.tsv
AGTTGGTCAACATAAG-1	R5	10X	21	R5_4	tumour	/mnt/iribhm/homes/aste0033/projects/MPNST/scDNA/CHISEL/10X/FIT208A7/rdr.tsv
ATAACGCTCGAGCCGT-1	R5	10X	21	R5_4	tumour	/mnt/iribhm/homes/aste0033/projects/MPNST/scDNA/CHISEL/10X/FIT208A7/rdr.tsv
ATCACGATCATCGCAA-1	R5	10X	21	R5_4	tumour	/mnt/iribhm/homes/aste0033/projects/MPNST/scDNA/CHISEL/10X/FIT208A7/rdr.tsv
ATCATGGCACAATCAC-1	R5	10X	21	R5_4	tumour	/mnt/iribhm/homes/aste0033/projects/MPNST/scDNA/CHISEL/10X/FIT208A7/rdr.tsv
ATCATGGTCAGCCCGA-1	R5	10X	21	R5_4	tumour	/mnt/iribhm/homes/aste0033/projects/MPNST/scDNA/CHISEL/10X/FIT208A7/rdr.tsv
ATCCACCAGATGCGAC-1	R5	10X	21	R5_4	tumour	/mnt/iribhm/homes/aste0033/projects/MPNST/scDNA/CHISEL/10X/FIT208A7/rdr.tsv
ATCGAGTCAAAGTAAC-1	R5	10X	21	R5_4	tumour	/mnt/iribhm/homes/aste0033/projects/MPNST/scDNA/CHISEL/10X/FIT208A7/rdr.tsv
ATGTGTGCAGTCCGGT-1	R5	10X	21	R5_4	tumour	/mnt/iribhm/homes/aste0033/projects/MPNST/scDNA/CHISEL/10X/FIT208A7/rdr.tsv
ATGTGTGCATTACGCA-1	R5	10X	21	R5_4	tumour	/mnt/iribhm/homes/aste0033/projects/MPNST/scDNA/CHISEL/10X/FIT208A7/rdr.tsv
ATTACTCAGGAGTTGC-1	R5	10X	21	R5_4	tumour	/mnt/iribhm/homes/aste0033/projects/MPNST/scDNA/CHISEL/10X/FIT208A7/rdr.tsv
ATTATCCAGCCCGAAA-1	R5	10X	21	R5_4	tumour	/mnt/iribhm/homes/aste0033/projects/MPNST/scDNA/CHISEL/10X/FIT208A7/rdr.tsv
ATTATCCCAAATCAGA-1	R5	10X	21	R5_4	tumour	/mnt/iribhm/homes/aste0033/projects/MPNST/scDNA/CHISEL/10X/FIT208A7/rdr.tsv
ATTGGACTCGGAGAGT-1	R5	10X	21	R5_4	tumour	/mnt/iribhm/homes/aste0033/projects/MPNST/scDNA/CHISEL/10X/FIT208A7/rdr.tsv
ATTGGTGTCGGTAAGG-1	R5	10X	21	R5_4	tumour	/mnt/iribhm/homes/aste0033/projects/MPNST/scDNA/CHISEL/10X/FIT208A7/rdr.tsv
CAAGAAATCTCATGTT-1	R5	10X	21	R5_4	tumour	/mnt/iribhm/homes/aste0033/projects/MPNST/scDNA/CHISEL/10X/FIT208A7/rdr.tsv
CAAGATCCACGATCTA-1	R5	10X	21	R5_4	tumour	/mnt/iribhm/homes/aste0033/projects/MPNST/scDNA/CHISEL/10X/FIT208A7/rdr.tsv
CACACAATCTCGTGGG-1	R5	10X	21	R5_4	tumour	/mnt/iribhm/homes/aste0033/projects/MPNST/scDNA/CHISEL/10X/FIT208A7/rdr.tsv
CACAGGCGTCCAGTGC-1	R5	10X	21	R5_4	tumour	/mnt/iribhm/homes/aste0033/projects/MPNST/scDNA/CHISEL/10X/FIT208A7/rdr.tsv
CACATTTCACAGCTGC-1	R5	10X	21	R5_4	tumour	/mnt/iribhm/homes/aste0033/projects/MPNST/scDNA/CHISEL/10X/FIT208A7/rdr.tsv
CACATTTGTACCGTGC-1	R5	10X	21	R5_4	tumour	/mnt/iribhm/homes/aste0033/projects/MPNST/scDNA/CHISEL/10X/FIT208A7/rdr.tsv
CAGAATCAGAGCTATA-1	R1	10X	21	R5_4	tumour	/mnt/iribhm/homes/aste0033/projects/MPNST/scDNA/CHISEL/10X/FIT208A3/rdr.tsv
CAGAGAGAGTGATCGG-1	R5	10X	21	R5_4	tumour	/mnt/iribhm/homes/aste0033/projects/MPNST/scDNA/CHISEL/10X/FIT208A7/rdr.tsv
CAGCAGCTCTCATCTA-1	R5	10X	21	R5_4	tumour	/mnt/iribhm/homes/aste0033/projects/MPNST/scDNA/CHISEL/10X/FIT208A7/rdr.tsv
CAGCATACAAATACGA-1	R5	10X	21	R5_4	tumour	/mnt/iribhm/homes/aste0033/projects/MPNST/scDNA/CHISEL/10X/FIT208A7/rdr.tsv
CAGCCGATCATCGGTA-1	R5	10X	21	R5_4	tumour	/mnt/iribhm/homes/aste0033/projects/MPNST/scDNA/CHISEL/10X/FIT208A7/rdr.tsv
CAGCGACTCCTTGAAG-1	R5	10X	21	R5_4	tumour	/mnt/iribhm/homes/aste0033/projects/MPNST/scDNA/CHISEL/10X/FIT208A7/rdr.tsv
CAGCTAACAGCGCCAT-1	R5	10X	21	R5_4	tumour	/mnt/iribhm/homes/aste0033/projects/MPNST/scDNA/CHISEL/10X/FIT208A7/rdr.tsv
CAGCTAAGTTCCACAA-1	R5	10X	21	R5_4	tumour	/mnt/iribhm/homes/aste0033/projects/MPNST/scDNA/CHISEL/10X/FIT208A7/rdr.tsv
CAGGTGCCACATCGAT-1	R5	10X	21	R5_4	tumour	/mnt/iribhm/homes/aste0033/projects/MPNST/scDNA/CHISEL/10X/FIT208A7/rdr.tsv
CATCAAGGTGCTGTAT-1	R5	10X	21	R5_4	tumour	/mnt/iribhm/homes/aste0033/projects/MPNST/scDNA/CHISEL/10X/FIT208A7/rdr.tsv
CATCAGATCCACTAAG-1	R5	10X	21	R5_4	tumour	/mnt/iribhm/homes/aste0033/projects/MPNST/scDNA/CHISEL/10X/FIT208A7/rdr.tsv
CATCCACAGAGTAGCC-1	R5	10X	21	R5_4	tumour	/mnt/iribhm/homes/aste0033/projects/MPNST/scDNA/CHISEL/10X/FIT208A7/rdr.tsv
CATCGAACAAGTAAGT-1	R5	10X	21	R5_4	tumour	/mnt/iribhm/homes/aste0033/projects/MPNST/scDNA/CHISEL/10X/FIT208A7/rdr.tsv
CATGGCGCAACATAAG-1	R5	10X	21	R5_4	tumour	/mnt/iribhm/homes/aste0033/projects/MPNST/scDNA/CHISEL/10X/FIT208A7/rdr.tsv
CATGGCGCACATTGGT-1	R5	10X	21	R5_4	tumour	/mnt/iribhm/homes/aste0033/projects/MPNST/scDNA/CHISEL/10X/FIT208A7/rdr.tsv
CATGGCGCACGCGATC-1	R5	10X	21	R5_4	tumour	/mnt/iribhm/homes/aste0033/projects/MPNST/scDNA/CHISEL/10X/FIT208A7/rdr.tsv
CATGGCGTCCACCTTG-1	R1	10X	21	R5_4	tumour	/mnt/iribhm/homes/aste0033/projects/MPNST/scDNA/CHISEL/10X/FIT208A3/rdr.tsv
CCAATCCTCTACGGGC-1	R5	10X	21	R5_4	tumour	/mnt/iribhm/homes/aste0033/projects/MPNST/scDNA/CHISEL/10X/FIT208A7/rdr.tsv
CCACTACCACCTTGCT-1	R5	10X	21	R5_4	tumour	/mnt/iribhm/homes/aste0033/projects/MPNST/scDNA/CHISEL/10X/FIT208A7/rdr.tsv
CCACTACCACGGCTGT-1	R5	10X	21	R5_4	tumour	/mnt/iribhm/homes/aste0033/projects/MPNST/scDNA/CHISEL/10X/FIT208A7/rdr.tsv
CCACTACTCAGGACTT-1	R5	10X	21	R5_4	tumour	/mnt/iribhm/homes/aste0033/projects/MPNST/scDNA/CHISEL/10X/FIT208A7/rdr.tsv
CCCAATCAGATTGAGT-1	R5	10X	21	R5_4	tumour	/mnt/iribhm/homes/aste0033/projects/MPNST/scDNA/CHISEL/10X/FIT208A7/rdr.tsv
CCCATACCACGTGGCT-1	R5	10X	21	R5_4	tumour	/mnt/iribhm/homes/aste0033/projects/MPNST/scDNA/CHISEL/10X/FIT208A7/rdr.tsv
CCGGGATCAACCGGAA-1	R5	10X	21	R5_4	tumour	/mnt/iribhm/homes/aste0033/projects/MPNST/scDNA/CHISEL/10X/FIT208A7/rdr.tsv
CCGTGGACACGGGATA-1	R5	10X	21	R5_4	tumour	/mnt/iribhm/homes/aste0033/projects/MPNST/scDNA/CHISEL/10X/FIT208A7/rdr.tsv
CCGTTCAGTTACTGAC-1	R5	10X	21	R5_4	tumour	/mnt/iribhm/homes/aste0033/projects/MPNST/scDNA/CHISEL/10X/FIT208A7/rdr.tsv
CCTATTAAGGGATTTA-1	R5	10X	21	R5_4	tumour	/mnt/iribhm/homes/aste0033/projects/MPNST/scDNA/CHISEL/10X/FIT208A7/rdr.tsv
CCTATTAGTCGGATGA-1	R5	10X	21	R5_4	tumour	/mnt/iribhm/homes/aste0033/projects/MPNST/scDNA/CHISEL/10X/FIT208A7/rdr.tsv
CCTTCCCAGCTAGTGG-1	R5	10X	21	R5_4	tumour	/mnt/iribhm/homes/aste0033/projects/MPNST/scDNA/CHISEL/10X/FIT208A7/rdr.tsv
CCTTCGAAGCGATCCC-1	R5	10X	21	R5_4	tumour	/mnt/iribhm/homes/aste0033/projects/MPNST/scDNA/CHISEL/10X/FIT208A7/rdr.tsv
CCTTCGAAGGCTAGAC-1	R5	10X	21	R5_4	tumour	/mnt/iribhm/homes/aste0033/projects/MPNST/scDNA/CHISEL/10X/FIT208A7/rdr.tsv
CGACTTCAGGACACCA-1	R5	10X	21	R5_4	tumour	/mnt/iribhm/homes/aste0033/projects/MPNST/scDNA/CHISEL/10X/FIT208A7/rdr.tsv
CGACTTCGTGTCCTTC-1	R1	10X	21	R5_4	tumour	/mnt/iribhm/homes/aste0033/projects/MPNST/scDNA/CHISEL/10X/FIT208A3/rdr.tsv
CGAGCCATCGCGTGGT-1	R5	10X	21	R5_4	tumour	/mnt/iribhm/homes/aste0033/projects/MPNST/scDNA/CHISEL/10X/FIT208A7/rdr.tsv
CGATGGCCACCAGTGC-1	R5	10X	21	R5_4	tumour	/mnt/iribhm/homes/aste0033/projects/MPNST/scDNA/CHISEL/10X/FIT208A7/rdr.tsv
CGATGTAAGTGCTGCC-1	R5	10X	21	R5_4	tumour	/mnt/iribhm/homes/aste0033/projects/MPNST/scDNA/CHISEL/10X/FIT208A7/rdr.tsv
CGATTGAAGAGATGAG-1	R5	10X	21	R5_4	tumour	/mnt/iribhm/homes/aste0033/projects/MPNST/scDNA/CHISEL/10X/FIT208A7/rdr.tsv
CGATTGAGTTGGGACA-1	R5	10X	21	R5_4	tumour	/mnt/iribhm/homes/aste0033/projects/MPNST/scDNA/CHISEL/10X/FIT208A7/rdr.tsv
CGCCAAGAGCTGGTCC-1	R5	10X	21	R5_4	tumour	/mnt/iribhm/homes/aste0033/projects/MPNST/scDNA/CHISEL/10X/FIT208A7/rdr.tsv
CGCGGTACAACACGTT-1	R5	10X	21	R5_4	tumour	/mnt/iribhm/homes/aste0033/projects/MPNST/scDNA/CHISEL/10X/FIT208A7/rdr.tsv
CGCGGTACAGTGTGGA-1	R5	10X	21	R5_4	tumour	/mnt/iribhm/homes/aste0033/projects/MPNST/scDNA/CHISEL/10X/FIT208A7/rdr.tsv
CGCGTTTGTGTTCCGG-1	R5	10X	21	R5_4	tumour	/mnt/iribhm/homes/aste0033/projects/MPNST/scDNA/CHISEL/10X/FIT208A7/rdr.tsv
CGCTATCTCACGCGAC-1	R5	10X	21	R5_4	tumour	/mnt/iribhm/homes/aste0033/projects/MPNST/scDNA/CHISEL/10X/FIT208A7/rdr.tsv
CGCTGGAGTTGAACAA-1	R5	10X	21	R5_4	tumour	/mnt/iribhm/homes/aste0033/projects/MPNST/scDNA/CHISEL/10X/FIT208A7/rdr.tsv
CGCTTCACATCCGTTC-1	R5	10X	21	R5_4	tumour	/mnt/iribhm/homes/aste0033/projects/MPNST/scDNA/CHISEL/10X/FIT208A7/rdr.tsv
CGGAGCTAGATCTGAA-1	R5	10X	21	R5_4	tumour	/mnt/iribhm/homes/aste0033/projects/MPNST/scDNA/CHISEL/10X/FIT208A7/rdr.tsv
CGGCTAGAGTAGTGCG-1	R5	10X	21	R5_4	tumour	/mnt/iribhm/homes/aste0033/projects/MPNST/scDNA/CHISEL/10X/FIT208A7/rdr.tsv
CGGTTAATCTCCCTAG-1	R5	10X	21	R5_4	tumour	/mnt/iribhm/homes/aste0033/projects/MPNST/scDNA/CHISEL/10X/FIT208A7/rdr.tsv
CGTAGCGCAGCGATGA-1	R5	10X	21	R5_4	tumour	/mnt/iribhm/homes/aste0033/projects/MPNST/scDNA/CHISEL/10X/FIT208A7/rdr.tsv
CGTCTACCAACCGGAA-1	R5	10X	21	R5_4	tumour	/mnt/iribhm/homes/aste0033/projects/MPNST/scDNA/CHISEL/10X/FIT208A7/rdr.tsv
CGTCTACCAAGGGATC-1	R5	10X	21	R5_4	tumour	/mnt/iribhm/homes/aste0033/projects/MPNST/scDNA/CHISEL/10X/FIT208A7/rdr.tsv
CGTGTAAGTGGATAGC-1	R5	10X	21	R5_4	tumour	/mnt/iribhm/homes/aste0033/projects/MPNST/scDNA/CHISEL/10X/FIT208A7/rdr.tsv
CGTGTCTAGCAGTCTT-1	R5	10X	21	R5_4	tumour	/mnt/iribhm/homes/aste0033/projects/MPNST/scDNA/CHISEL/10X/FIT208A7/rdr.tsv
CGTGTCTTCACTACAG-1	R5	10X	21	R5_4	tumour	/mnt/iribhm/homes/aste0033/projects/MPNST/scDNA/CHISEL/10X/FIT208A7/rdr.tsv
CGTTAGAGTCACCTGG-1	R5	10X	21	R5_4	tumour	/mnt/iribhm/homes/aste0033/projects/MPNST/scDNA/CHISEL/10X/FIT208A7/rdr.tsv
CGTTCTGAGACTTCCA-1	R5	10X	21	R5_4	tumour	/mnt/iribhm/homes/aste0033/projects/MPNST/scDNA/CHISEL/10X/FIT208A7/rdr.tsv
CGTTCTGAGCCCGTGT-1	R5	10X	21	R5_4	tumour	/mnt/iribhm/homes/aste0033/projects/MPNST/scDNA/CHISEL/10X/FIT208A7/rdr.tsv
CTAACTTTCTAACGTG-1	R5	10X	21	R5_4	tumour	/mnt/iribhm/homes/aste0033/projects/MPNST/scDNA/CHISEL/10X/FIT208A7/rdr.tsv
CTAATGGAGTGGTAAT-1	R5	10X	21	R5_4	tumour	/mnt/iribhm/homes/aste0033/projects/MPNST/scDNA/CHISEL/10X/FIT208A7/rdr.tsv
CTACACCAGGAATCGC-1	R5	10X	21	R5_4	tumour	/mnt/iribhm/homes/aste0033/projects/MPNST/scDNA/CHISEL/10X/FIT208A7/rdr.tsv
CTACACCGTACTAGGG-1	R5	10X	21	R5_4	tumour	/mnt/iribhm/homes/aste0033/projects/MPNST/scDNA/CHISEL/10X/FIT208A7/rdr.tsv
CTACATTAGGCTACGA-1	R5	10X	21	R5_4	tumour	/mnt/iribhm/homes/aste0033/projects/MPNST/scDNA/CHISEL/10X/FIT208A7/rdr.tsv
CTACATTGTTTGCCTC-1	R5	10X	21	R5_4	tumour	/mnt/iribhm/homes/aste0033/projects/MPNST/scDNA/CHISEL/10X/FIT208A7/rdr.tsv
CTACGTCAGCGTCTAT-1	R5	10X	21	R5_4	tumour	/mnt/iribhm/homes/aste0033/projects/MPNST/scDNA/CHISEL/10X/FIT208A7/rdr.tsv
CTAGAGTTCGTGTACA-1	R1	10X	21	R5_4	tumour	/mnt/iribhm/homes/aste0033/projects/MPNST/scDNA/CHISEL/10X/FIT208A3/rdr.tsv
CTAGTGAAGGAGTCTG-1	R5	10X	21	R5_4	tumour	/mnt/iribhm/homes/aste0033/projects/MPNST/scDNA/CHISEL/10X/FIT208A7/rdr.tsv
CTCACACTCTCGTGGG-1	R5	10X	21	R5_4	tumour	/mnt/iribhm/homes/aste0033/projects/MPNST/scDNA/CHISEL/10X/FIT208A7/rdr.tsv
CTCAGAATCTTGGATG-1	R5	10X	21	R5_4	tumour	/mnt/iribhm/homes/aste0033/projects/MPNST/scDNA/CHISEL/10X/FIT208A7/rdr.tsv
CTCGAGGGTTCGTCAA-1	R5	10X	21	R5_4	tumour	/mnt/iribhm/homes/aste0033/projects/MPNST/scDNA/CHISEL/10X/FIT208A7/rdr.tsv
CTCGGGAGTCGGCATC-1	R5	10X	21	R5_4	tumour	/mnt/iribhm/homes/aste0033/projects/MPNST/scDNA/CHISEL/10X/FIT208A7/rdr.tsv
CTCGTCAAGGAGTAGA-1	R5	10X	21	R5_4	tumour	/mnt/iribhm/homes/aste0033/projects/MPNST/scDNA/CHISEL/10X/FIT208A7/rdr.tsv
CTCGTCACAGTTGCCG-1	R5	10X	21	R5_4	tumour	/mnt/iribhm/homes/aste0033/projects/MPNST/scDNA/CHISEL/10X/FIT208A7/rdr.tsv
CTCTACGGTCATGGCC-1	R5	10X	21	R5_4	tumour	/mnt/iribhm/homes/aste0033/projects/MPNST/scDNA/CHISEL/10X/FIT208A7/rdr.tsv
CTCTGGTTCCCGTTGT-1	R5	10X	21	R5_4	tumour	/mnt/iribhm/homes/aste0033/projects/MPNST/scDNA/CHISEL/10X/FIT208A7/rdr.tsv
CTGAAGTTCCTACCCA-1	R5	10X	21	R5_4	tumour	/mnt/iribhm/homes/aste0033/projects/MPNST/scDNA/CHISEL/10X/FIT208A7/rdr.tsv
CTGATCCCAACGCTTA-1	R5	10X	21	R5_4	tumour	/mnt/iribhm/homes/aste0033/projects/MPNST/scDNA/CHISEL/10X/FIT208A7/rdr.tsv
CTGATCCTCATCAGCA-1	R5	10X	21	R5_4	tumour	/mnt/iribhm/homes/aste0033/projects/MPNST/scDNA/CHISEL/10X/FIT208A7/rdr.tsv
CTGCTGTGTCCGATGC-1	R5	10X	21	R5_4	tumour	/mnt/iribhm/homes/aste0033/projects/MPNST/scDNA/CHISEL/10X/FIT208A7/rdr.tsv
CTGTTTAAGAAGATTC-1	R5	10X	21	R5_4	tumour	/mnt/iribhm/homes/aste0033/projects/MPNST/scDNA/CHISEL/10X/FIT208A7/rdr.tsv
CTTACCGAGTTTCTGG-1	R5	10X	21	R5_4	tumour	/mnt/iribhm/homes/aste0033/projects/MPNST/scDNA/CHISEL/10X/FIT208A7/rdr.tsv
CTTGGCTCAACACCGC-1	R5	10X	21	R5_4	tumour	/mnt/iribhm/homes/aste0033/projects/MPNST/scDNA/CHISEL/10X/FIT208A7/rdr.tsv
CTTGGCTGTAGTTGGG-1	R5	10X	21	R5_4	tumour	/mnt/iribhm/homes/aste0033/projects/MPNST/scDNA/CHISEL/10X/FIT208A7/rdr.tsv
GAACGGAGTCAAACTC-1	R5	10X	21	R5_4	tumour	/mnt/iribhm/homes/aste0033/projects/MPNST/scDNA/CHISEL/10X/FIT208A7/rdr.tsv
GAAGCAGTCGCGGACT-1	R5	10X	21	R5_4	tumour	/mnt/iribhm/homes/aste0033/projects/MPNST/scDNA/CHISEL/10X/FIT208A7/rdr.tsv
GACCTGGCATTCGTTT-1	R5	10X	21	R5_4	tumour	/mnt/iribhm/homes/aste0033/projects/MPNST/scDNA/CHISEL/10X/FIT208A7/rdr.tsv
GACCTGGGTAAGAGAG-1	R5	10X	21	R5_4	tumour	/mnt/iribhm/homes/aste0033/projects/MPNST/scDNA/CHISEL/10X/FIT208A7/rdr.tsv
GACGCGTTCTCAGATG-1	R5	10X	21	R5_4	tumour	/mnt/iribhm/homes/aste0033/projects/MPNST/scDNA/CHISEL/10X/FIT208A7/rdr.tsv
GAGTCCGAGCCAAACG-1	R5	10X	21	R5_4	tumour	/mnt/iribhm/homes/aste0033/projects/MPNST/scDNA/CHISEL/10X/FIT208A7/rdr.tsv
GAGTCCGAGTACGATA-1	R5	10X	21	R5_4	tumour	/mnt/iribhm/homes/aste0033/projects/MPNST/scDNA/CHISEL/10X/FIT208A7/rdr.tsv
GAGTCCGCAATCCGTA-1	R5	10X	21	R5_4	tumour	/mnt/iribhm/homes/aste0033/projects/MPNST/scDNA/CHISEL/10X/FIT208A7/rdr.tsv
GATCGATAGTAGCCGA-1	R5	10X	21	R5_4	tumour	/mnt/iribhm/homes/aste0033/projects/MPNST/scDNA/CHISEL/10X/FIT208A7/rdr.tsv
GATCGATTCCACGATA-1	R5	10X	21	R5_4	tumour	/mnt/iribhm/homes/aste0033/projects/MPNST/scDNA/CHISEL/10X/FIT208A7/rdr.tsv
GATCGCGCATACTGCA-1	R5	10X	21	R5_4	tumour	/mnt/iribhm/homes/aste0033/projects/MPNST/scDNA/CHISEL/10X/FIT208A7/rdr.tsv
GATGCTACACGATCTA-1	R1	10X	21	R5_4	tumour	/mnt/iribhm/homes/aste0033/projects/MPNST/scDNA/CHISEL/10X/FIT208A3/rdr.tsv
GATGCTAGTAAGTGTA-1	R5	10X	21	R5_4	tumour	/mnt/iribhm/homes/aste0033/projects/MPNST/scDNA/CHISEL/10X/FIT208A7/rdr.tsv
GCAAACTTCTAACACG-1	R5	10X	21	R5_4	tumour	/mnt/iribhm/homes/aste0033/projects/MPNST/scDNA/CHISEL/10X/FIT208A7/rdr.tsv
GCACATAGTCGCTTCT-1	R5	10X	21	R5_4	tumour	/mnt/iribhm/homes/aste0033/projects/MPNST/scDNA/CHISEL/10X/FIT208A7/rdr.tsv
GCACTCTGTACCAACT-1	R5	10X	21	R5_4	tumour	/mnt/iribhm/homes/aste0033/projects/MPNST/scDNA/CHISEL/10X/FIT208A7/rdr.tsv
GCACTCTTCATGGGCC-1	R5	10X	21	R5_4	tumour	/mnt/iribhm/homes/aste0033/projects/MPNST/scDNA/CHISEL/10X/FIT208A7/rdr.tsv
GCAGTTACAGGGCTTC-1	R5	10X	21	R5_4	tumour	/mnt/iribhm/homes/aste0033/projects/MPNST/scDNA/CHISEL/10X/FIT208A7/rdr.tsv
GCATACACAGACAGTG-1	R5	10X	21	R5_4	tumour	/mnt/iribhm/homes/aste0033/projects/MPNST/scDNA/CHISEL/10X/FIT208A7/rdr.tsv
GCATACAGTCCATGAT-1	R5	10X	21	R5_4	tumour	/mnt/iribhm/homes/aste0033/projects/MPNST/scDNA/CHISEL/10X/FIT208A7/rdr.tsv
GCATACATCTCGTCTG-1	R5	10X	21	R5_4	tumour	/mnt/iribhm/homes/aste0033/projects/MPNST/scDNA/CHISEL/10X/FIT208A7/rdr.tsv
GCATGATCACGATAGG-1	R5	10X	21	R5_4	tumour	/mnt/iribhm/homes/aste0033/projects/MPNST/scDNA/CHISEL/10X/FIT208A7/rdr.tsv
GCATGCGCAGTGCTGC-1	R5	10X	21	R5_4	tumour	/mnt/iribhm/homes/aste0033/projects/MPNST/scDNA/CHISEL/10X/FIT208A7/rdr.tsv
GCCAAATGTTCCGTCT-1	R5	10X	21	R5_4	tumour	/mnt/iribhm/homes/aste0033/projects/MPNST/scDNA/CHISEL/10X/FIT208A7/rdr.tsv
GCGACCAGTCGGCATC-1	R5	10X	21	R5_4	tumour	/mnt/iribhm/homes/aste0033/projects/MPNST/scDNA/CHISEL/10X/FIT208A7/rdr.tsv
GCGAGAACAGGAGCAT-1	R5	10X	21	R5_4	tumour	/mnt/iribhm/homes/aste0033/projects/MPNST/scDNA/CHISEL/10X/FIT208A7/rdr.tsv
GCGCGATAGTTTCCTT-1	R5	10X	21	R5_4	tumour	/mnt/iribhm/homes/aste0033/projects/MPNST/scDNA/CHISEL/10X/FIT208A7/rdr.tsv
GCTGCTTAGACTAGGC-1	R5	10X	21	R5_4	tumour	/mnt/iribhm/homes/aste0033/projects/MPNST/scDNA/CHISEL/10X/FIT208A7/rdr.tsv
GCTTCCATCCACTGCT-1	R5	10X	21	R5_4	tumour	/mnt/iribhm/homes/aste0033/projects/MPNST/scDNA/CHISEL/10X/FIT208A7/rdr.tsv
GCTTCCATCCGTAATG-1	R5	10X	21	R5_4	tumour	/mnt/iribhm/homes/aste0033/projects/MPNST/scDNA/CHISEL/10X/FIT208A7/rdr.tsv
GCTTGAATCTCATGTT-1	R5	10X	21	R5_4	tumour	/mnt/iribhm/homes/aste0033/projects/MPNST/scDNA/CHISEL/10X/FIT208A7/rdr.tsv
GGAAAGCGTGGTAACG-1	R5	10X	21	R5_4	tumour	/mnt/iribhm/homes/aste0033/projects/MPNST/scDNA/CHISEL/10X/FIT208A7/rdr.tsv
GGACAAGCAACGCGCT-1	R5	10X	21	R5_4	tumour	/mnt/iribhm/homes/aste0033/projects/MPNST/scDNA/CHISEL/10X/FIT208A7/rdr.tsv
GGACAGAGTAGAACAT-1	R5	10X	21	R5_4	tumour	/mnt/iribhm/homes/aste0033/projects/MPNST/scDNA/CHISEL/10X/FIT208A7/rdr.tsv
GGACGTCGTTTCCGAA-1	R5	10X	21	R5_4	tumour	/mnt/iribhm/homes/aste0033/projects/MPNST/scDNA/CHISEL/10X/FIT208A7/rdr.tsv
GGAGCAATCCGTAATG-1	R5	10X	21	R5_4	tumour	/mnt/iribhm/homes/aste0033/projects/MPNST/scDNA/CHISEL/10X/FIT208A7/rdr.tsv
GGAGCAATCTTGGCCT-1	R5	10X	21	R5_4	tumour	/mnt/iribhm/homes/aste0033/projects/MPNST/scDNA/CHISEL/10X/FIT208A7/rdr.tsv
GGATGTTGTTCGATTG-1	R5	10X	21	R5_4	tumour	/mnt/iribhm/homes/aste0033/projects/MPNST/scDNA/CHISEL/10X/FIT208A7/rdr.tsv
GGATGTTTCCGCGGAT-1	R5	10X	21	R5_4	tumour	/mnt/iribhm/homes/aste0033/projects/MPNST/scDNA/CHISEL/10X/FIT208A7/rdr.tsv
GGCCGATTCCTAGACA-1	R5	10X	21	R5_4	tumour	/mnt/iribhm/homes/aste0033/projects/MPNST/scDNA/CHISEL/10X/FIT208A7/rdr.tsv
GGCTCGATCGTTATCT-1	R5	10X	21	R5_4	tumour	/mnt/iribhm/homes/aste0033/projects/MPNST/scDNA/CHISEL/10X/FIT208A7/rdr.tsv
GGCTGGTCATGGCTAT-1	R5	10X	21	R5_4	tumour	/mnt/iribhm/homes/aste0033/projects/MPNST/scDNA/CHISEL/10X/FIT208A7/rdr.tsv
GGCTGGTTCCGTTCAC-1	R5	10X	21	R5_4	tumour	/mnt/iribhm/homes/aste0033/projects/MPNST/scDNA/CHISEL/10X/FIT208A7/rdr.tsv
GGGAATGGTACCGTGC-1	R5	10X	21	R5_4	tumour	/mnt/iribhm/homes/aste0033/projects/MPNST/scDNA/CHISEL/10X/FIT208A7/rdr.tsv
GGGTCTGAGTTTCTGG-1	R5	10X	21	R5_4	tumour	/mnt/iribhm/homes/aste0033/projects/MPNST/scDNA/CHISEL/10X/FIT208A7/rdr.tsv
GGGTCTGTCTGCACTC-1	R5	10X	21	R5_4	tumour	/mnt/iribhm/homes/aste0033/projects/MPNST/scDNA/CHISEL/10X/FIT208A7/rdr.tsv
GGTGAAGTCCGCGAGT-1	R5	10X	21	R5_4	tumour	/mnt/iribhm/homes/aste0033/projects/MPNST/scDNA/CHISEL/10X/FIT208A7/rdr.tsv
GTACGTATCAGAAACA-1	R5	10X	21	R5_4	tumour	/mnt/iribhm/homes/aste0033/projects/MPNST/scDNA/CHISEL/10X/FIT208A7/rdr.tsv
GTACTTTAGCCTATGT-1	R5	10X	21	R5_4	tumour	/mnt/iribhm/homes/aste0033/projects/MPNST/scDNA/CHISEL/10X/FIT208A7/rdr.tsv
GTACTTTGTCTAACGT-1	R5	10X	21	R5_4	tumour	/mnt/iribhm/homes/aste0033/projects/MPNST/scDNA/CHISEL/10X/FIT208A7/rdr.tsv
GTAGGCCGTACCTAGT-1	R5	10X	21	R5_4	tumour	/mnt/iribhm/homes/aste0033/projects/MPNST/scDNA/CHISEL/10X/FIT208A7/rdr.tsv
GTAGTCACATTATCCT-1	R5	10X	21	R5_4	tumour	/mnt/iribhm/homes/aste0033/projects/MPNST/scDNA/CHISEL/10X/FIT208A7/rdr.tsv
GTATCTTCAAATTCCG-1	R5	10X	21	R5_4	tumour	/mnt/iribhm/homes/aste0033/projects/MPNST/scDNA/CHISEL/10X/FIT208A7/rdr.tsv
GTCAAGTCAACCTAGT-1	R5	10X	21	R5_4	tumour	/mnt/iribhm/homes/aste0033/projects/MPNST/scDNA/CHISEL/10X/FIT208A7/rdr.tsv
GTCGGGTGTTGGCGTC-1	R5	10X	21	R5_4	tumour	/mnt/iribhm/homes/aste0033/projects/MPNST/scDNA/CHISEL/10X/FIT208A7/rdr.tsv
GTCTTCGAGGTGTGCA-1	R5	10X	21	R5_4	tumour	/mnt/iribhm/homes/aste0033/projects/MPNST/scDNA/CHISEL/10X/FIT208A7/rdr.tsv
GTCTTCGGTTCCCTAC-1	R5	10X	21	R5_4	tumour	/mnt/iribhm/homes/aste0033/projects/MPNST/scDNA/CHISEL/10X/FIT208A7/rdr.tsv
GTGCATAGTAAGAAGG-1	R5	10X	21	R5_4	tumour	/mnt/iribhm/homes/aste0033/projects/MPNST/scDNA/CHISEL/10X/FIT208A7/rdr.tsv
GTGCTTCGTGAGCTCC-1	R5	10X	21	R5_4	tumour	/mnt/iribhm/homes/aste0033/projects/MPNST/scDNA/CHISEL/10X/FIT208A7/rdr.tsv
GTGTTAGGTATACACC-1	R5	10X	21	R5_4	tumour	/mnt/iribhm/homes/aste0033/projects/MPNST/scDNA/CHISEL/10X/FIT208A7/rdr.tsv
GTTAAGCTCCGCTGGA-1	R5	10X	21	R5_4	tumour	/mnt/iribhm/homes/aste0033/projects/MPNST/scDNA/CHISEL/10X/FIT208A7/rdr.tsv
GTTCATTCAATGGGAC-1	R5	10X	21	R5_4	tumour	/mnt/iribhm/homes/aste0033/projects/MPNST/scDNA/CHISEL/10X/FIT208A7/rdr.tsv
GTTCGGGAGTAGCGGT-1	R5	10X	21	R5_4	tumour	/mnt/iribhm/homes/aste0033/projects/MPNST/scDNA/CHISEL/10X/FIT208A7/rdr.tsv
GTTCTCGGTGTCAACT-1	R5	10X	21	R5_4	tumour	/mnt/iribhm/homes/aste0033/projects/MPNST/scDNA/CHISEL/10X/FIT208A7/rdr.tsv
GTTCTCGGTGTGTATC-1	R5	10X	21	R5_4	tumour	/mnt/iribhm/homes/aste0033/projects/MPNST/scDNA/CHISEL/10X/FIT208A7/rdr.tsv
TACACGAAGATGCGAC-1	R1	10X	21	R5_4	tumour	/mnt/iribhm/homes/aste0033/projects/MPNST/scDNA/CHISEL/10X/FIT208A3/rdr.tsv
TACACGACAACACGTT-1	R5	10X	21	R5_4	tumour	/mnt/iribhm/homes/aste0033/projects/MPNST/scDNA/CHISEL/10X/FIT208A7/rdr.tsv
TACTCATGTTTCCTGC-1	R5	10X	21	R5_4	tumour	/mnt/iribhm/homes/aste0033/projects/MPNST/scDNA/CHISEL/10X/FIT208A7/rdr.tsv
TACTCGCAGGGATTTA-1	R5	10X	21	R5_4	tumour	/mnt/iribhm/homes/aste0033/projects/MPNST/scDNA/CHISEL/10X/FIT208A7/rdr.tsv
TACTCGCCAAGTGCAG-1	R5	10X	21	R5_4	tumour	/mnt/iribhm/homes/aste0033/projects/MPNST/scDNA/CHISEL/10X/FIT208A7/rdr.tsv
TACTTGTCACAGACCC-1	R5	10X	21	R5_4	tumour	/mnt/iribhm/homes/aste0033/projects/MPNST/scDNA/CHISEL/10X/FIT208A7/rdr.tsv
TACTTGTTCTTGGCCT-1	R5	10X	21	R5_4	tumour	/mnt/iribhm/homes/aste0033/projects/MPNST/scDNA/CHISEL/10X/FIT208A7/rdr.tsv
TAGACCAAGTACGCGA-1	R5	10X	21	R5_4	tumour	/mnt/iribhm/homes/aste0033/projects/MPNST/scDNA/CHISEL/10X/FIT208A7/rdr.tsv
TAGACCAAGTAGGTGC-1	R5	10X	21	R5_4	tumour	/mnt/iribhm/homes/aste0033/projects/MPNST/scDNA/CHISEL/10X/FIT208A7/rdr.tsv
TAGACCAGTTCGAGCC-1	R5	10X	21	R5_4	tumour	/mnt/iribhm/homes/aste0033/projects/MPNST/scDNA/CHISEL/10X/FIT208A7/rdr.tsv
TAGAGCTAGTCTAGCT-1	R5	10X	21	R5_4	tumour	/mnt/iribhm/homes/aste0033/projects/MPNST/scDNA/CHISEL/10X/FIT208A7/rdr.tsv
TAGCCGGGTACTAGGG-1	R5	10X	21	R5_4	tumour	/mnt/iribhm/homes/aste0033/projects/MPNST/scDNA/CHISEL/10X/FIT208A7/rdr.tsv
TAGCCGGTCTTTCGCG-1	R5	10X	21	R5_4	tumour	/mnt/iribhm/homes/aste0033/projects/MPNST/scDNA/CHISEL/10X/FIT208A7/rdr.tsv
TATCTCAAGCGCCTCA-1	R5	10X	21	R5_4	tumour	/mnt/iribhm/homes/aste0033/projects/MPNST/scDNA/CHISEL/10X/FIT208A7/rdr.tsv
TATCTCATCCTTGAAG-1	R5	10X	21	R5_4	tumour	/mnt/iribhm/homes/aste0033/projects/MPNST/scDNA/CHISEL/10X/FIT208A7/rdr.tsv
TATTACCAGTCTAGCT-1	R5	10X	21	R5_4	tumour	/mnt/iribhm/homes/aste0033/projects/MPNST/scDNA/CHISEL/10X/FIT208A7/rdr.tsv
TCAATCTCATGTAGCT-1	R5	10X	21	R5_4	tumour	/mnt/iribhm/homes/aste0033/projects/MPNST/scDNA/CHISEL/10X/FIT208A7/rdr.tsv
TCACAAGGTATATGAG-1	R5	10X	21	R5_4	tumour	/mnt/iribhm/homes/aste0033/projects/MPNST/scDNA/CHISEL/10X/FIT208A7/rdr.tsv
TCAGATGTCGAAGCGA-1	R5	10X	21	R5_4	tumour	/mnt/iribhm/homes/aste0033/projects/MPNST/scDNA/CHISEL/10X/FIT208A7/rdr.tsv
TCAGCTCAGGCCCGTT-1	R5	10X	21	R5_4	tumour	/mnt/iribhm/homes/aste0033/projects/MPNST/scDNA/CHISEL/10X/FIT208A7/rdr.tsv
TCAGGATTCACGCTCT-1	R5	10X	21	R5_4	tumour	/mnt/iribhm/homes/aste0033/projects/MPNST/scDNA/CHISEL/10X/FIT208A7/rdr.tsv
TCAGGTAGTGACCCGT-1	R5	10X	21	R5_4	tumour	/mnt/iribhm/homes/aste0033/projects/MPNST/scDNA/CHISEL/10X/FIT208A7/rdr.tsv
TCAGGTATCATCTTTG-1	R5	10X	21	R5_4	tumour	/mnt/iribhm/homes/aste0033/projects/MPNST/scDNA/CHISEL/10X/FIT208A7/rdr.tsv
TCATTACTCGGAATGG-1	R5	10X	21	R5_4	tumour	/mnt/iribhm/homes/aste0033/projects/MPNST/scDNA/CHISEL/10X/FIT208A7/rdr.tsv
TCATTTGAGAACAATC-1	R5	10X	21	R5_4	tumour	/mnt/iribhm/homes/aste0033/projects/MPNST/scDNA/CHISEL/10X/FIT208A7/rdr.tsv
TCCACACTCTGTCGAA-1	R5	10X	21	R5_4	tumour	/mnt/iribhm/homes/aste0033/projects/MPNST/scDNA/CHISEL/10X/FIT208A7/rdr.tsv
TCGAGGCAGACCTTTG-1	R5	10X	21	R5_4	tumour	/mnt/iribhm/homes/aste0033/projects/MPNST/scDNA/CHISEL/10X/FIT208A7/rdr.tsv
TCGAGGCAGGTGTGGT-1	R5	10X	21	R5_4	tumour	/mnt/iribhm/homes/aste0033/projects/MPNST/scDNA/CHISEL/10X/FIT208A7/rdr.tsv
TCGCGTTCAGTGAATA-1	R5	10X	21	R5_4	tumour	/mnt/iribhm/homes/aste0033/projects/MPNST/scDNA/CHISEL/10X/FIT208A7/rdr.tsv
TCGGGACAGCTGTCTA-1	R1	10X	21	R5_4	tumour	/mnt/iribhm/homes/aste0033/projects/MPNST/scDNA/CHISEL/10X/FIT208A3/rdr.tsv
TCGGTAACAATTAAGG-1	R5	10X	21	R5_4	tumour	/mnt/iribhm/homes/aste0033/projects/MPNST/scDNA/CHISEL/10X/FIT208A7/rdr.tsv
TCGTACCAGAAGGTGA-1	R5	10X	21	R5_4	tumour	/mnt/iribhm/homes/aste0033/projects/MPNST/scDNA/CHISEL/10X/FIT208A7/rdr.tsv
TCTATTGGTCTTACCC-1	R5	10X	21	R5_4	tumour	/mnt/iribhm/homes/aste0033/projects/MPNST/scDNA/CHISEL/10X/FIT208A7/rdr.tsv
TCTCTAATCTCCCTAG-1	R5	10X	21	R5_4	tumour	/mnt/iribhm/homes/aste0033/projects/MPNST/scDNA/CHISEL/10X/FIT208A7/rdr.tsv
TCTTCGGGTGTAATGA-1	R5	10X	21	R5_4	tumour	/mnt/iribhm/homes/aste0033/projects/MPNST/scDNA/CHISEL/10X/FIT208A7/rdr.tsv
TCTTCGGGTGTCAACT-1	R5	10X	21	R5_4	tumour	/mnt/iribhm/homes/aste0033/projects/MPNST/scDNA/CHISEL/10X/FIT208A7/rdr.tsv
TCTTTCCGTGAGTCAG-1	R5	10X	21	R5_4	tumour	/mnt/iribhm/homes/aste0033/projects/MPNST/scDNA/CHISEL/10X/FIT208A7/rdr.tsv
TGACGGCGTCTGCCAG-1	R5	10X	21	R5_4	tumour	/mnt/iribhm/homes/aste0033/projects/MPNST/scDNA/CHISEL/10X/FIT208A7/rdr.tsv
TGACGGCTCCTTGCAC-1	R5	10X	21	R5_4	tumour	/mnt/iribhm/homes/aste0033/projects/MPNST/scDNA/CHISEL/10X/FIT208A7/rdr.tsv
TGACTAGCAACTGGAG-1	R5	10X	21	R5_4	tumour	/mnt/iribhm/homes/aste0033/projects/MPNST/scDNA/CHISEL/10X/FIT208A7/rdr.tsv
TGACTTTAGGAGTACC-1	R1	10X	21	R5_4	tumour	/mnt/iribhm/homes/aste0033/projects/MPNST/scDNA/CHISEL/10X/FIT208A3/rdr.tsv
TGACTTTCAAGAGAGA-1	R5	10X	21	R5_4	tumour	/mnt/iribhm/homes/aste0033/projects/MPNST/scDNA/CHISEL/10X/FIT208A7/rdr.tsv
TGAGCCGGTAACGTGG-1	R5	10X	21	R5_4	tumour	/mnt/iribhm/homes/aste0033/projects/MPNST/scDNA/CHISEL/10X/FIT208A7/rdr.tsv
TGATTTCTCACGACGC-1	R5	10X	21	R5_4	tumour	/mnt/iribhm/homes/aste0033/projects/MPNST/scDNA/CHISEL/10X/FIT208A7/rdr.tsv
TGCCAAAAGGTGTGTG-1	R5	10X	21	R5_4	tumour	/mnt/iribhm/homes/aste0033/projects/MPNST/scDNA/CHISEL/10X/FIT208A7/rdr.tsv
TGCCAAAGTACTGTTG-1	R5	10X	21	R5_4	tumour	/mnt/iribhm/homes/aste0033/projects/MPNST/scDNA/CHISEL/10X/FIT208A7/rdr.tsv
TGCGCAGAGTCGACTT-1	R5	10X	21	R5_4	tumour	/mnt/iribhm/homes/aste0033/projects/MPNST/scDNA/CHISEL/10X/FIT208A7/rdr.tsv
TGCGGGTCAGATCCCG-1	R5	10X	21	R5_4	tumour	/mnt/iribhm/homes/aste0033/projects/MPNST/scDNA/CHISEL/10X/FIT208A7/rdr.tsv
TGCGGGTGTCCAGCCA-1	R5	10X	21	R5_4	tumour	/mnt/iribhm/homes/aste0033/projects/MPNST/scDNA/CHISEL/10X/FIT208A7/rdr.tsv
TGCTACCCACTTTCCG-1	R5	10X	21	R5_4	tumour	/mnt/iribhm/homes/aste0033/projects/MPNST/scDNA/CHISEL/10X/FIT208A7/rdr.tsv
TGCTACCTCGTTAAGC-1	R5	10X	21	R5_4	tumour	/mnt/iribhm/homes/aste0033/projects/MPNST/scDNA/CHISEL/10X/FIT208A7/rdr.tsv
TGCTGCTAGAAGGACA-1	R5	10X	21	R5_4	tumour	/mnt/iribhm/homes/aste0033/projects/MPNST/scDNA/CHISEL/10X/FIT208A7/rdr.tsv
TGCTGCTCACGAGCTC-1	R5	10X	21	R5_4	tumour	/mnt/iribhm/homes/aste0033/projects/MPNST/scDNA/CHISEL/10X/FIT208A7/rdr.tsv
TGCTGCTCACGATCTA-1	R5	10X	21	R5_4	tumour	/mnt/iribhm/homes/aste0033/projects/MPNST/scDNA/CHISEL/10X/FIT208A7/rdr.tsv
TGGACGCAGTGGGCTA-1	R5	10X	21	R5_4	tumour	/mnt/iribhm/homes/aste0033/projects/MPNST/scDNA/CHISEL/10X/FIT208A7/rdr.tsv
TGGCCAGGTTATGTGC-1	R5	10X	21	R5_4	tumour	/mnt/iribhm/homes/aste0033/projects/MPNST/scDNA/CHISEL/10X/FIT208A7/rdr.tsv
TGGCTGGGTCACCGCA-1	R5	10X	21	R5_4	tumour	/mnt/iribhm/homes/aste0033/projects/MPNST/scDNA/CHISEL/10X/FIT208A7/rdr.tsv
TGGGCGTGTATTCGTG-1	R5	10X	21	R5_4	tumour	/mnt/iribhm/homes/aste0033/projects/MPNST/scDNA/CHISEL/10X/FIT208A7/rdr.tsv
TGTGGTAAGACGCTTT-1	R5	10X	21	R5_4	tumour	/mnt/iribhm/homes/aste0033/projects/MPNST/scDNA/CHISEL/10X/FIT208A7/rdr.tsv
TTATGCTTCTTGGCCT-1	R5	10X	21	R5_4	tumour	/mnt/iribhm/homes/aste0033/projects/MPNST/scDNA/CHISEL/10X/FIT208A7/rdr.tsv
TTCGAAGAGGACAGAA-1	R5	10X	21	R5_4	tumour	/mnt/iribhm/homes/aste0033/projects/MPNST/scDNA/CHISEL/10X/FIT208A7/rdr.tsv
TTCGAAGGTAGTCTGT-1	R1	10X	21	R5_4	tumour	/mnt/iribhm/homes/aste0033/projects/MPNST/scDNA/CHISEL/10X/FIT208A3/rdr.tsv
TTCGGTCTCGGAGAAC-1	R5	10X	21	R5_4	tumour	/mnt/iribhm/homes/aste0033/projects/MPNST/scDNA/CHISEL/10X/FIT208A7/rdr.tsv
TTCTACACAGAGGCAT-1	R5	10X	21	R5_4	tumour	/mnt/iribhm/homes/aste0033/projects/MPNST/scDNA/CHISEL/10X/FIT208A7/rdr.tsv
TTCTACAGTCTTACCC-1	R5	10X	21	R5_4	tumour	/mnt/iribhm/homes/aste0033/projects/MPNST/scDNA/CHISEL/10X/FIT208A7/rdr.tsv
TTCTCCTCACCCGTTT-1	R5	10X	21	R5_4	tumour	/mnt/iribhm/homes/aste0033/projects/MPNST/scDNA/CHISEL/10X/FIT208A7/rdr.tsv
TTCTCCTTCTAAGGAA-1	R5	10X	21	R5_4	tumour	/mnt/iribhm/homes/aste0033/projects/MPNST/scDNA/CHISEL/10X/FIT208A7/rdr.tsv
TTGAACGAGTCCATAC-1	R5	10X	21	R5_4	tumour	/mnt/iribhm/homes/aste0033/projects/MPNST/scDNA/CHISEL/10X/FIT208A7/rdr.tsv
TTTACTGAGGCACATG-1	R5	10X	21	R5_4	tumour	/mnt/iribhm/homes/aste0033/projects/MPNST/scDNA/CHISEL/10X/FIT208A7/rdr.tsv
TTTGCGCCATTTCGTT-1	R5	10X	21	R5_4	tumour	/mnt/iribhm/homes/aste0033/projects/MPNST/scDNA/CHISEL/10X/FIT208A7/rdr.tsv
TTTGTCACACTACGTA-1	R5	10X	21	R5_4	tumour	/mnt/iribhm/homes/aste0033/projects/MPNST/scDNA/CHISEL/10X/FIT208A7/rdr.tsv
TTTGTCATCTCAGTTT-1	R5	10X	21	R5_4	tumour	/mnt/iribhm/homes/aste0033/projects/MPNST/scDNA/CHISEL/10X/FIT208A7/rdr.tsv
LES4677A1_124574_21x_13y	R1	DLP	21	R5_4	tumour	/srv/home/aste0033/projects/MPNST/scDNA/CHISEL/DLPp/R1/rdr.tsv
LES4677A1_124574_25x_23y	R1	DLP	21	R5_4	tumour	/srv/home/aste0033/projects/MPNST/scDNA/CHISEL/DLPp/R1/rdr.tsv
LES4677A1_124574_37x_17y	R1	DLP	21	R5_4	tumour	/srv/home/aste0033/projects/MPNST/scDNA/CHISEL/DLPp/R1/rdr.tsv
LES4677A4_124668_16x_42y	R5	DLP	21	R5_4	tumour	/srv/home/aste0033/projects/MPNST/scDNA/CHISEL/DLPp/R5/rdr.tsv
LES4677A4_124668_18x_48y	R5	DLP	21	R5_4	tumour	/srv/home/aste0033/projects/MPNST/scDNA/CHISEL/DLPp/R5/rdr.tsv
LES4677A4_124668_19x_46y	R5	DLP	21	R5_4	tumour	/srv/home/aste0033/projects/MPNST/scDNA/CHISEL/DLPp/R5/rdr.tsv
LES4677A4_124668_20x_49y	R5	DLP	21	R5_4	tumour	/srv/home/aste0033/projects/MPNST/scDNA/CHISEL/DLPp/R5/rdr.tsv
LES4677A4_124668_22x_39y	R5	DLP	21	R5_4	tumour	/srv/home/aste0033/projects/MPNST/scDNA/CHISEL/DLPp/R5/rdr.tsv
LES4677A4_124668_35x_43y	R5	DLP	21	R5_4	tumour	/srv/home/aste0033/projects/MPNST/scDNA/CHISEL/DLPp/R5/rdr.tsv
LES4677A4_124668_36x_40y	R5	DLP	21	R5_4	tumour	/srv/home/aste0033/projects/MPNST/scDNA/CHISEL/DLPp/R5/rdr.tsv
LES4677A4_124668_37x_48y	R5	DLP	21	R5_4	tumour	/srv/home/aste0033/projects/MPNST/scDNA/CHISEL/DLPp/R5/rdr.tsv
LES4677A4_124668_39x_43y	R5	DLP	21	R5_4	tumour	/srv/home/aste0033/projects/MPNST/scDNA/CHISEL/DLPp/R5/rdr.tsv
LES4677A4_124668_44x_48y	R5	DLP	21	R5_4	tumour	/srv/home/aste0033/projects/MPNST/scDNA/CHISEL/DLPp/R5/rdr.tsv
LES4677A4_124668_54x_52y	R5	DLP	21	R5_4	tumour	/srv/home/aste0033/projects/MPNST/scDNA/CHISEL/DLPp/R5/rdr.tsv
LES4677A4_124668_54x_57y	R5	DLP	21	R5_4	tumour	/srv/home/aste0033/projects/MPNST/scDNA/CHISEL/DLPp/R5/rdr.tsv
LES4677A4_124668_56x_60y	R5	DLP	21	R5_4	tumour	/srv/home/aste0033/projects/MPNST/scDNA/CHISEL/DLPp/R5/rdr.tsv
LES4677A4_124668_56x_61y	R5	DLP	21	R5_4	tumour	/srv/home/aste0033/projects/MPNST/scDNA/CHISEL/DLPp/R5/rdr.tsv
LES4677A4_124668_58x_43y	R5	DLP	21	R5_4	tumour	/srv/home/aste0033/projects/MPNST/scDNA/CHISEL/DLPp/R5/rdr.tsv
LES4677A4_124668_58x_53y	R5	DLP	21	R5_4	tumour	/srv/home/aste0033/projects/MPNST/scDNA/CHISEL/DLPp/R5/rdr.tsv
AAGGCAGTCTCCAGCT-1	R2	10X	18	unassigned	tumour	/mnt/iribhm/homes/aste0033/projects/MPNST/scDNA/CHISEL/10X/FIT208A4/rdr.tsv
CCTATTAGTCATCTGA-1	P	10X	18	unassigned	tumour	/mnt/iribhm/homes/aste0033/projects/MPNST/scDNA/CHISEL/10X/FIT208A8/rdr.tsv
TGCACCTGTACAACGG-1	R2	10X	18	unassigned	tumour	/mnt/iribhm/homes/aste0033/projects/MPNST/scDNA/CHISEL/10X/FIT208A4/rdr.tsv
LES4677A1_124574_27x_42y	R2	DLP	18	unassigned	tumour	/srv/home/aste0033/projects/MPNST/scDNA/CHISEL/DLPp/R2/rdr.tsv
LES4677A1_124574_35x_38y	R2	DLP	18	unassigned	tumour	/srv/home/aste0033/projects/MPNST/scDNA/CHISEL/DLPp/R2/rdr.tsv
LES4677A2_124576_33x_42y	R3	DLP	4	unassigned	tumour	/srv/home/aste0033/projects/MPNST/scDNA/CHISEL/DLPp/R3/rdr.tsv
